Task completion: INCOMPLETE

4 obligation(s) with non-discriminating test evidence (labels-from-running-tests, fixed-operator-mutants-on-bugsinpy-projects, sandbox-tests-run-in-existing-sandbox, bugs-in-py-pinned-rebuild-determinism).

Obligations:

  1. Build a set of labelled cases for the judgement "would this test fail if this defect were present?"
       requirements: task-01
       code evidence: not required — The requirement asks for a test-oriented labelled case set, so the obligation is satisfied by the presence of the test cases themselves rather than by source code behavior.
       test evidence: indeterminate — no way this change could fail the criterion was enumerated for it  [tier: static]
         (no mapped test)

  2. Every label comes from actually running the test against the defect rather than from a model.
       requirements: task-01
       code evidence: addressed
         2.1  src/acceptance/benchmark/mutants/build.py#@@ -0,0 +1,356 @@
         2.2  src/acceptance/benchmark/mutants/labels.py#@@ -0,0 +1,181 @@
         2.3  docs/experiments/372-mutant-labels/README.md#@@ -0,0 +1,70 @@
       test evidence: partially supported — kills 1 of 2 enumerated defects (static prediction)  [tier: static]
         2.4  tests/benchmark/test_mutant_labels.py::test_the_build_labels_every_usable_test_against_every_mutant
         recommended test: The labelled cases are produced by executing the test against the defect, and each label is grounded in that run rather than model-generated.
           inputs:  Construct a fake sandbox run where at least one mutant/test pair returns an incomplete outcome (neither passed nor failed, e.g. error/timeout/skip) while other pairs complete normally, then build labels for that bug.
           detects: A mutant/test pair that does not complete could still be turned into a labelled case, so the file would contain labels for runs that never actually produced an outcome.
           full detail: acceptance recommendation --criterion labels-from-running-tests

  3. The defects are fixed-operator mutants on BugsInPy projects.
       requirements: task-02
       code evidence: addressed
         3.1  src/acceptance/benchmark/mutants/pinned_bugs.json#@@ -0,0 +1,119 @@
         3.2  src/acceptance/benchmark/mutants/bugsinpy.py#@@ -0,0 +1,170 @@
         3.3  src/acceptance/benchmark/mutants/operators.py#@@ -0,0 +1,304 @@
         3.4  docs/experiments/372-mutant-labels/README.md#@@ -0,0 +1,70 @@
       test evidence: partially supported — kills 2 of 3 enumerated defects (static prediction)  [tier: static]
         3.5  tests/benchmark/test_mutant_labels.py::test_a_utf8_line_is_spliced_at_the_right_bytes
         3.6  tests/benchmark/test_mutant_labels.py::test_every_operator_edits_only_the_requested_lines_and_still_parses
         recommended test: The defect cases are limited to fixed-operator mutants in BugsInPy projects, with each defect represented as one small mechanical edit such as flipping a comparison or changing a constant.
           inputs:  Use a prepared bug whose patch touches one source file inside the project and include a decoy Python file outside the project tree or under a test-only path; then build mutants from that bug and inspect every emitted case/edit path.
           detects: The build can include cases from code that is not actually part of the pinned BugsInPy projects, so the defect set would not stay limited to BugsInPy projects.
           full detail: acceptance recommendation --criterion fixed-operator-mutants-on-bugsinpy-projects

  4. The defect is represented as one small mechanical edit, such as flipping a comparison or changing a constant, and that edit is the defect itself.
       requirements: task-02
       code evidence: addressed
         4.1  src/acceptance/benchmark/mutants/operators.py#@@ -0,0 +1,304 @@
         4.2  src/acceptance/benchmark/mutants/labels.py#@@ -0,0 +1,181 @@
       test evidence: strongly supported — kills 3 of 3 enumerated defects (static prediction)  [tier: static]
         4.3  tests/benchmark/test_mutant_labels.py::test_the_description_quotes_the_exact_edit

  5. The defect description cannot misdescribe what was injected; it must match the exact edit applied.
       requirements: task-02
       code evidence: addressed
         5.1  src/acceptance/benchmark/mutants/operators.py#@@ -0,0 +1,304 @@
       test evidence: strongly supported — kills 3 of 3 enumerated defects (static prediction)  [tier: static]
         5.2  tests/benchmark/test_mutant_labels.py::test_the_build_labels_every_usable_test_against_every_mutant
         5.3  tests/benchmark/test_mutant_labels.py::test_the_description_quotes_the_exact_edit

  6. Each case holds the requirement text the test is meant to check.
       requirements: task-02
       code evidence: addressed
         6.1  src/acceptance/benchmark/mutants/labels.py#@@ -0,0 +1,181 @@
         6.2  src/acceptance/benchmark/mutants/build.py#@@ -0,0 +1,356 @@
         6.3  src/acceptance/benchmark/mutants/prepare.py#@@ -0,0 +1,169 @@
       test evidence: strongly supported — kills 3 of 3 enumerated defects (static prediction)  [tier: static]
         6.4  tests/benchmark/test_mutant_labels.py::test_loader_reads_the_synthetic_fixture_into_typed_cases
         6.5  tests/benchmark/test_mutant_labels.py::test_the_build_labels_every_usable_test_against_every_mutant

  7. The test's source is included as the required content for this requirement.
       requirements: task-02
       code evidence: addressed
         7.1  src/acceptance/benchmark/mutants/labels.py#@@ -0,0 +1,181 @@
         7.2  src/acceptance/benchmark/mutants/build.py#@@ -0,0 +1,356 @@
       test evidence: not required — This requirement is about including a specific source field in the output, which is settled by the produced data rather than by runtime behavior or a separate test.

  8. The response includes the implementation hunk the defect was injected into.
       requirements: task-02
       code evidence: addressed
         8.1  src/acceptance/benchmark/mutants/labels.py#@@ -0,0 +1,181 @@
         8.2  src/acceptance/benchmark/mutants/build.py#@@ -0,0 +1,356 @@
         8.3  src/acceptance/benchmark/mutants/operators.py#@@ -0,0 +1,304 @@
       test evidence: strongly supported — kills 1 of 1 enumerated defects (static prediction)  [tier: static]
         8.4  tests/benchmark/test_mutant_labels.py::test_the_build_labels_every_usable_test_against_every_mutant

  9. Provide a text description of the defect.
       requirements: task-02
       code evidence: addressed
         9.1  src/acceptance/benchmark/mutants/labels.py#@@ -0,0 +1,181 @@
         9.2  src/acceptance/benchmark/mutants/operators.py#@@ -0,0 +1,304 @@
       test evidence: not required — This requirement is satisfied by the presence of the defect description text itself; no runtime or test evidence is needed.

  10. State the exact edit applied.
       requirements: task-02
       code evidence: addressed
         10.1  src/acceptance/benchmark/mutants/labels.py#@@ -0,0 +1,181 @@
         10.2  src/acceptance/benchmark/mutants/build.py#@@ -0,0 +1,356 @@
         10.3  src/acceptance/benchmark/mutants/operators.py#@@ -0,0 +1,304 @@
       test evidence: not required — This requirement is satisfied by the presence of the exact edit text itself; no test can independently demonstrate that the edit was recorded correctly.

  11. Record whether the test failed with the edit in place.
       requirements: task-02
       code evidence: addressed
         11.1  src/acceptance/benchmark/mutants/labels.py#@@ -0,0 +1,181 @@
         11.2  src/acceptance/benchmark/mutants/build.py#@@ -0,0 +1,356 @@
       test evidence: indeterminate — kills 0 of 3 enumerated defects (static prediction)  [tier: static]
         (no mapped test)
         recommended test: The case includes a test-failure status for the edit-in-place run.
           inputs:  Create a label file or built case where the run outcome is a failure status value that is not equivalent to a simple killed/survived boolean, then verify the serialized case preserves that status rather than collapsing it to `killed`.
           detects: The recorded outcome is shaped as a killed/survived label rather than a test-failure status for the edit-in-place run.
           full detail: acceptance recommendation --criterion test-failure-status-recorded

  12. Tests run in the existing sandbox (`src/acceptance/execution/sandbox.py`).
       requirements: task-03
       code evidence: addressed
         12.1  src/acceptance/benchmark/mutants/build.py#@@ -0,0 +1,356 @@
         12.2  src/acceptance/benchmark/mutants/__main__.py#@@ -0,0 +1,69 @@
         12.3  docs/experiments/372-mutant-labels/README.md#@@ -0,0 +1,70 @@
       test evidence: partially supported — kills 1 of 2 enumerated defects (static prediction)  [tier: static]
         12.4  tests/benchmark/test_mutant_labels.py::test_nothing_runs_inside_the_prepared_checkout
         recommended test: Acceptance tests execute through the sandbox implementation in `src/acceptance/execution/sandbox.py`.
           inputs:  Invoke the `sample` and `report` commands through `python -m acceptance.benchmark.mutants` with a prepared label root, while instrumenting the sandbox layer or command path so the test can detect whether any sandbox execution path is exercised.
           detects: The sample/report commands load or summarize labels without any execution path that proves tests were run in the existing sandbox, so the criterion can be missed on those delivered paths.
           full detail: acceptance recommendation --criterion sandbox-tests-run-in-existing-sandbox

  13. A test that already fails on the unmutated code is set aside rather than labelled.
       requirements: task-03
       code evidence: addressed
         13.1  src/acceptance/benchmark/mutants/build.py#@@ -0,0 +1,356 @@
         13.2  src/acceptance/benchmark/mutants/labels.py#@@ -0,0 +1,181 @@
         13.3  tests/benchmark/test_mutant_labels.py#@@ -0,0 +1,486 @@
       test evidence: strongly supported — kills 3 of 3 enumerated defects (static prediction)  [tier: static]
         13.4  tests/benchmark/test_mutant_labels.py::test_a_red_test_is_set_aside_and_never_labelled

  14. Some survivors are not evidence of a weak test.
       requirements: task-04
       code evidence: not required — This is a judgment about how to interpret survivors in context, which the repository alone cannot settle.
       test evidence: not required — This is a judgment about how to interpret survivors in context, which the repository alone cannot settle.

  15. The build draws a random sample of survivors for a person to check.
       requirements: task-04
       code evidence: addressed
         15.1  src/acceptance/benchmark/mutants/survivors.py#@@ -0,0 +1,128 @@
         15.2  src/acceptance/benchmark/mutants/__main__.py#@@ -0,0 +1,69 @@
         15.3  docs/experiments/372-mutant-labels/FINDINGS.md#@@ -0,0 +1,33 @@
         15.4  docs/experiments/372-mutant-labels/findings.json#@@ -0,0 +1,52 @@
       test evidence: indeterminate — no way this change could fail the criterion was enumerated for it  [tier: static]
         (no mapped test)

  16. The report gives the sample size.
       requirements: task-04
       code evidence: addressed
         16.1  src/acceptance/benchmark/mutants/survivors.py#@@ -0,0 +1,128 @@
         16.2  docs/experiments/372-mutant-labels/findings.json#@@ -0,0 +1,52 @@
       test evidence: no plausible defect — no plausible static defect enumerated; test evidence is not obtainable here  [tier: static]
         (no mapped test)

  17. The report includes the share found to change no behaviour.
       requirements: task-04
       code evidence: addressed
         17.1  src/acceptance/benchmark/mutants/survivors.py#@@ -0,0 +1,128 @@
         17.2  docs/experiments/372-mutant-labels/FINDINGS.md#@@ -0,0 +1,33 @@
         17.3  docs/experiments/372-mutant-labels/findings.json#@@ -0,0 +1,52 @@
       test evidence: no plausible defect — no plausible static defect enumerated; test evidence is not obtainable here  [tier: static]
         (no mapped test)

  18. The set holds at least 200 cases.
       requirements: task-05
       code evidence: addressed
         18.1  docs/experiments/372-mutant-labels/FINDINGS.md#@@ -0,0 +1,33 @@
         18.2  docs/experiments/372-mutant-labels/findings.json#@@ -0,0 +1,52 @@
       test evidence: no plausible defect — no plausible static defect enumerated; test evidence is not obtainable here  [tier: static]
         (no mapped test)

  19. At least 30% of the cases are killed.
       requirements: task-05
       code evidence: addressed
         19.1  docs/experiments/372-mutant-labels/FINDINGS.md#@@ -0,0 +1,33 @@
         19.2  docs/experiments/372-mutant-labels/findings.json#@@ -0,0 +1,52 @@
       test evidence: no plausible defect — no plausible static defect enumerated; test evidence is not obtainable here  [tier: static]
         (no mapped test)

  20. At least 30% of the cases in the set survived.
       requirements: task-05
       code evidence: addressed
         20.1  docs/experiments/372-mutant-labels/FINDINGS.md#@@ -0,0 +1,33 @@
         20.2  docs/experiments/372-mutant-labels/findings.json#@@ -0,0 +1,52 @@
       test evidence: no plausible defect — no plausible static defect enumerated; test evidence is not obtainable here  [tier: static]
         (no mapped test)

  21. Cases derived from BugsInPy are written only to a gitignored local directory and are never committed; only aggregate counts and rates may be committed.
       requirements: constraint-01
       code evidence: addressed
         21.1  docs/experiments/372-mutant-labels/README.md#@@ -0,0 +1,70 @@
         21.2  src/acceptance/benchmark/mutants/labels.py#@@ -0,0 +1,181 @@
         21.3  docs/experiments/372-mutant-labels/FINDINGS.md#@@ -0,0 +1,33 @@
         21.4  docs/experiments/README.md#@@ -46,6 +46,7 @@ tool does not use it, only these experiments do.
         21.5  pyproject.toml#@@ -24,6 +24,10 @@ acceptance = "acceptance.cli:main"
       test evidence: not required — This is a repository policy about where derived cases may be written and what may be committed, so it is checked by the source layout and committed files rather than by runtime behavior.

  22. The build reruns from a pinned list of BugsInPy bug ids, and rebuilding from the same pinned inputs produces the same file.
       requirements: constraint-01
       code evidence: addressed
         22.1  src/acceptance/benchmark/mutants/pinned_bugs.json#@@ -0,0 +1,119 @@
         22.2  src/acceptance/benchmark/mutants/bugsinpy.py#@@ -0,0 +1,170 @@
         22.3  src/acceptance/benchmark/mutants/build.py#@@ -0,0 +1,356 @@
         22.4  docs/experiments/372-mutant-labels/README.md#@@ -0,0 +1,70 @@
         22.5  tests/benchmark/test_mutant_labels.py#@@ -0,0 +1,486 @@
       test evidence: partially supported — kills 3 of 4 enumerated defects (static prediction)  [tier: static]
         22.6  tests/benchmark/test_mutant_labels.py::test_generation_is_deterministic
         22.7  tests/benchmark/test_mutant_labels.py::test_rebuilding_from_the_same_pins_writes_the_same_bytes
         22.8  tests/benchmark/test_mutant_labels.py::test_the_survivor_sample_takes_one_case_per_edit_and_is_seeded
         recommended test: Running the build twice from the same pinned BugsInPy bug-id list produces the same output file.
           inputs:  Run the full mutant-label build twice from the same pinned bug list and same checkout root, but with a controlled change in mutable external state between runs: e.g. alter the fetched project checkout contents or the resolved package environment for one project, while keeping `pinned_bugs.json` unchanged.
           detects: The rebuild result can vary because the build depends on mutable external state such as fetched project contents, package resolution, or sandboxed test outcomes that are not pinned tightly enough.
           full detail: acceptance recommendation --criterion bugs-in-py-pinned-rebuild-determinism

  23. The cases load through a typed loader in `src/acceptance/benchmark/`, the same way `GroundTruthLabels` loads.
       requirements: constraint-02
       code evidence: addressed
         23.1  src/acceptance/benchmark/mutants/labels.py#@@ -0,0 +1,181 @@
         23.2  tests/benchmark/test_mutant_labels.py#@@ -0,0 +1,486 @@
         23.3  tests/fixtures/mutant-labels/labels.json#@@ -0,0 +1,51 @@
       test evidence: indeterminate — kills 0 of 1 enumerated defects (static prediction)  [tier: static]
         (no mapped test)
         recommended test: Cases are loaded via the typed loader path in `src/acceptance/benchmark/`, matching the loading approach used by `GroundTruthLabels`.
           inputs:  Feed the mutant label loader a JSON file containing an extra unknown field or a type mismatch in one case, and load it through the public entrypoint used by the benchmark package.
           detects: The new mutant label files are loaded with direct JSON reads instead of going through the typed loader path used elsewhere in `src/acceptance/benchmark/`, so the cases do not load through the same typed loader mechanism as `GroundTruthLabels`.
           full detail: acceptance recommendation --criterion typed-loader-for-cases

  24. The change does not alter how the checker's mutation tier writes its own edits.
       requirements: exclusion-01
       code evidence: addressed
         examined 16 changes across 16 files; none breaches this boundary
       test evidence: not required — This is a scope exclusion about work the change must not do, and a reader can verify it directly from the source diff without a test.

  25. The change does not use the cases to score any judge.
       requirements: exclusion-02
       code evidence: addressed
         examined 16 changes across 16 files; none breaches this boundary
       test evidence: not required — This is a scope exclusion about work the change must not do, and it is settled by inspecting the source rather than by a test.

Mandate coverage: 9 of 9 requirements yielded obligations
  (none)

Unrequested changes:
  1. [in_service] Adds a new package-data configuration so `pinned_bugs.json` is shipped in the installed distribution. None of the obligations require changing packaging metadata or bundling this file; they only require a typed loader and pinned rebuild determinism.
       pyproject.toml#@@ -24,6 +24,10 @@ acceptance = "acceptance.cli:main"
  2. [in_service] The new CLI command `sample` and its file-writing behavior are not required by the obligations. The task asks for labelled cases, a report, and a random survivor sample for human check, but not a user-facing command that persists a sample page and JSON file.
       src/acceptance/benchmark/mutants/__main__.py#@@ -0,0 +1,69 @@
  3. [in_service] The `prepare` step now fetches project checkouts and commit messages, builds environments, and performs network/TLS handling. The obligations require the build to use an existing sandbox and pinned rebuild determinism, but do not ask for a networked preparation pipeline or certificate-bundle fallback logic.
       src/acceptance/benchmark/mutants/prepare.py#@@ -0,0 +1,169 @@
  4. [in_service] The build logic adds test-selection heuristics based on trigger tests plus related tests, skips mutants with incomplete runs, and records set-aside mutants. The obligations require running tests against fixed-operator mutants and setting aside baseline-failing tests, but not this extra selection strategy or mutant set-aside reporting.
       src/acceptance/benchmark/mutants/build.py#@@ -0,0 +1,356 @@
       src/acceptance/benchmark/mutants/bugsinpy.py#@@ -0,0 +1,170 @@
  5. [in_service] The operators module introduces a broad set of mutation operators and AST-based mutant generation details beyond what is explicitly required. The obligations call for fixed-operator mutants and mechanical edits, but not this specific operator inventory, docstring skipping, or duplicate-elimination behavior.
       src/acceptance/benchmark/mutants/operators.py#@@ -0,0 +1,304 @@
  6. [in_service] The labels schema adds survivor-check sampling structures and set-aside records for mutants/tests. The obligations require recording failure status, requirement text, test source, implementation hunk, and report statistics, but not these extra persisted record types.
       src/acceptance/benchmark/mutants/labels.py#@@ -0,0 +1,181 @@
  7. [in_service] The survivor-reporting module adds a rendered markdown page and a summary structure that includes per-project/operator counts and optional sample details. The obligations only require a random survivor sample, sample size, and share that changed no behaviour; the extra rendering and broader summary are not requested.
       src/acceptance/benchmark/mutants/survivors.py#@@ -0,0 +1,128 @@
  8. [in_service] The experiment documentation adds extensive narrative findings, traps, and methodology text beyond the requested artifact set. The obligations require the cases and aggregate counts/rates, but not this additional explanatory documentation.
       docs/experiments/372-mutant-labels/README.md#@@ -0,0 +1,70 @@
       docs/experiments/372-mutant-labels/FINDINGS.md#@@ -0,0 +1,33 @@
       docs/experiments/README.md#@@ -46,6 +46,7 @@ tool does not use it, only these experiments do.
  9. [in_service] The synthetic fixture encodes a specific example label set and extra fields used to exercise the new schema. The obligations require a typed loader and test coverage, but do not explicitly request this fixture content.
       tests/fixtures/mutant-labels/labels.json#@@ -0,0 +1,51 @@

Ways the change could fail a criterion (what each rating is measured against):

  labels-from-running-tests
    [other] labels-from-running-tests/labels-not-grounded-in-run
      The label file could be populated from the mutant descriptions or other generated metadata instead of from the actual test outcomes, so a case would be recorded as killed or survived without that label being grounded in a real test run.
      src/acceptance/benchmark/mutants/build.py#0
      src/acceptance/benchmark/mutants/labels.py#0
      src/acceptance/benchmark/mutants/survivors.py#0
      pairs: 4 put to the model, 17 skipped once the defect was covered
    [missing_case] labels-from-running-tests/incomplete-run-results-still-labelled
      A mutant/test pair that does not complete could still be turned into a labelled case, so the file would contain labels for runs that never actually produced an outcome.
      src/acceptance/benchmark/mutants/build.py#0
      src/acceptance/benchmark/mutants/labels.py#0
      pairs: 44 put to the model, 0 skipped once the defect was covered

  fixed-operator-mutants-on-bugsinpy-projects
    [other] fixed-operator-mutants-on-bugsinpy-projects/non-fixed-edit-operators
      The mutant generator can emit edits that are not fixed-operator changes, so some defect cases would not be limited to the small mechanical edits the criterion describes.
      src/acceptance/benchmark/mutants/operators.py#0
      src/acceptance/benchmark/mutants/build.py#0
      pairs: 4 put to the model, 40 skipped once the defect was covered
    [scope_too_narrow] fixed-operator-mutants-on-bugsinpy-projects/mutants-outside-bugsinpy-projects
      The build can include cases from code that is not actually part of the pinned BugsInPy projects, so the defect set would not stay limited to BugsInPy projects.
      src/acceptance/benchmark/mutants/build.py#0
      src/acceptance/benchmark/mutants/prepare.py#0
      src/acceptance/benchmark/mutants/bugsinpy.py#0
      pairs: 44 put to the model, 0 skipped once the defect was covered
    [other] fixed-operator-mutants-on-bugsinpy-projects/multi-line-edit-emission
      The mutant generator can represent an edit as more than one changed line or a broader splice than a single small mechanical edit, so a case would not be one small edit.
      src/acceptance/benchmark/mutants/operators.py#0
      src/acceptance/benchmark/mutants/labels.py#0
      pairs: 4 put to the model, 40 skipped once the defect was covered

  mechanical-edit-defect
    [other] mechanical-edit-defect/description-and-edit-can-drift-apart
      The code can generate a defect description from one edit while storing a different exact edit in the case record, so the description and the edit no longer identify the same mechanical change.
      src/acceptance/benchmark/mutants/build.py#0
      src/acceptance/benchmark/mutants/operators.py#0
      src/acceptance/benchmark/mutants/labels.py#0
      pairs: 4 put to the model, 40 skipped once the defect was covered
    [other] mechanical-edit-defect/mutated-source-and-edit-text-can-diverge
      The exact edit text can be recorded from one line splice while the mutated source used to justify the description comes from a different transformation, so the edit and description stop naming the same change.
      src/acceptance/benchmark/mutants/operators.py#0
      src/acceptance/benchmark/mutants/build.py#0
      src/acceptance/benchmark/mutants/labels.py#0
      pairs: 4 put to the model, 17 skipped once the defect was covered
    [other] mechanical-edit-defect/case-description-not-tied-to-single-mechanical-operator
      A case can be assembled from a generated mutant whose description names an operator, but the exact edit may not uniquely identify that same operator application if multiple rewrites collapse to the same stored text.
      src/acceptance/benchmark/mutants/operators.py#0
      src/acceptance/benchmark/mutants/build.py#0
      src/acceptance/benchmark/mutants/labels.py#0
      pairs: 4 put to the model, 40 skipped once the defect was covered

  defect-description-matches-edit
    [other] defect-description-matches-edit/description-built-from-wrong-source
      The case record's defect description can be generated from the wrong text, so it no longer matches the exact edit that was injected.
      src/acceptance/benchmark/mutants/build.py#0
      src/acceptance/benchmark/mutants/operators.py#0
      src/acceptance/benchmark/mutants/labels.py#0
      pairs: 4 put to the model, 40 skipped once the defect was covered
    [established_not_maintained] defect-description-matches-edit/description-and-edit-can-diverge-after-case-creation
      A case can be created with a matching defect description and then later have its edit fields changed without updating the description, so the stored case record no longer aligns.
      src/acceptance/benchmark/mutants/labels.py#0
      src/acceptance/benchmark/mutants/build.py#0
      pairs: 4 put to the model, 40 skipped once the defect was covered
    [other] defect-description-matches-edit/case-record-uses-mismatched-edit-fields
      The case record can store edit metadata that does not correspond to the injected replacement text, so the description may match the description generator but still misdescribe the actual edit applied.
      src/acceptance/benchmark/mutants/build.py#0
      src/acceptance/benchmark/mutants/operators.py#0
      src/acceptance/benchmark/mutants/labels.py#0
      pairs: 4 put to the model, 17 skipped once the defect was covered

  case-holds-requirement-text
    [other] case-holds-requirement-text/missing-requirement-text-field
      A case can be built without carrying the requirement text at all, so the label file would omit the field the criterion says every case includes.
      src/acceptance/benchmark/mutants/build.py#0
      src/acceptance/benchmark/mutants/labels.py#0
      pairs: 4 put to the model, 17 skipped once the defect was covered
    [other] case-holds-requirement-text/wrong-source-for-requirement-text
      The case could be populated from the wrong text source, so the stored requirement text would not be the fix commit message the test is meant to check.
      src/acceptance/benchmark/mutants/build.py#0
      src/acceptance/benchmark/mutants/prepare.py#0
      pairs: 25 put to the model, 19 skipped once the defect was covered
    [not_wired] case-holds-requirement-text/requirement-text-not-propagated-to-cases
      The build can compute the requirement text but fail to wire it into the case objects that are appended to the label set.
      src/acceptance/benchmark/mutants/build.py#0
      pairs: 4 put to the model, 17 skipped once the defect was covered

  test-source
    [not_wired] test-source/test-source-not-included-in-case-output
      The build path can produce cases without ever populating the test source field, so the delivered output may omit the test's source even though the requirement says it must be included.
      src/acceptance/benchmark/mutants/build.py#0
      src/acceptance/benchmark/mutants/labels.py#0
      pairs: 44 put to the model, 0 skipped once the defect was covered
    [scope_too_narrow] test-source/test-source-extraction-fails-for-some-test-ids
      The test-source lookup only handles a subset of pytest-style node ids, so some selected tests can end up with an empty source string in the output.
      src/acceptance/benchmark/mutants/build.py#0
      pairs: 4 put to the model, 40 skipped once the defect was covered
    [not_wired] test-source/test-source-not-written-into-label-file
      The case model contains a test_source field, but the write path could serialize a different structure or omit that field, so the delivered labels file would not include the test's source.
      src/acceptance/benchmark/mutants/build.py#0
      src/acceptance/benchmark/mutants/labels.py#0
      pairs: 44 put to the model, 0 skipped once the defect was covered

  implementation-hunk-present
    [other] implementation-hunk-present/missing-implementation-hunk
      The generated case records do not include the implementation hunk for the injected defect, so the task output cannot show the code span the defect was injected into.
      src/acceptance/benchmark/mutants/build.py#0
      src/acceptance/benchmark/mutants/labels.py#0
      src/acceptance/benchmark/mutants/survivors.py#0
      src/acceptance/benchmark/mutants/__main__.py#0
      pairs: 4 put to the model, 17 skipped once the defect was covered

  defect-text-description
    none enumerated: The criterion only asks that the task file include a textual defect description. In the delivered change, the task-facing files (`README.md`, `FINDINGS.md`, and the generated label/report code) all contain explicit prose descriptions of defects, and there is no separate code path that could omit such text from the task file. This is satisfied by construction, so no static defect candidate is plausible.

  exact-edit-applied
    [other] exact-edit-applied/missing-exact-edit-in-task-file
      The delivered task file can omit the exact edit text and only include a paraphrase or a derived description of the defect case.
      src/acceptance/benchmark/mutants/labels.py#0
      src/acceptance/benchmark/mutants/build.py#0
      src/acceptance/benchmark/mutants/survivors.py#0
      pairs: 4 put to the model, 40 skipped once the defect was covered
    [not_wired] exact-edit-applied/edit-text-not-propagated-to-output
      The exact edit may be stored on the case object but never written into the delivered task file output path.
      src/acceptance/benchmark/mutants/build.py#0
      src/acceptance/benchmark/mutants/labels.py#0
      src/acceptance/benchmark/mutants/__main__.py#0
      pairs: 28 put to the model, 16 skipped once the defect was covered

  test-failure-status-recorded
    [missing_case] test-failure-status-recorded/missing-test-failure-status-field
      The case records only a boolean killed flag, so the edit-in-place run has no explicit test-failure status field to inspect.
      src/acceptance/benchmark/mutants/labels.py#0
      src/acceptance/benchmark/mutants/build.py#0
      src/acceptance/benchmark/mutants/survivors.py#0
      pairs: 44 put to the model, 0 skipped once the defect was covered
    [not_wired] test-failure-status-recorded/failure-status-not-populated-from-run-outcome
      The build path computes completed outcomes, but it may never wire the per-test failure result into the case record it emits.
      src/acceptance/benchmark/mutants/build.py#0
      src/acceptance/benchmark/mutants/labels.py#0
      pairs: 44 put to the model, 0 skipped once the defect was covered
    [wrong_output_shape] test-failure-status-recorded/status-encoded-as-killed-instead-of-failure-status
      The recorded outcome is shaped as a killed/survived label rather than a test-failure status for the edit-in-place run.
      src/acceptance/benchmark/mutants/labels.py#0
      src/acceptance/benchmark/mutants/build.py#0
      pairs: 44 put to the model, 0 skipped once the defect was covered

  sandbox-tests-run-in-existing-sandbox
    [not_wired] sandbox-tests-run-in-existing-sandbox/build-path-bypasses-sandbox
      The build path can run tests without going through the sandbox runner, so acceptance tests may execute outside `src/acceptance/execution/sandbox.py`.
      src/acceptance/benchmark/mutants/build.py#0
      src/acceptance/benchmark/mutants/__main__.py#0
      pairs: 4 put to the model, 40 skipped once the defect was covered
    [not_wired] sandbox-tests-run-in-existing-sandbox/sample-report-path-bypasses-sandbox
      The sample/report commands load or summarize labels without any execution path that proves tests were run in the existing sandbox, so the criterion can be missed on those delivered paths.
      src/acceptance/benchmark/mutants/__main__.py#0
      src/acceptance/benchmark/mutants/survivors.py#0
      pairs: 44 put to the model, 0 skipped once the defect was covered

  baseline-failing-test-set-aside
    [scope_too_narrow] baseline-failing-test-set-aside/baseline-failure-not-added-to-set-aside-records
      Baseline-failing tests are detected, but they are not recorded in the set-aside test output, so they can still end up in the labelled set instead of being excluded.
      src/acceptance/benchmark/mutants/build.py#0
      src/acceptance/benchmark/mutants/labels.py#0
      pairs: 4 put to the model, 40 skipped once the defect was covered
    [not_wired] baseline-failing-test-set-aside/baseline-failing-tests-not-filtered-before-mutant-runs
      The control run may classify tests as set aside, but the later mutant execution path does not use that classification to exclude them from labelling.
      src/acceptance/benchmark/mutants/build.py#0
      pairs: 4 put to the model, 18 skipped once the defect was covered
    [prior_behavior_altered] baseline-failing-test-set-aside/baseline-failure-misclassified-as-mutant-result
      A test that fails on the original code can still be turned into a labelled case if the control-run failure is not treated as a set-aside condition but as an ordinary test outcome.
      src/acceptance/benchmark/mutants/build.py#0
      src/acceptance/benchmark/mutants/labels.py#0
      pairs: 4 put to the model, 40 skipped once the defect was covered

  survivors-not-evidence-of-weak-test
    [scope_too_narrow] survivors-not-evidence-of-weak-test/survivor-check-uses-cases-instead-of-edits
      The survivor spot-check is drawn from surviving cases rather than from surviving edits, so the review can still treat a strong test as compatible with an equivalent edit only if that edit happens to appear in the sampled cases.
      src/acceptance/benchmark/mutants/survivors.py#0
      pairs: 4 put to the model, 40 skipped once the defect was covered
    [not_wired] survivors-not-evidence-of-weak-test/equivalent-edit-flag-never-recorded
      The sample page asks the human to decide whether an edit changes behaviour, but the build/report path never records a checked survivor as equivalent, so the compatibility claim is not maintained in the data flow.
      src/acceptance/benchmark/mutants/labels.py#0
      src/acceptance/benchmark/mutants/survivors.py#0
      src/acceptance/benchmark/mutants/__main__.py#0
      pairs: 44 put to the model, 0 skipped once the defect was covered

  report-gives-sample-size
    none enumerated: The report path already includes the sample size in the summary object: `survivors.summarise()` always adds `survivor_check.sample_size` when a sample is present, and `__main__.py report` prints that summary. The criterion is therefore satisfied by the delivered shape, with no plausible static defect in the changed code that would make the report omit the sample size.

  share-found-to-change-no-behaviour
    none enumerated: The report path already includes the survivor-check share in `summarise()` and `__main__.py` prints that summary for the `report` command. The added report text and JSON both expose `no_behaviour_change_share`, so there is no plausible static defect in the changed code that would make the report omit the share entirely.

  at-least-200-cases
    none enumerated: The delivered code does not contain the case-set construction logic itself, only reporting and packaging around it. The observable count in the added findings is a static artifact, and there is no changed code path here that could make the task's case set contain fewer than 200 cases.

  killed-cases-at-least-30-percent
    none enumerated: No plausible static defect in the delivered change can make the reported killed-case share fall below 30% while still producing the shown label set: the criterion is about the built output, and the changed code only computes and reports counts from already-built cases. The build logic does not enforce or derive the 30% threshold, but that is not a failure of this criterion because the criterion is satisfied by the produced data itself, not by a runtime guard.

  at-least-30-percent-survived
    none enumerated: The criterion is about the reported summary’s survived count/share, and the delivered code computes that directly from the full case list in `survivors.summarise()` as `survived = len(cases) - killed` with `killed` counted from `case.killed`. There is no separate enforcement step or alternate path that could make the reported survived count fall below 30% while still reporting the same cases, so no concrete static defect in the shown changes plausibly targets this invariant.

  bugs-in-py-license-and-local-derivation
    [other] bugs-in-py-license-and-local-derivation/package-data-includes-derived-label-file
      The packaging configuration can cause the derived label file to be included in the installed distribution, so the repo may no longer keep BugsInPy-derived cases only in the gitignored local build directory.
      pyproject.toml#0
      src/acceptance/benchmark/mutants/pinned_bugs.json#0
      pairs: 44 put to the model, 0 skipped once the defect was covered
    [other] bugs-in-py-license-and-local-derivation/build-output-path-not-gitignored
      The build writes its derived labels to a path under `.acceptance/mutant-labels/`, but nothing in the changed code proves that this directory is actually gitignored, so the derived cases could still end up tracked by git.
      src/acceptance/benchmark/mutants/__main__.py#0
      src/acceptance/benchmark/mutants/prepare.py#0
      src/acceptance/benchmark/mutants/build.py#0
      pairs: 44 put to the model, 0 skipped once the defect was covered
    [other] bugs-in-py-license-and-local-derivation/aggregate-report-committable-but-labels-not-excluded
      The code distinguishes labels from aggregate summaries, but there is no enforcement that only the summary output is committed; a caller could still write the derived labels JSON into the repository tree instead of the intended local cache.
      src/acceptance/benchmark/mutants/__main__.py#0
      src/acceptance/benchmark/mutants/build.py#0
      src/acceptance/benchmark/mutants/survivors.py#0
      pairs: 44 put to the model, 0 skipped once the defect was covered

  bugs-in-py-pinned-rebuild-determinism
    [other] bugs-in-py-pinned-rebuild-determinism/noncanonical-json-output
      The build writes labels with ordinary JSON serialization, so two rebuilds can differ in key order or formatting even when the underlying data are the same.
      src/acceptance/benchmark/mutants/__main__.py#0
      src/acceptance/benchmark/mutants/build.py#0
      src/acceptance/benchmark/mutants/survivors.py#0
      pairs: 4 put to the model, 40 skipped once the defect was covered
    [other] bugs-in-py-pinned-rebuild-determinism/unordered-case-collection
      The build accumulates cases from iteration over unordered structures, so the case order in the output file can vary between rebuilds from the same pins.
      src/acceptance/benchmark/mutants/build.py#0
      src/acceptance/benchmark/mutants/survivors.py#0
      pairs: 4 put to the model, 40 skipped once the defect was covered
    [other] bugs-in-py-pinned-rebuild-determinism/random-selection-not-fully-seeded
      Some selection step uses randomness without a stable seed derived from the pinned inputs, so rebuilding from the same bug list can choose different tests or mutants.
      src/acceptance/benchmark/mutants/build.py#0
      src/acceptance/benchmark/mutants/survivors.py#0
      pairs: 4 put to the model, 40 skipped once the defect was covered
    [other] bugs-in-py-pinned-rebuild-determinism/output-depends-on-unpinned-environment
      The rebuild result can vary because the build depends on mutable external state such as fetched project contents, package resolution, or sandboxed test outcomes that are not pinned tightly enough.
      src/acceptance/benchmark/mutants/prepare.py#0
      src/acceptance/benchmark/mutants/build.py#0
      src/acceptance/benchmark/mutants/bugsinpy.py#0
      pairs: 44 put to the model, 0 skipped once the defect was covered

  typed-loader-for-cases
    [not_wired] typed-loader-for-cases/not-wired-to-typed-loader
      The new mutant label files are loaded with direct JSON reads instead of going through the typed loader path used elsewhere in `src/acceptance/benchmark/`, so the cases do not load through the same typed loader mechanism as `GroundTruthLabels`.
      src/acceptance/benchmark/mutants/labels.py#0
      src/acceptance/benchmark/mutants/__main__.py#0
      pairs: 44 put to the model, 0 skipped once the defect was covered

  mutation-tier-writes-its-own-edits
    [other] mutation-tier-writes-its-own-edits/no-mutation-tier-code-changed
      The diff only adds the BugsInPy mutant-label experiment and documentation; it does not touch the checker's mutation tier code that writes its own edits, so a change to that behaviour would not appear here.
      docs/experiments/372-mutant-labels/FINDINGS.md#0
      docs/experiments/372-mutant-labels/README.md#0
      docs/experiments/372-mutant-labels/findings.json#0
      docs/experiments/README.md#0
      pyproject.toml#0
      src/acceptance/benchmark/mutants/__init__.py#0
      src/acceptance/benchmark/mutants/__main__.py#0
      src/acceptance/benchmark/mutants/bugsinpy.py#0
      src/acceptance/benchmark/mutants/build.py#0
      src/acceptance/benchmark/mutants/labels.py#0
      src/acceptance/benchmark/mutants/operators.py#0
      src/acceptance/benchmark/mutants/pinned_bugs.json#0
      src/acceptance/benchmark/mutants/prepare.py#0
      src/acceptance/benchmark/mutants/survivors.py#0
      pairs: 44 put to the model, 0 skipped once the defect was covered

  no-judge-scoring
    [other] no-judge-scoring/report-uses-cases-to-score
      The new reporting path can score the judge from the built cases by computing killed and survived counts and rates from `labels.cases`, so judge-scoring logic based on the cases is present in the change.
      src/acceptance/benchmark/mutants/survivors.py#0
      src/acceptance/benchmark/mutants/__main__.py#0
      pairs: 4 put to the model, 40 skipped once the defect was covered

Pairs left unjudged (a criterion's rating cannot account for these):
  [unanswered] baseline-failing-test-set-aside/baseline-failing-tests-not-filtered-before-mutant-runs x .acceptance/mutant-labels/projects/thefuck-1/tests/entrypoints/test_not_configured.py::test_for_generic_shell
    offered to the judge and not answered; no verdict was produced
  [unanswered] bugs-in-py-license-and-local-derivation/aggregate-report-committable-but-labels-not-excluded x .acceptance/mutant-labels/projects/thefuck-1/tests/entrypoints/test_not_configured.py::test_on_first_run
    offered to the judge and not answered; no verdict was produced
  [unanswered] bugs-in-py-license-and-local-derivation/aggregate-report-committable-but-labels-not-excluded x .acceptance/mutant-labels/projects/thefuck-1/tests/entrypoints/test_not_configured.py::test_on_first_run_from_current_shell
    offered to the judge and not answered; no verdict was produced
  [unanswered] bugs-in-py-license-and-local-derivation/aggregate-report-committable-but-labels-not-excluded x .acceptance/mutant-labels/projects/thefuck-1/tests/entrypoints/test_not_configured.py::test_on_run_after_other_commands
    offered to the judge and not answered; no verdict was produced
  [unanswered] bugs-in-py-license-and-local-derivation/aggregate-report-committable-but-labels-not-excluded x .acceptance/mutant-labels/projects/thefuck-1/tests/entrypoints/test_not_configured.py::test_when_already_configured
    offered to the judge and not answered; no verdict was produced
  [unanswered] bugs-in-py-license-and-local-derivation/aggregate-report-committable-but-labels-not-excluded x .acceptance/mutant-labels/projects/thefuck-1/tests/entrypoints/test_not_configured.py::test_when_cant_configure_automatically
    offered to the judge and not answered; no verdict was produced
  [unanswered] bugs-in-py-license-and-local-derivation/aggregate-report-committable-but-labels-not-excluded x .acceptance/mutant-labels/projects/thefuck-1/tests/entrypoints/test_not_configured.py::test_when_successfully_configured
    offered to the judge and not answered; no verdict was produced
  [unanswered] bugs-in-py-license-and-local-derivation/aggregate-report-committable-but-labels-not-excluded x .acceptance/mutant-labels/projects/thefuck-1/tests/shells/test_fish.py::TestFish::test_get_overridden_aliases
    offered to the judge and not answered; no verdict was produced
  [unanswered] bugs-in-py-license-and-local-derivation/aggregate-report-committable-but-labels-not-excluded x .acceptance/mutant-labels/projects/thefuck-1/tests/test_conf.py::test_settings_defaults
    offered to the judge and not answered; no verdict was produced
  [unanswered] bugs-in-py-license-and-local-derivation/aggregate-report-committable-but-labels-not-excluded x .acceptance/mutant-labels/projects/thefuck-1/tests/test_utils.py::TestCache::test_with_filled_cache
    offered to the judge and not answered; no verdict was produced
  [unanswered] bugs-in-py-license-and-local-derivation/aggregate-report-committable-but-labels-not-excluded x .acceptance/mutant-labels/projects/thefuck-10/tests/test_conf.py::test_settings_defaults
    offered to the judge and not answered; no verdict was produced
  [unanswered] bugs-in-py-license-and-local-derivation/aggregate-report-committable-but-labels-not-excluded x .acceptance/mutant-labels/projects/thefuck-10/tests/test_utils.py::TestCache::test_with_filled_cache
    offered to the judge and not answered; no verdict was produced
  [unanswered] bugs-in-py-license-and-local-derivation/aggregate-report-committable-but-labels-not-excluded x .acceptance/mutant-labels/projects/thefuck-11/tests/test_conf.py::test_settings_defaults
    offered to the judge and not answered; no verdict was produced
  [unanswered] bugs-in-py-license-and-local-derivation/aggregate-report-committable-but-labels-not-excluded x .acceptance/mutant-labels/projects/thefuck-11/tests/test_utils.py::TestCache::test_with_filled_cache
    offered to the judge and not answered; no verdict was produced
  [unanswered] bugs-in-py-license-and-local-derivation/build-output-path-not-gitignored x .acceptance/mutant-labels/projects/thefuck-1/tests/entrypoints/test_not_configured.py::test_on_first_run
    offered to the judge and not answered; no verdict was produced
  [unanswered] bugs-in-py-license-and-local-derivation/build-output-path-not-gitignored x .acceptance/mutant-labels/projects/thefuck-1/tests/entrypoints/test_not_configured.py::test_on_run_after_other_commands
    offered to the judge and not answered; no verdict was produced
  [unanswered] bugs-in-py-license-and-local-derivation/build-output-path-not-gitignored x .acceptance/mutant-labels/projects/thefuck-1/tests/entrypoints/test_not_configured.py::test_when_already_configured
    offered to the judge and not answered; no verdict was produced
  [unanswered] bugs-in-py-license-and-local-derivation/build-output-path-not-gitignored x .acceptance/mutant-labels/projects/thefuck-1/tests/entrypoints/test_not_configured.py::test_when_successfully_configured
    offered to the judge and not answered; no verdict was produced
  [unanswered] bugs-in-py-license-and-local-derivation/build-output-path-not-gitignored x .acceptance/mutant-labels/projects/thefuck-1/tests/shells/test_fish.py::TestFish::test_get_overridden_aliases
    offered to the judge and not answered; no verdict was produced
  [unanswered] bugs-in-py-license-and-local-derivation/build-output-path-not-gitignored x .acceptance/mutant-labels/projects/thefuck-1/tests/test_conf.py::test_settings_defaults
    offered to the judge and not answered; no verdict was produced
  [unanswered] bugs-in-py-license-and-local-derivation/build-output-path-not-gitignored x .acceptance/mutant-labels/projects/thefuck-1/tests/test_utils.py::TestCache::test_with_filled_cache
    offered to the judge and not answered; no verdict was produced
  [unanswered] bugs-in-py-license-and-local-derivation/build-output-path-not-gitignored x .acceptance/mutant-labels/projects/thefuck-10/tests/test_conf.py::test_settings_defaults
    offered to the judge and not answered; no verdict was produced
  [unanswered] bugs-in-py-license-and-local-derivation/build-output-path-not-gitignored x .acceptance/mutant-labels/projects/thefuck-10/tests/test_utils.py::TestCache::test_with_filled_cache
    offered to the judge and not answered; no verdict was produced
  [unanswered] bugs-in-py-license-and-local-derivation/build-output-path-not-gitignored x .acceptance/mutant-labels/projects/thefuck-11/tests/test_conf.py::test_settings_defaults
    offered to the judge and not answered; no verdict was produced
  [unanswered] bugs-in-py-license-and-local-derivation/build-output-path-not-gitignored x .acceptance/mutant-labels/projects/thefuck-11/tests/test_utils.py::TestCache::test_with_blank_cache
    offered to the judge and not answered; no verdict was produced
  [unanswered] bugs-in-py-license-and-local-derivation/build-output-path-not-gitignored x .acceptance/mutant-labels/projects/thefuck-11/tests/test_utils.py::TestCache::test_with_filled_cache
    offered to the judge and not answered; no verdict was produced
  [unanswered] bugs-in-py-license-and-local-derivation/package-data-includes-derived-label-file x .acceptance/mutant-labels/projects/thefuck-1/tests/entrypoints/test_not_configured.py::test_on_first_run
    offered to the judge and not answered; no verdict was produced
  [unanswered] bugs-in-py-license-and-local-derivation/package-data-includes-derived-label-file x .acceptance/mutant-labels/projects/thefuck-1/tests/entrypoints/test_not_configured.py::test_on_run_after_other_commands
    offered to the judge and not answered; no verdict was produced
  [unanswered] bugs-in-py-license-and-local-derivation/package-data-includes-derived-label-file x .acceptance/mutant-labels/projects/thefuck-1/tests/entrypoints/test_not_configured.py::test_when_already_configured
    offered to the judge and not answered; no verdict was produced
  [unanswered] bugs-in-py-license-and-local-derivation/package-data-includes-derived-label-file x .acceptance/mutant-labels/projects/thefuck-1/tests/entrypoints/test_not_configured.py::test_when_cant_configure_automatically
    offered to the judge and not answered; no verdict was produced
  [unanswered] bugs-in-py-license-and-local-derivation/package-data-includes-derived-label-file x .acceptance/mutant-labels/projects/thefuck-1/tests/entrypoints/test_not_configured.py::test_when_successfully_configured
    offered to the judge and not answered; no verdict was produced
  [unanswered] bugs-in-py-license-and-local-derivation/package-data-includes-derived-label-file x .acceptance/mutant-labels/projects/thefuck-1/tests/test_conf.py::test_settings_defaults
    offered to the judge and not answered; no verdict was produced
  [unanswered] bugs-in-py-license-and-local-derivation/package-data-includes-derived-label-file x .acceptance/mutant-labels/projects/thefuck-1/tests/test_utils.py::TestCache::test_with_filled_cache
    offered to the judge and not answered; no verdict was produced
  [unanswered] bugs-in-py-license-and-local-derivation/package-data-includes-derived-label-file x .acceptance/mutant-labels/projects/thefuck-10/tests/test_conf.py::test_settings_defaults
    offered to the judge and not answered; no verdict was produced
  [unanswered] bugs-in-py-license-and-local-derivation/package-data-includes-derived-label-file x .acceptance/mutant-labels/projects/thefuck-10/tests/test_utils.py::TestCache::test_with_filled_cache
    offered to the judge and not answered; no verdict was produced
  [unanswered] bugs-in-py-license-and-local-derivation/package-data-includes-derived-label-file x .acceptance/mutant-labels/projects/thefuck-11/tests/test_conf.py::test_settings_defaults
    offered to the judge and not answered; no verdict was produced
  [unanswered] bugs-in-py-license-and-local-derivation/package-data-includes-derived-label-file x .acceptance/mutant-labels/projects/thefuck-11/tests/test_utils.py::TestCache::test_with_blank_cache
    offered to the judge and not answered; no verdict was produced
  [unanswered] bugs-in-py-license-and-local-derivation/package-data-includes-derived-label-file x .acceptance/mutant-labels/projects/thefuck-11/tests/test_utils.py::TestCache::test_with_filled_cache
    offered to the judge and not answered; no verdict was produced
  [unanswered] bugs-in-py-license-and-local-derivation/package-data-includes-derived-label-file x tests/benchmark/test_mutant_labels.py::test_docstrings_are_never_mutated
    offered to the judge and not answered; no verdict was produced
  [unanswered] bugs-in-py-pinned-rebuild-determinism/output-depends-on-unpinned-environment x .acceptance/mutant-labels/projects/thefuck-1/tests/entrypoints/test_not_configured.py::test_on_run_after_other_commands
    offered to the judge and not answered; no verdict was produced
  [unanswered] bugs-in-py-pinned-rebuild-determinism/output-depends-on-unpinned-environment x .acceptance/mutant-labels/projects/thefuck-1/tests/entrypoints/test_not_configured.py::test_when_already_configured
    offered to the judge and not answered; no verdict was produced
  [unanswered] bugs-in-py-pinned-rebuild-determinism/output-depends-on-unpinned-environment x .acceptance/mutant-labels/projects/thefuck-1/tests/entrypoints/test_not_configured.py::test_when_cant_configure_automatically
    offered to the judge and not answered; no verdict was produced
  [unanswered] bugs-in-py-pinned-rebuild-determinism/output-depends-on-unpinned-environment x .acceptance/mutant-labels/projects/thefuck-1/tests/entrypoints/test_not_configured.py::test_when_successfully_configured
    offered to the judge and not answered; no verdict was produced
  [unanswered] bugs-in-py-pinned-rebuild-determinism/output-depends-on-unpinned-environment x .acceptance/mutant-labels/projects/thefuck-1/tests/shells/test_fish.py::TestFish::test_get_overridden_aliases
    offered to the judge and not answered; no verdict was produced
  [unanswered] bugs-in-py-pinned-rebuild-determinism/output-depends-on-unpinned-environment x .acceptance/mutant-labels/projects/thefuck-1/tests/test_utils.py::TestCache::test_when_etag_changed
    offered to the judge and not answered; no verdict was produced
  [unanswered] bugs-in-py-pinned-rebuild-determinism/output-depends-on-unpinned-environment x .acceptance/mutant-labels/projects/thefuck-1/tests/test_utils.py::TestCache::test_with_filled_cache
    offered to the judge and not answered; no verdict was produced
  [unanswered] bugs-in-py-pinned-rebuild-determinism/output-depends-on-unpinned-environment x .acceptance/mutant-labels/projects/thefuck-10/tests/test_utils.py::TestCache::test_when_etag_changed
    offered to the judge and not answered; no verdict was produced
  [unanswered] bugs-in-py-pinned-rebuild-determinism/output-depends-on-unpinned-environment x .acceptance/mutant-labels/projects/thefuck-10/tests/test_utils.py::TestCache::test_with_filled_cache
    offered to the judge and not answered; no verdict was produced
  [unanswered] bugs-in-py-pinned-rebuild-determinism/output-depends-on-unpinned-environment x .acceptance/mutant-labels/projects/thefuck-11/tests/test_utils.py::TestCache::test_when_etag_changed
    offered to the judge and not answered; no verdict was produced
  [unanswered] bugs-in-py-pinned-rebuild-determinism/output-depends-on-unpinned-environment x .acceptance/mutant-labels/projects/thefuck-11/tests/test_utils.py::TestCache::test_with_filled_cache
    offered to the judge and not answered; no verdict was produced
  [unanswered] case-holds-requirement-text/requirement-text-not-propagated-to-cases x .acceptance/mutant-labels/projects/thefuck-1/tests/entrypoints/test_not_configured.py::test_when_cant_configure_automatically
    offered to the judge and not answered; no verdict was produced
  [unanswered] case-holds-requirement-text/wrong-source-for-requirement-text x .acceptance/mutant-labels/projects/thefuck-1/tests/entrypoints/test_not_configured.py::test_for_generic_shell
    offered to the judge and not answered; no verdict was produced
  [unanswered] case-holds-requirement-text/wrong-source-for-requirement-text x .acceptance/mutant-labels/projects/thefuck-1/tests/entrypoints/test_not_configured.py::test_on_first_run
    offered to the judge and not answered; no verdict was produced
  [unanswered] case-holds-requirement-text/wrong-source-for-requirement-text x .acceptance/mutant-labels/projects/thefuck-1/tests/entrypoints/test_not_configured.py::test_on_first_run_from_current_shell
    offered to the judge and not answered; no verdict was produced
  [unanswered] case-holds-requirement-text/wrong-source-for-requirement-text x .acceptance/mutant-labels/projects/thefuck-1/tests/entrypoints/test_not_configured.py::test_on_run_after_other_commands
    offered to the judge and not answered; no verdict was produced
  [unanswered] case-holds-requirement-text/wrong-source-for-requirement-text x .acceptance/mutant-labels/projects/thefuck-1/tests/entrypoints/test_not_configured.py::test_when_already_configured
    offered to the judge and not answered; no verdict was produced
  [unanswered] case-holds-requirement-text/wrong-source-for-requirement-text x .acceptance/mutant-labels/projects/thefuck-1/tests/entrypoints/test_not_configured.py::test_when_cant_configure_automatically
    offered to the judge and not answered; no verdict was produced
  [unanswered] case-holds-requirement-text/wrong-source-for-requirement-text x .acceptance/mutant-labels/projects/thefuck-1/tests/entrypoints/test_not_configured.py::test_when_successfully_configured
    offered to the judge and not answered; no verdict was produced
  [unanswered] case-holds-requirement-text/wrong-source-for-requirement-text x .acceptance/mutant-labels/projects/thefuck-1/tests/test_utils.py::TestCache::test_when_etag_changed
    offered to the judge and not answered; no verdict was produced
  [unanswered] case-holds-requirement-text/wrong-source-for-requirement-text x .acceptance/mutant-labels/projects/thefuck-1/tests/test_utils.py::TestCache::test_with_filled_cache
    offered to the judge and not answered; no verdict was produced
  [unanswered] case-holds-requirement-text/wrong-source-for-requirement-text x .acceptance/mutant-labels/projects/thefuck-10/tests/test_utils.py::TestCache::test_when_etag_changed
    offered to the judge and not answered; no verdict was produced
  [unanswered] case-holds-requirement-text/wrong-source-for-requirement-text x .acceptance/mutant-labels/projects/thefuck-10/tests/test_utils.py::TestCache::test_with_filled_cache
    offered to the judge and not answered; no verdict was produced
  [unanswered] case-holds-requirement-text/wrong-source-for-requirement-text x .acceptance/mutant-labels/projects/thefuck-11/tests/test_conf.py::test_settings_defaults
    offered to the judge and not answered; no verdict was produced
  [unanswered] case-holds-requirement-text/wrong-source-for-requirement-text x .acceptance/mutant-labels/projects/thefuck-11/tests/test_utils.py::TestCache::test_when_etag_changed
    offered to the judge and not answered; no verdict was produced
  [unanswered] case-holds-requirement-text/wrong-source-for-requirement-text x .acceptance/mutant-labels/projects/thefuck-11/tests/test_utils.py::TestCache::test_with_filled_cache
    offered to the judge and not answered; no verdict was produced
  [unanswered] exact-edit-applied/edit-text-not-propagated-to-output x .acceptance/mutant-labels/projects/thefuck-1/tests/entrypoints/test_not_configured.py::test_when_already_configured
    offered to the judge and not answered; no verdict was produced
  [unanswered] exact-edit-applied/edit-text-not-propagated-to-output x .acceptance/mutant-labels/projects/thefuck-1/tests/entrypoints/test_not_configured.py::test_when_successfully_configured
    offered to the judge and not answered; no verdict was produced
  [unanswered] exact-edit-applied/edit-text-not-propagated-to-output x .acceptance/mutant-labels/projects/thefuck-1/tests/test_utils.py::TestCache::test_when_etag_changed
    offered to the judge and not answered; no verdict was produced
  [unanswered] exact-edit-applied/edit-text-not-propagated-to-output x .acceptance/mutant-labels/projects/thefuck-1/tests/test_utils.py::TestCache::test_with_filled_cache
    offered to the judge and not answered; no verdict was produced
  [unanswered] exact-edit-applied/edit-text-not-propagated-to-output x .acceptance/mutant-labels/projects/thefuck-10/tests/test_utils.py::TestCache::test_when_etag_changed
    offered to the judge and not answered; no verdict was produced
  [unanswered] exact-edit-applied/edit-text-not-propagated-to-output x .acceptance/mutant-labels/projects/thefuck-10/tests/test_utils.py::TestCache::test_with_filled_cache
    offered to the judge and not answered; no verdict was produced
  [unanswered] exact-edit-applied/edit-text-not-propagated-to-output x .acceptance/mutant-labels/projects/thefuck-11/tests/test_utils.py::TestCache::test_when_etag_changed
    offered to the judge and not answered; no verdict was produced
  [unanswered] exact-edit-applied/edit-text-not-propagated-to-output x .acceptance/mutant-labels/projects/thefuck-11/tests/test_utils.py::TestCache::test_with_filled_cache
    offered to the judge and not answered; no verdict was produced
  [unanswered] fixed-operator-mutants-on-bugsinpy-projects/mutants-outside-bugsinpy-projects x .acceptance/mutant-labels/projects/thefuck-1/tests/entrypoints/test_not_configured.py::test_on_first_run
    offered to the judge and not answered; no verdict was produced
  [unanswered] fixed-operator-mutants-on-bugsinpy-projects/mutants-outside-bugsinpy-projects x .acceptance/mutant-labels/projects/thefuck-1/tests/entrypoints/test_not_configured.py::test_on_run_after_other_commands
    offered to the judge and not answered; no verdict was produced
  [unanswered] fixed-operator-mutants-on-bugsinpy-projects/mutants-outside-bugsinpy-projects x .acceptance/mutant-labels/projects/thefuck-1/tests/entrypoints/test_not_configured.py::test_when_already_configured
    offered to the judge and not answered; no verdict was produced
  [unanswered] fixed-operator-mutants-on-bugsinpy-projects/mutants-outside-bugsinpy-projects x .acceptance/mutant-labels/projects/thefuck-1/tests/entrypoints/test_not_configured.py::test_when_cant_configure_automatically
    offered to the judge and not answered; no verdict was produced
  [unanswered] fixed-operator-mutants-on-bugsinpy-projects/mutants-outside-bugsinpy-projects x .acceptance/mutant-labels/projects/thefuck-1/tests/entrypoints/test_not_configured.py::test_when_successfully_configured
    offered to the judge and not answered; no verdict was produced
  [unanswered] fixed-operator-mutants-on-bugsinpy-projects/mutants-outside-bugsinpy-projects x .acceptance/mutant-labels/projects/thefuck-1/tests/test_utils.py::TestCache::test_with_filled_cache
    offered to the judge and not answered; no verdict was produced
  [unanswered] fixed-operator-mutants-on-bugsinpy-projects/mutants-outside-bugsinpy-projects x .acceptance/mutant-labels/projects/thefuck-10/tests/test_utils.py::TestCache::test_with_filled_cache
    offered to the judge and not answered; no verdict was produced
  [unanswered] fixed-operator-mutants-on-bugsinpy-projects/mutants-outside-bugsinpy-projects x .acceptance/mutant-labels/projects/thefuck-11/tests/test_conf.py::test_settings_defaults
    offered to the judge and not answered; no verdict was produced
  [unanswered] fixed-operator-mutants-on-bugsinpy-projects/mutants-outside-bugsinpy-projects x .acceptance/mutant-labels/projects/thefuck-11/tests/test_utils.py::TestCache::test_with_blank_cache
    offered to the judge and not answered; no verdict was produced
  [unanswered] fixed-operator-mutants-on-bugsinpy-projects/mutants-outside-bugsinpy-projects x .acceptance/mutant-labels/projects/thefuck-11/tests/test_utils.py::TestCache::test_with_filled_cache
    offered to the judge and not answered; no verdict was produced
  [unanswered] implementation-hunk-present/missing-implementation-hunk x .acceptance/mutant-labels/projects/thefuck-1/tests/entrypoints/test_not_configured.py::test_on_first_run_from_current_shell
    offered to the judge and not answered; no verdict was produced
  [unanswered] implementation-hunk-present/missing-implementation-hunk x .acceptance/mutant-labels/projects/thefuck-1/tests/entrypoints/test_not_configured.py::test_when_successfully_configured
    offered to the judge and not answered; no verdict was produced
  [unanswered] labels-from-running-tests/incomplete-run-results-still-labelled x .acceptance/mutant-labels/projects/thefuck-1/tests/entrypoints/test_not_configured.py::test_on_first_run
    offered to the judge and not answered; no verdict was produced
  [unanswered] labels-from-running-tests/incomplete-run-results-still-labelled x .acceptance/mutant-labels/projects/thefuck-1/tests/entrypoints/test_not_configured.py::test_on_first_run_from_current_shell
    offered to the judge and not answered; no verdict was produced
  [unanswered] labels-from-running-tests/incomplete-run-results-still-labelled x .acceptance/mutant-labels/projects/thefuck-1/tests/entrypoints/test_not_configured.py::test_on_run_after_other_commands
    offered to the judge and not answered; no verdict was produced
  [unanswered] labels-from-running-tests/incomplete-run-results-still-labelled x .acceptance/mutant-labels/projects/thefuck-1/tests/entrypoints/test_not_configured.py::test_when_already_configured
    offered to the judge and not answered; no verdict was produced
  [unanswered] labels-from-running-tests/incomplete-run-results-still-labelled x .acceptance/mutant-labels/projects/thefuck-1/tests/entrypoints/test_not_configured.py::test_when_cant_configure_automatically
    offered to the judge and not answered; no verdict was produced
  [unanswered] labels-from-running-tests/incomplete-run-results-still-labelled x .acceptance/mutant-labels/projects/thefuck-1/tests/entrypoints/test_not_configured.py::test_when_successfully_configured
    offered to the judge and not answered; no verdict was produced
  [unanswered] labels-from-running-tests/incomplete-run-results-still-labelled x .acceptance/mutant-labels/projects/thefuck-1/tests/shells/test_fish.py::TestFish::test_get_overridden_aliases
    offered to the judge and not answered; no verdict was produced
  [unanswered] labels-from-running-tests/incomplete-run-results-still-labelled x .acceptance/mutant-labels/projects/thefuck-1/tests/test_conf.py::test_settings_defaults
    offered to the judge and not answered; no verdict was produced
  [unanswered] labels-from-running-tests/incomplete-run-results-still-labelled x .acceptance/mutant-labels/projects/thefuck-1/tests/test_utils.py::TestCache::test_with_filled_cache
    offered to the judge and not answered; no verdict was produced
  [unanswered] labels-from-running-tests/incomplete-run-results-still-labelled x .acceptance/mutant-labels/projects/thefuck-10/tests/test_conf.py::test_settings_defaults
    offered to the judge and not answered; no verdict was produced
  [unanswered] labels-from-running-tests/incomplete-run-results-still-labelled x .acceptance/mutant-labels/projects/thefuck-10/tests/test_utils.py::TestCache::test_with_filled_cache
    offered to the judge and not answered; no verdict was produced
  [unanswered] labels-from-running-tests/incomplete-run-results-still-labelled x .acceptance/mutant-labels/projects/thefuck-11/tests/test_conf.py::test_settings_defaults
    offered to the judge and not answered; no verdict was produced
  [unanswered] labels-from-running-tests/incomplete-run-results-still-labelled x .acceptance/mutant-labels/projects/thefuck-11/tests/test_utils.py::TestCache::test_with_blank_cache
    offered to the judge and not answered; no verdict was produced
  [unanswered] labels-from-running-tests/incomplete-run-results-still-labelled x .acceptance/mutant-labels/projects/thefuck-11/tests/test_utils.py::TestCache::test_with_filled_cache
    offered to the judge and not answered; no verdict was produced
  [unanswered] labels-from-running-tests/incomplete-run-results-still-labelled x tests/benchmark/test_mutant_labels.py::test_docstrings_are_never_mutated
    offered to the judge and not answered; no verdict was produced
  [unanswered] labels-from-running-tests/labels-not-grounded-in-run x .acceptance/mutant-labels/projects/thefuck-1/tests/entrypoints/test_not_configured.py::test_when_successfully_configured
    offered to the judge and not answered; no verdict was produced
  [unanswered] mutation-tier-writes-its-own-edits/no-mutation-tier-code-changed x .acceptance/mutant-labels/projects/thefuck-1/tests/entrypoints/test_not_configured.py::test_on_first_run_from_current_shell
    offered to the judge and not answered; no verdict was produced
  [unanswered] mutation-tier-writes-its-own-edits/no-mutation-tier-code-changed x .acceptance/mutant-labels/projects/thefuck-1/tests/entrypoints/test_not_configured.py::test_on_run_after_other_commands
    offered to the judge and not answered; no verdict was produced
  [unanswered] mutation-tier-writes-its-own-edits/no-mutation-tier-code-changed x .acceptance/mutant-labels/projects/thefuck-1/tests/entrypoints/test_not_configured.py::test_when_already_configured
    offered to the judge and not answered; no verdict was produced
  [unanswered] mutation-tier-writes-its-own-edits/no-mutation-tier-code-changed x .acceptance/mutant-labels/projects/thefuck-1/tests/entrypoints/test_not_configured.py::test_when_cant_configure_automatically
    offered to the judge and not answered; no verdict was produced
  [unanswered] mutation-tier-writes-its-own-edits/no-mutation-tier-code-changed x .acceptance/mutant-labels/projects/thefuck-1/tests/entrypoints/test_not_configured.py::test_when_successfully_configured
    offered to the judge and not answered; no verdict was produced
  [unanswered] mutation-tier-writes-its-own-edits/no-mutation-tier-code-changed x .acceptance/mutant-labels/projects/thefuck-1/tests/shells/test_fish.py::TestFish::test_get_overridden_aliases
    offered to the judge and not answered; no verdict was produced
  [unanswered] mutation-tier-writes-its-own-edits/no-mutation-tier-code-changed x .acceptance/mutant-labels/projects/thefuck-1/tests/test_conf.py::test_settings_defaults
    offered to the judge and not answered; no verdict was produced
  [unanswered] mutation-tier-writes-its-own-edits/no-mutation-tier-code-changed x .acceptance/mutant-labels/projects/thefuck-1/tests/test_utils.py::TestCache::test_with_filled_cache
    offered to the judge and not answered; no verdict was produced
  [unanswered] mutation-tier-writes-its-own-edits/no-mutation-tier-code-changed x .acceptance/mutant-labels/projects/thefuck-10/tests/test_conf.py::test_settings_defaults
    offered to the judge and not answered; no verdict was produced
  [unanswered] mutation-tier-writes-its-own-edits/no-mutation-tier-code-changed x .acceptance/mutant-labels/projects/thefuck-10/tests/test_utils.py::TestCache::test_with_filled_cache
    offered to the judge and not answered; no verdict was produced
  [unanswered] mutation-tier-writes-its-own-edits/no-mutation-tier-code-changed x .acceptance/mutant-labels/projects/thefuck-11/tests/test_conf.py::test_settings_defaults
    offered to the judge and not answered; no verdict was produced
  [unanswered] mutation-tier-writes-its-own-edits/no-mutation-tier-code-changed x .acceptance/mutant-labels/projects/thefuck-11/tests/test_utils.py::TestCache::test_with_blank_cache
    offered to the judge and not answered; no verdict was produced
  [unanswered] mutation-tier-writes-its-own-edits/no-mutation-tier-code-changed x .acceptance/mutant-labels/projects/thefuck-11/tests/test_utils.py::TestCache::test_with_filled_cache
    offered to the judge and not answered; no verdict was produced
  [unanswered] sandbox-tests-run-in-existing-sandbox/sample-report-path-bypasses-sandbox x .acceptance/mutant-labels/projects/thefuck-1/tests/entrypoints/test_not_configured.py::test_for_generic_shell
    offered to the judge and not answered; no verdict was produced
  [unanswered] sandbox-tests-run-in-existing-sandbox/sample-report-path-bypasses-sandbox x .acceptance/mutant-labels/projects/thefuck-1/tests/entrypoints/test_not_configured.py::test_on_first_run
    offered to the judge and not answered; no verdict was produced
  [unanswered] sandbox-tests-run-in-existing-sandbox/sample-report-path-bypasses-sandbox x .acceptance/mutant-labels/projects/thefuck-1/tests/entrypoints/test_not_configured.py::test_on_first_run_from_current_shell
    offered to the judge and not answered; no verdict was produced
  [unanswered] sandbox-tests-run-in-existing-sandbox/sample-report-path-bypasses-sandbox x .acceptance/mutant-labels/projects/thefuck-1/tests/entrypoints/test_not_configured.py::test_on_run_after_other_commands
    offered to the judge and not answered; no verdict was produced
  [unanswered] sandbox-tests-run-in-existing-sandbox/sample-report-path-bypasses-sandbox x .acceptance/mutant-labels/projects/thefuck-1/tests/entrypoints/test_not_configured.py::test_when_already_configured
    offered to the judge and not answered; no verdict was produced
  [unanswered] sandbox-tests-run-in-existing-sandbox/sample-report-path-bypasses-sandbox x .acceptance/mutant-labels/projects/thefuck-1/tests/entrypoints/test_not_configured.py::test_when_successfully_configured
    offered to the judge and not answered; no verdict was produced
  [unanswered] sandbox-tests-run-in-existing-sandbox/sample-report-path-bypasses-sandbox x .acceptance/mutant-labels/projects/thefuck-1/tests/shells/test_fish.py::TestFish::test_get_overridden_aliases
    offered to the judge and not answered; no verdict was produced
  [unanswered] sandbox-tests-run-in-existing-sandbox/sample-report-path-bypasses-sandbox x .acceptance/mutant-labels/projects/thefuck-1/tests/test_utils.py::TestCache::test_with_filled_cache
    offered to the judge and not answered; no verdict was produced
  [unanswered] sandbox-tests-run-in-existing-sandbox/sample-report-path-bypasses-sandbox x .acceptance/mutant-labels/projects/thefuck-10/tests/test_utils.py::TestCache::test_with_filled_cache
    offered to the judge and not answered; no verdict was produced
  [unanswered] sandbox-tests-run-in-existing-sandbox/sample-report-path-bypasses-sandbox x .acceptance/mutant-labels/projects/thefuck-11/tests/test_utils.py::TestCache::test_with_blank_cache
    offered to the judge and not answered; no verdict was produced
  [unanswered] sandbox-tests-run-in-existing-sandbox/sample-report-path-bypasses-sandbox x .acceptance/mutant-labels/projects/thefuck-11/tests/test_utils.py::TestCache::test_with_filled_cache
    offered to the judge and not answered; no verdict was produced
  [unanswered] survivors-not-evidence-of-weak-test/equivalent-edit-flag-never-recorded x .acceptance/mutant-labels/projects/thefuck-1/tests/entrypoints/test_not_configured.py::test_on_first_run_from_current_shell
    offered to the judge and not answered; no verdict was produced
  [unanswered] survivors-not-evidence-of-weak-test/equivalent-edit-flag-never-recorded x .acceptance/mutant-labels/projects/thefuck-1/tests/entrypoints/test_not_configured.py::test_on_run_after_other_commands
    offered to the judge and not answered; no verdict was produced
  [unanswered] survivors-not-evidence-of-weak-test/equivalent-edit-flag-never-recorded x .acceptance/mutant-labels/projects/thefuck-1/tests/entrypoints/test_not_configured.py::test_when_already_configured
    offered to the judge and not answered; no verdict was produced
  [unanswered] survivors-not-evidence-of-weak-test/equivalent-edit-flag-never-recorded x .acceptance/mutant-labels/projects/thefuck-1/tests/entrypoints/test_not_configured.py::test_when_successfully_configured
    offered to the judge and not answered; no verdict was produced
  [unanswered] survivors-not-evidence-of-weak-test/equivalent-edit-flag-never-recorded x .acceptance/mutant-labels/projects/thefuck-1/tests/shells/test_fish.py::TestFish::test_get_overridden_aliases
    offered to the judge and not answered; no verdict was produced
  [unanswered] survivors-not-evidence-of-weak-test/equivalent-edit-flag-never-recorded x .acceptance/mutant-labels/projects/thefuck-1/tests/test_conf.py::test_settings_defaults
    offered to the judge and not answered; no verdict was produced
  [unanswered] survivors-not-evidence-of-weak-test/equivalent-edit-flag-never-recorded x .acceptance/mutant-labels/projects/thefuck-1/tests/test_utils.py::TestCache::test_with_filled_cache
    offered to the judge and not answered; no verdict was produced
  [unanswered] survivors-not-evidence-of-weak-test/equivalent-edit-flag-never-recorded x .acceptance/mutant-labels/projects/thefuck-10/tests/test_conf.py::test_settings_defaults
    offered to the judge and not answered; no verdict was produced
  [unanswered] survivors-not-evidence-of-weak-test/equivalent-edit-flag-never-recorded x .acceptance/mutant-labels/projects/thefuck-10/tests/test_utils.py::TestCache::test_with_filled_cache
    offered to the judge and not answered; no verdict was produced
  [unanswered] survivors-not-evidence-of-weak-test/equivalent-edit-flag-never-recorded x .acceptance/mutant-labels/projects/thefuck-11/tests/test_conf.py::test_settings_defaults
    offered to the judge and not answered; no verdict was produced
  [unanswered] survivors-not-evidence-of-weak-test/equivalent-edit-flag-never-recorded x .acceptance/mutant-labels/projects/thefuck-11/tests/test_utils.py::TestCache::test_with_blank_cache
    offered to the judge and not answered; no verdict was produced
  [unanswered] survivors-not-evidence-of-weak-test/equivalent-edit-flag-never-recorded x .acceptance/mutant-labels/projects/thefuck-11/tests/test_utils.py::TestCache::test_with_filled_cache
    offered to the judge and not answered; no verdict was produced
  [unanswered] survivors-not-evidence-of-weak-test/equivalent-edit-flag-never-recorded x tests/benchmark/test_mutant_labels.py::test_docstrings_are_never_mutated
    offered to the judge and not answered; no verdict was produced
  [unanswered] test-failure-status-recorded/failure-status-not-populated-from-run-outcome x .acceptance/mutant-labels/projects/thefuck-1/tests/entrypoints/test_not_configured.py::test_for_generic_shell
    offered to the judge and not answered; no verdict was produced
  [unanswered] test-failure-status-recorded/failure-status-not-populated-from-run-outcome x .acceptance/mutant-labels/projects/thefuck-1/tests/entrypoints/test_not_configured.py::test_on_first_run
    offered to the judge and not answered; no verdict was produced
  [unanswered] test-failure-status-recorded/failure-status-not-populated-from-run-outcome x .acceptance/mutant-labels/projects/thefuck-1/tests/entrypoints/test_not_configured.py::test_on_first_run_from_current_shell
    offered to the judge and not answered; no verdict was produced
  [unanswered] test-failure-status-recorded/failure-status-not-populated-from-run-outcome x .acceptance/mutant-labels/projects/thefuck-1/tests/entrypoints/test_not_configured.py::test_on_run_after_other_commands
    offered to the judge and not answered; no verdict was produced
  [unanswered] test-failure-status-recorded/failure-status-not-populated-from-run-outcome x .acceptance/mutant-labels/projects/thefuck-1/tests/entrypoints/test_not_configured.py::test_when_already_configured
    offered to the judge and not answered; no verdict was produced
  [unanswered] test-failure-status-recorded/failure-status-not-populated-from-run-outcome x .acceptance/mutant-labels/projects/thefuck-1/tests/entrypoints/test_not_configured.py::test_when_successfully_configured
    offered to the judge and not answered; no verdict was produced
  [unanswered] test-failure-status-recorded/failure-status-not-populated-from-run-outcome x .acceptance/mutant-labels/projects/thefuck-1/tests/shells/test_fish.py::TestFish::test_get_overridden_aliases
    offered to the judge and not answered; no verdict was produced
  [unanswered] test-failure-status-recorded/failure-status-not-populated-from-run-outcome x .acceptance/mutant-labels/projects/thefuck-1/tests/test_conf.py::test_settings_defaults
    offered to the judge and not answered; no verdict was produced
  [unanswered] test-failure-status-recorded/failure-status-not-populated-from-run-outcome x .acceptance/mutant-labels/projects/thefuck-1/tests/test_utils.py::TestCache::test_with_filled_cache
    offered to the judge and not answered; no verdict was produced
  [unanswered] test-failure-status-recorded/failure-status-not-populated-from-run-outcome x .acceptance/mutant-labels/projects/thefuck-10/tests/test_conf.py::test_settings_defaults
    offered to the judge and not answered; no verdict was produced
  [unanswered] test-failure-status-recorded/failure-status-not-populated-from-run-outcome x .acceptance/mutant-labels/projects/thefuck-10/tests/test_utils.py::TestCache::test_with_filled_cache
    offered to the judge and not answered; no verdict was produced
  [unanswered] test-failure-status-recorded/failure-status-not-populated-from-run-outcome x .acceptance/mutant-labels/projects/thefuck-11/tests/test_conf.py::test_settings_defaults
    offered to the judge and not answered; no verdict was produced
  [unanswered] test-failure-status-recorded/failure-status-not-populated-from-run-outcome x .acceptance/mutant-labels/projects/thefuck-11/tests/test_utils.py::TestCache::test_with_blank_cache
    offered to the judge and not answered; no verdict was produced
  [unanswered] test-failure-status-recorded/failure-status-not-populated-from-run-outcome x .acceptance/mutant-labels/projects/thefuck-11/tests/test_utils.py::TestCache::test_with_filled_cache
    offered to the judge and not answered; no verdict was produced
  [unanswered] test-failure-status-recorded/missing-test-failure-status-field x .acceptance/mutant-labels/projects/thefuck-1/tests/entrypoints/test_not_configured.py::test_for_generic_shell
    offered to the judge and not answered; no verdict was produced
  [unanswered] test-failure-status-recorded/missing-test-failure-status-field x .acceptance/mutant-labels/projects/thefuck-1/tests/entrypoints/test_not_configured.py::test_on_first_run
    offered to the judge and not answered; no verdict was produced
  [unanswered] test-failure-status-recorded/missing-test-failure-status-field x .acceptance/mutant-labels/projects/thefuck-1/tests/entrypoints/test_not_configured.py::test_on_first_run_from_current_shell
    offered to the judge and not answered; no verdict was produced
  [unanswered] test-failure-status-recorded/missing-test-failure-status-field x .acceptance/mutant-labels/projects/thefuck-1/tests/entrypoints/test_not_configured.py::test_on_run_after_other_commands
    offered to the judge and not answered; no verdict was produced
  [unanswered] test-failure-status-recorded/missing-test-failure-status-field x .acceptance/mutant-labels/projects/thefuck-1/tests/entrypoints/test_not_configured.py::test_when_already_configured
    offered to the judge and not answered; no verdict was produced
  [unanswered] test-failure-status-recorded/missing-test-failure-status-field x .acceptance/mutant-labels/projects/thefuck-1/tests/entrypoints/test_not_configured.py::test_when_successfully_configured
    offered to the judge and not answered; no verdict was produced
  [unanswered] test-failure-status-recorded/missing-test-failure-status-field x .acceptance/mutant-labels/projects/thefuck-1/tests/test_utils.py::TestCache::test_with_filled_cache
    offered to the judge and not answered; no verdict was produced
  [unanswered] test-failure-status-recorded/missing-test-failure-status-field x .acceptance/mutant-labels/projects/thefuck-10/tests/test_utils.py::TestCache::test_with_filled_cache
    offered to the judge and not answered; no verdict was produced
  [unanswered] test-failure-status-recorded/missing-test-failure-status-field x .acceptance/mutant-labels/projects/thefuck-11/tests/test_utils.py::TestCache::test_with_filled_cache
    offered to the judge and not answered; no verdict was produced
  [unanswered] test-failure-status-recorded/status-encoded-as-killed-instead-of-failure-status x .acceptance/mutant-labels/projects/thefuck-1/tests/entrypoints/test_not_configured.py::test_on_first_run
    offered to the judge and not answered; no verdict was produced
  [unanswered] test-failure-status-recorded/status-encoded-as-killed-instead-of-failure-status x .acceptance/mutant-labels/projects/thefuck-1/tests/entrypoints/test_not_configured.py::test_on_first_run_from_current_shell
    offered to the judge and not answered; no verdict was produced
  [unanswered] test-failure-status-recorded/status-encoded-as-killed-instead-of-failure-status x .acceptance/mutant-labels/projects/thefuck-1/tests/entrypoints/test_not_configured.py::test_on_run_after_other_commands
    offered to the judge and not answered; no verdict was produced
  [unanswered] test-failure-status-recorded/status-encoded-as-killed-instead-of-failure-status x .acceptance/mutant-labels/projects/thefuck-1/tests/entrypoints/test_not_configured.py::test_when_already_configured
    offered to the judge and not answered; no verdict was produced
  [unanswered] test-failure-status-recorded/status-encoded-as-killed-instead-of-failure-status x .acceptance/mutant-labels/projects/thefuck-1/tests/entrypoints/test_not_configured.py::test_when_cant_configure_automatically
    offered to the judge and not answered; no verdict was produced
  [unanswered] test-failure-status-recorded/status-encoded-as-killed-instead-of-failure-status x .acceptance/mutant-labels/projects/thefuck-1/tests/entrypoints/test_not_configured.py::test_when_successfully_configured
    offered to the judge and not answered; no verdict was produced
  [unanswered] test-failure-status-recorded/status-encoded-as-killed-instead-of-failure-status x .acceptance/mutant-labels/projects/thefuck-1/tests/shells/test_fish.py::TestFish::test_get_overridden_aliases
    offered to the judge and not answered; no verdict was produced
  [unanswered] test-failure-status-recorded/status-encoded-as-killed-instead-of-failure-status x .acceptance/mutant-labels/projects/thefuck-1/tests/test_conf.py::test_settings_defaults
    offered to the judge and not answered; no verdict was produced
  [unanswered] test-failure-status-recorded/status-encoded-as-killed-instead-of-failure-status x .acceptance/mutant-labels/projects/thefuck-1/tests/test_utils.py::TestCache::test_with_filled_cache
    offered to the judge and not answered; no verdict was produced
  [unanswered] test-failure-status-recorded/status-encoded-as-killed-instead-of-failure-status x .acceptance/mutant-labels/projects/thefuck-10/tests/test_conf.py::test_settings_defaults
    offered to the judge and not answered; no verdict was produced
  [unanswered] test-failure-status-recorded/status-encoded-as-killed-instead-of-failure-status x .acceptance/mutant-labels/projects/thefuck-10/tests/test_utils.py::TestCache::test_with_filled_cache
    offered to the judge and not answered; no verdict was produced
  [unanswered] test-failure-status-recorded/status-encoded-as-killed-instead-of-failure-status x .acceptance/mutant-labels/projects/thefuck-11/tests/test_conf.py::test_settings_defaults
    offered to the judge and not answered; no verdict was produced
  [unanswered] test-failure-status-recorded/status-encoded-as-killed-instead-of-failure-status x .acceptance/mutant-labels/projects/thefuck-11/tests/test_utils.py::TestCache::test_with_blank_cache
    offered to the judge and not answered; no verdict was produced
  [unanswered] test-failure-status-recorded/status-encoded-as-killed-instead-of-failure-status x .acceptance/mutant-labels/projects/thefuck-11/tests/test_utils.py::TestCache::test_with_filled_cache
    offered to the judge and not answered; no verdict was produced
  [unanswered] test-source/test-source-not-included-in-case-output x .acceptance/mutant-labels/projects/thefuck-1/tests/entrypoints/test_not_configured.py::test_for_generic_shell
    offered to the judge and not answered; no verdict was produced
  [unanswered] test-source/test-source-not-included-in-case-output x .acceptance/mutant-labels/projects/thefuck-1/tests/entrypoints/test_not_configured.py::test_on_run_after_other_commands
    offered to the judge and not answered; no verdict was produced
  [unanswered] test-source/test-source-not-included-in-case-output x .acceptance/mutant-labels/projects/thefuck-1/tests/entrypoints/test_not_configured.py::test_when_already_configured
    offered to the judge and not answered; no verdict was produced
  [unanswered] test-source/test-source-not-included-in-case-output x .acceptance/mutant-labels/projects/thefuck-1/tests/entrypoints/test_not_configured.py::test_when_cant_configure_automatically
    offered to the judge and not answered; no verdict was produced
  [unanswered] test-source/test-source-not-included-in-case-output x .acceptance/mutant-labels/projects/thefuck-1/tests/entrypoints/test_not_configured.py::test_when_successfully_configured
    offered to the judge and not answered; no verdict was produced
  [unanswered] test-source/test-source-not-included-in-case-output x .acceptance/mutant-labels/projects/thefuck-1/tests/shells/test_fish.py::TestFish::test_get_overridden_aliases
    offered to the judge and not answered; no verdict was produced
  [unanswered] test-source/test-source-not-included-in-case-output x .acceptance/mutant-labels/projects/thefuck-1/tests/test_utils.py::TestCache::test_with_filled_cache
    offered to the judge and not answered; no verdict was produced
  [unanswered] test-source/test-source-not-included-in-case-output x .acceptance/mutant-labels/projects/thefuck-10/tests/test_utils.py::TestCache::test_with_filled_cache
    offered to the judge and not answered; no verdict was produced
  [unanswered] test-source/test-source-not-included-in-case-output x .acceptance/mutant-labels/projects/thefuck-11/tests/test_utils.py::TestCache::test_with_blank_cache
    offered to the judge and not answered; no verdict was produced
  [unanswered] test-source/test-source-not-included-in-case-output x .acceptance/mutant-labels/projects/thefuck-11/tests/test_utils.py::TestCache::test_with_filled_cache
    offered to the judge and not answered; no verdict was produced
  [unanswered] test-source/test-source-not-included-in-case-output x tests/benchmark/test_mutant_labels.py::test_docstrings_are_never_mutated
    offered to the judge and not answered; no verdict was produced
  [unanswered] test-source/test-source-not-written-into-label-file x .acceptance/mutant-labels/projects/thefuck-1/tests/entrypoints/test_not_configured.py::test_on_run_after_other_commands
    offered to the judge and not answered; no verdict was produced
  [unanswered] test-source/test-source-not-written-into-label-file x .acceptance/mutant-labels/projects/thefuck-1/tests/entrypoints/test_not_configured.py::test_when_already_configured
    offered to the judge and not answered; no verdict was produced
  [unanswered] test-source/test-source-not-written-into-label-file x .acceptance/mutant-labels/projects/thefuck-1/tests/entrypoints/test_not_configured.py::test_when_cant_configure_automatically
    offered to the judge and not answered; no verdict was produced
  [unanswered] test-source/test-source-not-written-into-label-file x .acceptance/mutant-labels/projects/thefuck-1/tests/entrypoints/test_not_configured.py::test_when_successfully_configured
    offered to the judge and not answered; no verdict was produced
  [unanswered] test-source/test-source-not-written-into-label-file x .acceptance/mutant-labels/projects/thefuck-1/tests/shells/test_fish.py::TestFish::test_get_overridden_aliases
    offered to the judge and not answered; no verdict was produced
  [unanswered] test-source/test-source-not-written-into-label-file x .acceptance/mutant-labels/projects/thefuck-1/tests/test_utils.py::TestCache::test_with_filled_cache
    offered to the judge and not answered; no verdict was produced
  [unanswered] test-source/test-source-not-written-into-label-file x .acceptance/mutant-labels/projects/thefuck-10/tests/test_utils.py::TestCache::test_with_filled_cache
    offered to the judge and not answered; no verdict was produced
  [unanswered] test-source/test-source-not-written-into-label-file x .acceptance/mutant-labels/projects/thefuck-11/tests/test_utils.py::TestCache::test_with_filled_cache
    offered to the judge and not answered; no verdict was produced
  [unanswered] test-source/test-source-not-written-into-label-file x tests/benchmark/test_mutant_labels.py::test_docstrings_are_never_mutated
    offered to the judge and not answered; no verdict was produced
  [unanswered] typed-loader-for-cases/not-wired-to-typed-loader x .acceptance/mutant-labels/projects/thefuck-1/tests/entrypoints/test_not_configured.py::test_for_generic_shell
    offered to the judge and not answered; no verdict was produced
  [unanswered] typed-loader-for-cases/not-wired-to-typed-loader x .acceptance/mutant-labels/projects/thefuck-1/tests/entrypoints/test_not_configured.py::test_on_first_run
    offered to the judge and not answered; no verdict was produced
  [unanswered] typed-loader-for-cases/not-wired-to-typed-loader x .acceptance/mutant-labels/projects/thefuck-1/tests/entrypoints/test_not_configured.py::test_on_first_run_from_current_shell
    offered to the judge and not answered; no verdict was produced
  [unanswered] typed-loader-for-cases/not-wired-to-typed-loader x .acceptance/mutant-labels/projects/thefuck-1/tests/entrypoints/test_not_configured.py::test_on_run_after_other_commands
    offered to the judge and not answered; no verdict was produced
  [unanswered] typed-loader-for-cases/not-wired-to-typed-loader x .acceptance/mutant-labels/projects/thefuck-1/tests/entrypoints/test_not_configured.py::test_when_cant_configure_automatically
    offered to the judge and not answered; no verdict was produced
  [unanswered] typed-loader-for-cases/not-wired-to-typed-loader x .acceptance/mutant-labels/projects/thefuck-1/tests/entrypoints/test_not_configured.py::test_when_successfully_configured
    offered to the judge and not answered; no verdict was produced
  [unanswered] typed-loader-for-cases/not-wired-to-typed-loader x .acceptance/mutant-labels/projects/thefuck-1/tests/test_utils.py::TestCache::test_when_etag_changed
    offered to the judge and not answered; no verdict was produced
  [unanswered] typed-loader-for-cases/not-wired-to-typed-loader x .acceptance/mutant-labels/projects/thefuck-1/tests/test_utils.py::TestCache::test_with_filled_cache
    offered to the judge and not answered; no verdict was produced
  [unanswered] typed-loader-for-cases/not-wired-to-typed-loader x .acceptance/mutant-labels/projects/thefuck-10/tests/test_utils.py::TestCache::test_when_etag_changed
    offered to the judge and not answered; no verdict was produced
  [unanswered] typed-loader-for-cases/not-wired-to-typed-loader x .acceptance/mutant-labels/projects/thefuck-10/tests/test_utils.py::TestCache::test_with_filled_cache
    offered to the judge and not answered; no verdict was produced
  [unanswered] typed-loader-for-cases/not-wired-to-typed-loader x .acceptance/mutant-labels/projects/thefuck-11/tests/test_utils.py::TestCache::test_when_etag_changed
    offered to the judge and not answered; no verdict was produced
  [unanswered] typed-loader-for-cases/not-wired-to-typed-loader x .acceptance/mutant-labels/projects/thefuck-11/tests/test_utils.py::TestCache::test_with_filled_cache
    offered to the judge and not answered; no verdict was produced
  [passed_under_edit] baseline-failing-test-set-aside/baseline-failing-tests-not-filtered-before-mutant-runs x 22 candidate test(s)
    not asked: the test still passed when this defect was injected, and 2 other candidate test(s) failed under the same edit. The edit was not verified, so this is not evidence that the test fails to catch the defect.
  [passed_under_edit] case-holds-requirement-text/missing-requirement-text-field x 23 candidate test(s)
    not asked: the test still passed when this defect was injected, and 1 other candidate test(s) failed under the same edit. The edit was not verified, so this is not evidence that the test fails to catch the defect.
  [passed_under_edit] case-holds-requirement-text/requirement-text-not-propagated-to-cases x 23 candidate test(s)
    not asked: the test still passed when this defect was injected, and 1 other candidate test(s) failed under the same edit. The edit was not verified, so this is not evidence that the test fails to catch the defect.
  [passed_under_edit] defect-description-matches-edit/case-record-uses-mismatched-edit-fields x 23 candidate test(s)
    not asked: the test still passed when this defect was injected, and 1 other candidate test(s) failed under the same edit. The edit was not verified, so this is not evidence that the test fails to catch the defect.
  [passed_under_edit] implementation-hunk-present/missing-implementation-hunk x 23 candidate test(s)
    not asked: the test still passed when this defect was injected, and 1 other candidate test(s) failed under the same edit. The edit was not verified, so this is not evidence that the test fails to catch the defect.
  [passed_under_edit] labels-from-running-tests/labels-not-grounded-in-run x 23 candidate test(s)
    not asked: the test still passed when this defect was injected, and 1 other candidate test(s) failed under the same edit. The edit was not verified, so this is not evidence that the test fails to catch the defect.
  [passed_under_edit] mechanical-edit-defect/mutated-source-and-edit-text-can-diverge x 23 candidate test(s)
    not asked: the test still passed when this defect was injected, and 1 other candidate test(s) failed under the same edit. The edit was not verified, so this is not evidence that the test fails to catch the defect.
  [defect_already_covered] baseline-failing-test-set-aside/baseline-failing-tests-not-filtered-before-mutant-runs x 18 candidate test(s), ranked 24 to 43
    not asked: the defect was already covered by tests/benchmark/test_mutant_labels.py::test_a_red_test_is_set_aside_and_never_labelled
  [defect_already_covered] baseline-failing-test-set-aside/baseline-failure-misclassified-as-mutant-result x 40 candidate test(s), ranked 5 to 44
    not asked: the defect was already covered by tests/benchmark/test_mutant_labels.py::test_a_red_test_is_set_aside_and_never_labelled
  [defect_already_covered] baseline-failing-test-set-aside/baseline-failure-not-added-to-set-aside-records x 40 candidate test(s), ranked 5 to 44
    not asked: the defect was already covered by tests/benchmark/test_mutant_labels.py::test_a_red_test_is_set_aside_and_never_labelled
  [defect_already_covered] bugs-in-py-pinned-rebuild-determinism/noncanonical-json-output x 40 candidate test(s), ranked 5 to 44
    not asked: the defect was already covered by tests/benchmark/test_mutant_labels.py::test_rebuilding_from_the_same_pins_writes_the_same_bytes
  [defect_already_covered] bugs-in-py-pinned-rebuild-determinism/random-selection-not-fully-seeded x 40 candidate test(s), ranked 5 to 44
    not asked: the defect was already covered by tests/benchmark/test_mutant_labels.py::test_generation_is_deterministic, tests/benchmark/test_mutant_labels.py::test_the_survivor_sample_takes_one_case_per_edit_and_is_seeded
  [defect_already_covered] bugs-in-py-pinned-rebuild-determinism/unordered-case-collection x 40 candidate test(s), ranked 5 to 44
    not asked: the defect was already covered by tests/benchmark/test_mutant_labels.py::test_rebuilding_from_the_same_pins_writes_the_same_bytes
  [defect_already_covered] case-holds-requirement-text/missing-requirement-text-field x 17 candidate test(s), ranked 25 to 44
    not asked: the defect was already covered by tests/benchmark/test_mutant_labels.py::test_the_build_labels_every_usable_test_against_every_mutant
  [defect_already_covered] case-holds-requirement-text/requirement-text-not-propagated-to-cases x 17 candidate test(s), ranked 25 to 44
    not asked: the defect was already covered by tests/benchmark/test_mutant_labels.py::test_the_build_labels_every_usable_test_against_every_mutant
  [defect_already_covered] case-holds-requirement-text/wrong-source-for-requirement-text x 19 candidate test(s), ranked 5 to 43
    not asked: the defect was already covered by tests/benchmark/test_mutant_labels.py::test_loader_reads_the_synthetic_fixture_into_typed_cases
  [defect_already_covered] defect-description-matches-edit/case-record-uses-mismatched-edit-fields x 17 candidate test(s), ranked 24 to 43
    not asked: the defect was already covered by tests/benchmark/test_mutant_labels.py::test_the_build_labels_every_usable_test_against_every_mutant
  [defect_already_covered] defect-description-matches-edit/description-and-edit-can-diverge-after-case-creation x 40 candidate test(s), ranked 5 to 44
    not asked: the defect was already covered by tests/benchmark/test_mutant_labels.py::test_the_description_quotes_the_exact_edit
  [defect_already_covered] defect-description-matches-edit/description-built-from-wrong-source x 40 candidate test(s), ranked 5 to 44
    not asked: the defect was already covered by tests/benchmark/test_mutant_labels.py::test_the_description_quotes_the_exact_edit
  [defect_already_covered] exact-edit-applied/edit-text-not-propagated-to-output x 16 candidate test(s), ranked 29 to 44
    not asked: the defect was already covered by tests/benchmark/test_mutant_labels.py::test_every_operator_edits_only_the_requested_lines_and_still_parses
  [defect_already_covered] exact-edit-applied/missing-exact-edit-in-task-file x 40 candidate test(s), ranked 5 to 44
    not asked: the defect was already covered by tests/benchmark/test_mutant_labels.py::test_the_description_quotes_the_exact_edit
  [defect_already_covered] fixed-operator-mutants-on-bugsinpy-projects/multi-line-edit-emission x 40 candidate test(s), ranked 5 to 44
    not asked: the defect was already covered by tests/benchmark/test_mutant_labels.py::test_a_utf8_line_is_spliced_at_the_right_bytes, tests/benchmark/test_mutant_labels.py::test_every_operator_edits_only_the_requested_lines_and_still_parses
  [defect_already_covered] fixed-operator-mutants-on-bugsinpy-projects/non-fixed-edit-operators x 40 candidate test(s), ranked 5 to 44
    not asked: the defect was already covered by tests/benchmark/test_mutant_labels.py::test_a_utf8_line_is_spliced_at_the_right_bytes, tests/benchmark/test_mutant_labels.py::test_every_operator_edits_only_the_requested_lines_and_still_parses
  [defect_already_covered] implementation-hunk-present/missing-implementation-hunk x 17 candidate test(s), ranked 23 to 44
    not asked: the defect was already covered by tests/benchmark/test_mutant_labels.py::test_the_build_labels_every_usable_test_against_every_mutant
  [defect_already_covered] labels-from-running-tests/labels-not-grounded-in-run x 17 candidate test(s), ranked 24 to 44
    not asked: the defect was already covered by tests/benchmark/test_mutant_labels.py::test_the_build_labels_every_usable_test_against_every_mutant
  [defect_already_covered] mechanical-edit-defect/case-description-not-tied-to-single-mechanical-operator x 40 candidate test(s), ranked 5 to 44
    not asked: the defect was already covered by tests/benchmark/test_mutant_labels.py::test_the_description_quotes_the_exact_edit
  [defect_already_covered] mechanical-edit-defect/description-and-edit-can-drift-apart x 40 candidate test(s), ranked 5 to 44
    not asked: the defect was already covered by tests/benchmark/test_mutant_labels.py::test_the_description_quotes_the_exact_edit
  [defect_already_covered] mechanical-edit-defect/mutated-source-and-edit-text-can-diverge x 17 candidate test(s), ranked 26 to 44
    not asked: the defect was already covered by tests/benchmark/test_mutant_labels.py::test_the_description_quotes_the_exact_edit
  [defect_already_covered] no-judge-scoring/report-uses-cases-to-score x 40 candidate test(s), ranked 5 to 44
    not asked: the defect was already covered by tests/benchmark/test_mutant_labels.py::test_the_report_holds_counts_and_the_spot_check_share_only
  [defect_already_covered] sandbox-tests-run-in-existing-sandbox/build-path-bypasses-sandbox x 40 candidate test(s), ranked 5 to 44
    not asked: the defect was already covered by tests/benchmark/test_mutant_labels.py::test_nothing_runs_inside_the_prepared_checkout
  [defect_already_covered] survivors-not-evidence-of-weak-test/survivor-check-uses-cases-instead-of-edits x 40 candidate test(s), ranked 5 to 44
    not asked: the defect was already covered by tests/benchmark/test_mutant_labels.py::test_the_survivor_sample_takes_one_case_per_edit_and_is_seeded
  [defect_already_covered] test-source/test-source-extraction-fails-for-some-test-ids x 40 candidate test(s), ranked 5 to 44
    not asked: the defect was already covered by tests/benchmark/test_mutant_labels.py::test_a_test_s_source_includes_its_decorators

Running the project's tests:
  the project's tests were run: 40 enumerated defect(s) name an editable region and pair routing is on, so an observation can decide which pairs are worth a model call — it still cannot count as evidence, because edit verification is off

Defects injected, and which tests caught them:

  [killed, NOT COUNTED] baseline-failing-test-set-aside/baseline-failing-tests-not-filtered-before-mutant-runs
    candidate edits: 1 asked for, 0 set aside, used candidate 1
    injected at src/acceptance/benchmark/mutants/build.py lines 164-166:
      -     sources = {test_id: source_of_test(test_text, test_id) for test_id in usable}
      -     for index, mutant in enumerate(mutants):
      -         outcomes = _run_mutant(mutant, root, usable, config, runner)
      +     sources = {test_id: source_of_test(test_text, test_id) for test_id in usable}
      +     for index, mutant in enumerate(mutants):
      +         outcomes = _run_mutant(mutant, root, selected, config, runner)
    caught by (2):
      tests/benchmark/test_mutant_labels.py::test_a_red_test_is_set_aside_and_never_labelled
      tests/benchmark/test_mutant_labels.py::test_the_build_labels_every_usable_test_against_every_mutant
    edit NOT verified to make the defect true, so this result is not counted; tier: static, and the defect went to the static judge
    pairs: 0 settled by the run, 3 put to the model, 22 dropped as not worth asking, 18 skipped once the defect was covered

  [survived, NOT COUNTED] baseline-failing-test-set-aside/baseline-failure-misclassified-as-mutant-result
    candidate edits: 2 asked for, 1 set aside, used candidate 2
      1. set aside (changed_nothing): the replacement for src/acceptance/benchmark/mutants/build.py lines 149..154 is identical to what it replaces, so nothing would be injected and every test would 'survive' a defect that was never introduced
         at src/acceptance/benchmark/mutants/build.py lines 149-154:
           -     usable = sorted(control.usable_tests)
           -     if not usable:
           -         result.skipped_bugs.append(
           -             SkippedBug(bug=bug.key, reason="every selected test was set aside by the control run")
           -         )
           -         return
           +     usable = sorted(control.usable_tests)
           +     if not usable:
           +         result.skipped_bugs.append(
           +             SkippedBug(bug=bug.key, reason="every selected test was set aside by the control run")
           +         )
           +         return
    injected at src/acceptance/benchmark/mutants/build.py lines 149-154:
      -     usable = sorted(control.usable_tests)
      -     if not usable:
      -         result.skipped_bugs.append(
      -             SkippedBug(bug=bug.key, reason="every selected test was set aside by the control run")
      -         )
      -         return
      +     usable = sorted(control.usable_tests)
      +     if not usable:
      +         usable = selected
    no test caught it; 24 candidate test(s) ran and none failed
    edit NOT verified to make the defect true, so this result is not counted; tier: static, and the defect went to the static judge
    pairs: 0 settled by the run, 4 put to the model, 0 dropped as not worth asking, 40 skipped once the defect was covered

  [survived, NOT COUNTED] baseline-failing-test-set-aside/baseline-failure-not-added-to-set-aside-records
    candidate edits: 2 asked for, 1 set aside, used candidate 2
      1. set aside (changed_nothing): the replacement for src/acceptance/benchmark/mutants/build.py lines 137..148 is identical to what it replaces, so nothing would be injected and every test would 'survive' a defect that was never introduced
         at src/acceptance/benchmark/mutants/build.py lines 137-148:
           -     for test in control.set_aside:
           -         result.set_aside_tests.append(
           -             SetAsideTestRecord(
           -                 project=bug.project,
           -                 bug_id=bug.bug_id,
           -                 test_id=test.test_id,
           -                 kind=test.kind.value,
           -                 reason=test.reason,
           -                 error_type=test.error_type,
           -                 detail=test.detail,
           -             )
           -         )
           +     for test in control.set_aside:
           +         result.set_aside_tests.append(
           +             SetAsideTestRecord(
           +                 project=bug.project,
           +                 bug_id=bug.bug_id,
           +                 test_id=test.test_id,
           +                 kind=test.kind.value,
           +                 reason=test.reason,
           +                 error_type=test.error_type,
           +                 detail=test.detail,
           +             )
           +         )
    injected at src/acceptance/benchmark/mutants/build.py lines 137-148:
      -     for test in control.set_aside:
      -         result.set_aside_tests.append(
      -             SetAsideTestRecord(
      -                 project=bug.project,
      -                 bug_id=bug.bug_id,
      -                 test_id=test.test_id,
      -                 kind=test.kind.value,
      -                 reason=test.reason,
      -                 error_type=test.error_type,
      -                 detail=test.detail,
      -             )
      -         )
      +     for test in control.set_aside:
      +         if test.kind.value == "red":
      +             continue
      +         result.set_aside_tests.append(
      +             SetAsideTestRecord(
      +                 project=bug.project,
      +                 bug_id=bug.bug_id,
      +                 test_id=test.test_id,
      +                 kind=test.kind.value,
      +                 reason=test.reason,
      +                 error_type=test.error_type,
      +                 detail=test.detail,
      +             )
      +         )
    no test caught it; 24 candidate test(s) ran and none failed
    edit NOT verified to make the defect true, so this result is not counted; tier: static, and the defect went to the static judge
    pairs: 0 settled by the run, 4 put to the model, 0 dropped as not worth asking, 40 skipped once the defect was covered

  [survived, NOT COUNTED] bugs-in-py-license-and-local-derivation/aggregate-report-committable-but-labels-not-excluded
    candidate edits: 1 asked for, 0 set aside, used candidate 1
    injected at src/acceptance/benchmark/mutants/__main__.py lines 47-47:
      -         write_labels(labels, paths.labels)
      +         write_labels(labels, paths.root / "labels.json")
    no test caught it; 24 candidate test(s) ran and none failed
    edit NOT verified to make the defect true, so this result is not counted; tier: static, and the defect went to the static judge
    pairs: 0 settled by the run, 31 put to the model, 0 dropped as not worth asking, 0 skipped once the defect was covered

  [survived, NOT COUNTED] bugs-in-py-license-and-local-derivation/build-output-path-not-gitignored
    candidate edits: 2 asked for, 1 set aside, used candidate 2
      1. set aside (changed_nothing): the replacement for src/acceptance/benchmark/mutants/__main__.py lines 29..29 is identical to what it replaces, so nothing would be injected and every test would 'survive' a defect that was never introduced
         at src/acceptance/benchmark/mutants/__main__.py lines 29-29:
           - DEFAULT_ROOT = Path(".acceptance/mutant-labels")
           + DEFAULT_ROOT = Path(".acceptance/mutant-labels")
    injected at src/acceptance/benchmark/mutants/__main__.py lines 8-8:
      - Everything is read from and written to `.acceptance/mutant-labels/` (gitignored).
      + Everything is read from and written to `.acceptance/mutant-labels/`.
    no test caught it; 24 candidate test(s) ran and none failed
    edit NOT verified to make the defect true, so this result is not counted; tier: static, and the defect went to the static judge
    pairs: 0 settled by the run, 32 put to the model, 0 dropped as not worth asking, 0 skipped once the defect was covered

  [survived, NOT COUNTED] bugs-in-py-license-and-local-derivation/package-data-includes-derived-label-file
    candidate edits: 2 asked for, 1 set aside, used candidate 2
      1. set aside (changed_nothing): the replacement for pyproject.toml lines 29..29 is identical to what it replaces, so nothing would be injected and every test would 'survive' a defect that was never introduced
         at pyproject.toml lines 29-29:
           - "acceptance.benchmark.mutants" = ["pinned_bugs.json"]
           + "acceptance.benchmark.mutants" = ["pinned_bugs.json"]
    injected at pyproject.toml lines 29-29:
      - "acceptance.benchmark.mutants" = ["pinned_bugs.json"]
      + "acceptance.benchmark.mutants" = ["pinned_bugs.json", "pinned_bugs_labels.json"]
    no test caught it; 24 candidate test(s) ran and none failed
    edit NOT verified to make the defect true, so this result is not counted; tier: static, and the defect went to the static judge
    pairs: 0 settled by the run, 31 put to the model, 0 dropped as not worth asking, 0 skipped once the defect was covered

  [no_usable_edit] bugs-in-py-pinned-rebuild-determinism/noncanonical-json-output
    candidate edits: 3 asked for, 3 set aside, none used
      1. set aside (refused_after_run): every one of the 1 tests that failed under the edit failed with NameError, which means the edited code no longer loads or names something that does not exist. Those failures say nothing about the named defect, so this is not counted as a kill and the defect goes to the static judge.
         at src/acceptance/benchmark/mutants/build.py lines 95-95:
           -     path.write_text(canonical_json(labels.to_dict()) + "\n", encoding="utf-8")
           +     path.write_text(json.dumps(labels.to_dict(), indent=2) + "\n", encoding="utf-8")
      2. set aside (refused_after_run): every one of the 1 tests that failed under the edit failed with NameError, which means the edited code no longer loads or names something that does not exist. Those failures say nothing about the named defect, so this is not counted as a kill and the defect goes to the static judge.
         at src/acceptance/benchmark/mutants/build.py lines 95-95:
           -     path.write_text(canonical_json(labels.to_dict()) + "\n", encoding="utf-8")
           +     path.write_text(json.dumps(labels.to_dict(), indent=2) + "\n", encoding="utf-8")
      3. set aside (refused_after_run): every one of the 1 tests that failed under the edit failed with NameError, which means the edited code no longer loads or names something that does not exist. Those failures say nothing about the named defect, so this is not counted as a kill and the defect goes to the static judge.
         at src/acceptance/benchmark/mutants/build.py lines 95-95:
           -     path.write_text(canonical_json(labels.to_dict()) + "\n", encoding="utf-8")
           +     path.write_text(json.dumps(labels.to_dict(), indent=2) + "\n", encoding="utf-8")
    pairs: 0 settled by the run, 4 put to the model, 0 dropped as not worth asking, 40 skipped once the defect was covered
    all 3 candidate edit(s) asked for were set aside (3 refused_after_run). That is a fact about these candidates, not about the defect, which goes to the static judge like any defect with no usable edit.

  [survived, NOT COUNTED] bugs-in-py-pinned-rebuild-determinism/output-depends-on-unpinned-environment
    candidate edits: 2 asked for, 1 set aside, used candidate 2
      1. set aside (changed_nothing): the replacement for src/acceptance/benchmark/mutants/prepare.py lines 108..109 is identical to what it replaces, so nothing would be injected and every test would 'survive' a defect that was never introduced
         at src/acceptance/benchmark/mutants/prepare.py lines 108-109:
           -     owner_repo = bug.github_url.removeprefix("https://github.com/")
           -     url = f"https://codeload.github.com/{owner_repo}/tar.gz/{bug.fixed_commit}"
           +     owner_repo = bug.github_url.removeprefix("https://github.com/")
           +     url = f"https://codeload.github.com/{owner_repo}/tar.gz/{bug.fixed_commit}"
    injected at src/acceptance/benchmark/mutants/prepare.py lines 108-109:
      -     owner_repo = bug.github_url.removeprefix("https://github.com/")
      -     url = f"https://codeload.github.com/{owner_repo}/tar.gz/{bug.fixed_commit}"
      +     owner_repo = bug.github_url.removeprefix("https://github.com/")
      +     url = f"https://codeload.github.com/{owner_repo}/tar.gz/{bug.buggy_commit}"
    no test caught it; 24 candidate test(s) ran and none failed
    edit NOT verified to make the defect true, so this result is not counted; tier: static, and the defect went to the static judge
    pairs: 0 settled by the run, 33 put to the model, 0 dropped as not worth asking, 0 skipped once the defect was covered

  [survived, NOT COUNTED] bugs-in-py-pinned-rebuild-determinism/random-selection-not-fully-seeded
    candidate edits: 2 asked for, 1 set aside, used candidate 2
      1. set aside (changed_nothing): the replacement for src/acceptance/benchmark/mutants/build.py lines 234..234 is identical to what it replaces, so nothing would be injected and every test would 'survive' a defect that was never introduced
         at src/acceptance/benchmark/mutants/build.py lines 234-234:
           -     random.Random(f"{bug.key}/tests").shuffle(related)
           +     random.Random(f"{bug.key}/tests").shuffle(related)
    injected at src/acceptance/benchmark/mutants/build.py lines 290-290:
      -     picked = random.Random(f"{bug.key}/mutants").sample(range(len(candidates)), limit)
      +     picked = random.sample(range(len(candidates)), limit)
    no test caught it; 24 candidate test(s) ran and none failed
    edit NOT verified to make the defect true, so this result is not counted; tier: static, and the defect went to the static judge
    pairs: 0 settled by the run, 4 put to the model, 0 dropped as not worth asking, 40 skipped once the defect was covered

  [survived, NOT COUNTED] bugs-in-py-pinned-rebuild-determinism/unordered-case-collection
    candidate edits: 2 asked for, 1 set aside, used candidate 2
      1. set aside (changed_nothing): the replacement for src/acceptance/benchmark/mutants/build.py lines 84..84 is identical to what it replaces, so nothing would be injected and every test would 'survive' a defect that was never introduced
         at src/acceptance/benchmark/mutants/build.py lines 84-84:
           -     result.cases.sort(key=lambda c: c.case_id)
           +     result.cases.sort(key=lambda c: c.case_id)
    injected at src/acceptance/benchmark/mutants/build.py lines 84-84:
      -     result.cases.sort(key=lambda c: c.case_id)
      +     result.cases.sort(key=lambda c: (c.project, c.bug_id, c.edit.path, c.edit.start_line, c.edit.replacement, c.test_id))
    no test caught it; 24 candidate test(s) ran and none failed
    edit NOT verified to make the defect true, so this result is not counted; tier: static, and the defect went to the static judge
    pairs: 0 settled by the run, 4 put to the model, 0 dropped as not worth asking, 40 skipped once the defect was covered

  [killed, NOT COUNTED] case-holds-requirement-text/missing-requirement-text-field
    candidate edits: 3 asked for, 2 set aside, used candidate 3
      1. set aside (changed_nothing): the replacement for src/acceptance/benchmark/mutants/build.py lines 191..204 is identical to what it replaces, so nothing would be injected and every test would 'survive' a defect that was never introduced
         at src/acceptance/benchmark/mutants/build.py lines 191-204:
           -                 MutantCase(
           -                     case_id=f"{bug.key}/m{index}/{outcome.test_id}",
           -                     source="bugsinpy-operator",
           -                     project=bug.project,
           -                     bug_id=bug.bug_id,
           -                     fixed_commit=bug.fixed_commit,
           -                     requirement_text=requirement,
           -                     test_id=outcome.test_id,
           -                     test_source=sources.get(outcome.test_id, ""),
           -                     implementation_hunk=hunk,
           -                     defect_description=mutant.description,
           -                     edit=mutant.edit,
           -                     killed=outcome.kind is TestOutcomeKind.FAILED,
           -                 )
           +                 MutantCase(
           +                     case_id=f"{bug.key}/m{index}/{outcome.test_id}",
           +                     source="bugsinpy-operator",
           +                     project=bug.project,
           +                     bug_id=bug.bug_id,
           +                     fixed_commit=bug.fixed_commit,
           +                     requirement_text=requirement,
           +                     test_id=outcome.test_id,
           +                     test_source=sources.get(outcome.test_id, ""),
           +                     implementation_hunk=hunk,
           +                     defect_description=mutant.description,
           +                     edit=mutant.edit,
           +                     killed=outcome.kind is TestOutcomeKind.FAILED,
           +                 )
      2. set aside (failed_check): the edit replaces 14 lines, over the 12-line bound; the smallest edit that makes the defect true is what was asked for
         at src/acceptance/benchmark/mutants/build.py lines 191-204:
           -                 MutantCase(
           -                     case_id=f"{bug.key}/m{index}/{outcome.test_id}",
           -                     source="bugsinpy-operator",
           -                     project=bug.project,
           -                     bug_id=bug.bug_id,
           -                     fixed_commit=bug.fixed_commit,
           -                     requirement_text=requirement,
           -                     test_id=outcome.test_id,
           -                     test_source=sources.get(outcome.test_id, ""),
           -                     implementation_hunk=hunk,
           -                     defect_description=mutant.description,
           -                     edit=mutant.edit,
           -                     killed=outcome.kind is TestOutcomeKind.FAILED,
           -                 )
           +                 MutantCase(
           +                     case_id=f"{bug.key}/m{index}/{outcome.test_id}",
           +                     source="bugsinpy-operator",
           +                     project=bug.project,
           +                     bug_id=bug.bug_id,
           +                     fixed_commit=bug.fixed_commit,
           +                     requirement_text="",
           +                     test_id=outcome.test_id,
           +                     test_source=sources.get(outcome.test_id, ""),
           +                     implementation_hunk=hunk,
           +                     defect_description=mutant.description,
           +                     edit=mutant.edit,
           +                     killed=outcome.kind is TestOutcomeKind.FAILED,
           +                 )
    injected at src/acceptance/benchmark/mutants/build.py lines 191-197:
      -                 MutantCase(
      -                     case_id=f"{bug.key}/m{index}/{outcome.test_id}",
      -                     source="bugsinpy-operator",
      -                     project=bug.project,
      -                     bug_id=bug.bug_id,
      -                     fixed_commit=bug.fixed_commit,
      -                     requirement_text=requirement,
      +                 MutantCase(
      +                     case_id=f"{bug.key}/m{index}/{outcome.test_id}",
      +                     source="bugsinpy-operator",
      +                     project=bug.project,
      +                     bug_id=bug.bug_id,
      +                     fixed_commit=bug.fixed_commit,
      +                     requirement_text="",
    caught by (1):
      tests/benchmark/test_mutant_labels.py::test_the_build_labels_every_usable_test_against_every_mutant
    edit NOT verified to make the defect true, so this result is not counted; tier: static, and the defect went to the static judge
    pairs: 0 settled by the run, 4 put to the model, 23 dropped as not worth asking, 17 skipped once the defect was covered

  [killed, NOT COUNTED] case-holds-requirement-text/requirement-text-not-propagated-to-cases
    candidate edits: 2 asked for, 1 set aside, used candidate 2
      1. set aside (changed_nothing): the replacement for src/acceptance/benchmark/mutants/build.py lines 190..205 is identical to what it replaces, so nothing would be injected and every test would 'survive' a defect that was never introduced
         at src/acceptance/benchmark/mutants/build.py lines 190-205:
           -             result.cases.append(
           -                 MutantCase(
           -                     case_id=f"{bug.key}/m{index}/{outcome.test_id}",
           -                     source="bugsinpy-operator",
           -                     project=bug.project,
           -                     bug_id=bug.bug_id,
           -                     fixed_commit=bug.fixed_commit,
           -                     requirement_text=requirement,
           -                     test_id=outcome.test_id,
           -                     test_source=sources.get(outcome.test_id, ""),
           -                     implementation_hunk=hunk,
           -                     defect_description=mutant.description,
           -                     edit=mutant.edit,
           -                     killed=outcome.kind is TestOutcomeKind.FAILED,
           -                 )
           -             )
           +             result.cases.append(
           +                 MutantCase(
           +                     case_id=f"{bug.key}/m{index}/{outcome.test_id}",
           +                     source="bugsinpy-operator",
           +                     project=bug.project,
           +                     bug_id=bug.bug_id,
           +                     fixed_commit=bug.fixed_commit,
           +                     requirement_text=requirement,
           +                     test_id=outcome.test_id,
           +                     test_source=sources.get(outcome.test_id, ""),
           +                     implementation_hunk=hunk,
           +                     defect_description=mutant.description,
           +                     edit=mutant.edit,
           +                     killed=outcome.kind is TestOutcomeKind.FAILED,
           +                 )
           +             )
    injected at src/acceptance/benchmark/mutants/build.py lines 197-197:
      -                     requirement_text=requirement,
      +                     requirement_text="",
    caught by (1):
      tests/benchmark/test_mutant_labels.py::test_the_build_labels_every_usable_test_against_every_mutant
    edit NOT verified to make the defect true, so this result is not counted; tier: static, and the defect went to the static judge
    pairs: 0 settled by the run, 3 put to the model, 23 dropped as not worth asking, 17 skipped once the defect was covered

  [killed, NOT COUNTED] case-holds-requirement-text/wrong-source-for-requirement-text
    candidate edits: 1 asked for, 0 set aside, used candidate 1
    injected at src/acceptance/benchmark/mutants/build.py lines 163-163:
      -     requirement = paths.message(bug).read_text(encoding="utf-8").strip()
      +     requirement = bug.patch
    caught by (1):
      tests/benchmark/test_mutant_labels.py::test_the_build_labels_every_usable_test_against_every_mutant
    edit NOT verified to make the defect true, so this result is not counted; tier: static, and the defect went to the static judge
    pairs: 0 settled by the run, 11 put to the model, 0 dropped as not worth asking, 19 skipped once the defect was covered

  [killed, NOT COUNTED] defect-description-matches-edit/case-record-uses-mismatched-edit-fields
    candidate edits: 2 asked for, 1 set aside, used candidate 2
      1. set aside (changed_nothing): the replacement for src/acceptance/benchmark/mutants/build.py lines 201..202 is identical to what it replaces, so nothing would be injected and every test would 'survive' a defect that was never introduced
         at src/acceptance/benchmark/mutants/build.py lines 201-202:
           -                     defect_description=mutant.description,
           -                     edit=mutant.edit,
           +                     defect_description=mutant.description,
           +                     edit=mutant.edit,
    injected at src/acceptance/benchmark/mutants/build.py lines 202-202:
      -                     edit=mutant.edit,
      +                     edit=mutant.edit.model_copy(update={"replacement": mutant.mutated_source}),
    caught by (1):
      tests/benchmark/test_mutant_labels.py::test_the_build_labels_every_usable_test_against_every_mutant
    edit NOT verified to make the defect true, so this result is not counted; tier: static, and the defect went to the static judge
    pairs: 0 settled by the run, 4 put to the model, 23 dropped as not worth asking, 17 skipped once the defect was covered

  [no_usable_edit] defect-description-matches-edit/description-and-edit-can-diverge-after-case-creation
    candidate edits: 3 asked for, 3 set aside, none used
      1. set aside (changed_nothing): the replacement for src/acceptance/benchmark/mutants/labels.py lines 75..89 is identical to what it replaces, so nothing would be injected and every test would 'survive' a defect that was never introduced
         at src/acceptance/benchmark/mutants/labels.py lines 75-89:
           - class MutantCase(PersistableModel):
           -     """One test observed against one injected edit."""
           - 
           -     case_id: str
           -     source: CaseSource
           -     project: str
           -     bug_id: int
           -     fixed_commit: str
           -     requirement_text: str
           -     test_id: str
           -     test_source: str
           -     implementation_hunk: str
           -     defect_description: str
           -     edit: MutantEdit
           -     killed: bool
           + class MutantCase(PersistableModel):
           +     """One test observed against one injected edit."""
           + 
           +     case_id: str
           +     source: CaseSource
           +     project: str
           +     bug_id: int
           +     fixed_commit: str
           +     requirement_text: str
           +     test_id: str
           +     test_source: str
           +     implementation_hunk: str
           +     defect_description: str
           +     edit: MutantEdit
           +     killed: bool
      2. set aside (changed_nothing): the replacement for src/acceptance/benchmark/mutants/labels.py lines 75..89 differs from what it replaces only in comments or whitespace, so nothing would be injected and every test would 'survive' a defect that was never introduced
         at src/acceptance/benchmark/mutants/labels.py lines 75-89:
           - class MutantCase(PersistableModel):
           -     """One test observed against one injected edit."""
           - 
           -     case_id: str
           -     source: CaseSource
           -     project: str
           -     bug_id: int
           -     fixed_commit: str
           -     requirement_text: str
           -     test_id: str
           -     test_source: str
           -     implementation_hunk: str
           -     defect_description: str
           -     edit: MutantEdit
           -     killed: bool
           + class MutantCase(PersistableModel):
           +     """One test observed against one injected edit."""
           + 
           +     case_id: str
           +     source: CaseSource
           +     project: str
           +     bug_id: int
           +     fixed_commit: str
           +     requirement_text: str
           +     test_id: str
           +     test_source: str
           +     implementation_hunk: str
           +     defect_description: str
           +     edit: MutantEdit
           +     killed: bool
           + 
      3. set aside (changed_nothing): the replacement for src/acceptance/benchmark/mutants/build.py lines 201..202 is identical to what it replaces, so nothing would be injected and every test would 'survive' a defect that was never introduced
         at src/acceptance/benchmark/mutants/build.py lines 201-202:
           -                     defect_description=mutant.description,
           -                     edit=mutant.edit,
           +                     defect_description=mutant.description,
           +                     edit=mutant.edit,
    pairs: 0 settled by the run, 4 put to the model, 0 dropped as not worth asking, 40 skipped once the defect was covered
    all 3 candidate edit(s) asked for were set aside (3 changed_nothing). That is a fact about these candidates, not about the defect, which goes to the static judge like any defect with no usable edit.

  [survived, NOT COUNTED] defect-description-matches-edit/description-built-from-wrong-source
    candidate edits: 2 asked for, 1 set aside, used candidate 2
      1. set aside (changed_nothing): the replacement for src/acceptance/benchmark/mutants/build.py lines 201..201 is identical to what it replaces, so nothing would be injected and every test would 'survive' a defect that was never introduced
         at src/acceptance/benchmark/mutants/build.py lines 201-201:
           -                     defect_description=mutant.description,
           +                     defect_description=mutant.description,
    injected at src/acceptance/benchmark/mutants/build.py lines 201-201:
      -                     defect_description=mutant.description,
      +                     defect_description=requirement,
    no test caught it; 24 candidate test(s) ran and none failed
    edit NOT verified to make the defect true, so this result is not counted; tier: static, and the defect went to the static judge
    pairs: 0 settled by the run, 4 put to the model, 0 dropped as not worth asking, 40 skipped once the defect was covered

  [no_usable_edit] exact-edit-applied/edit-text-not-propagated-to-output
    candidate edits: 3 asked for, 3 set aside, none used
      1. set aside (failed_check): the edit replaces 13 lines, over the 12-line bound; the smallest edit that makes the defect true is what was asked for
         at src/acceptance/benchmark/mutants/build.py lines 191-203:
           -                 MutantCase(
           -                     case_id=f"{bug.key}/m{index}/{outcome.test_id}",
           -                     source="bugsinpy-operator",
           -                     project=bug.project,
           -                     bug_id=bug.bug_id,
           -                     fixed_commit=bug.fixed_commit,
           -                     requirement_text=requirement,
           -                     test_id=outcome.test_id,
           -                     test_source=sources.get(outcome.test_id, ""),
           -                     implementation_hunk=hunk,
           -                     defect_description=mutant.description,
           -                     edit=mutant.edit,
           -                     killed=outcome.kind is TestOutcomeKind.FAILED,
           +                 MutantCase(
           +                     case_id=f"{bug.key}/m{index}/{outcome.test_id}",
           +                     source="bugsinpy-operator",
           +                     project=bug.project,
           +                     bug_id=bug.bug_id,
           +                     fixed_commit=bug.fixed_commit,
           +                     requirement_text=requirement,
           +                     test_id=outcome.test_id,
           +                     test_source=sources.get(outcome.test_id, ""),
           +                     implementation_hunk=hunk,
           +                     defect_description=mutant.description,
           +                     edit=mutant.edit,
           +                     killed=outcome.kind is TestOutcomeKind.FAILED,
           +                 )
      2. set aside (failed_check): the edit replaces 13 lines, over the 12-line bound; the smallest edit that makes the defect true is what was asked for
         at src/acceptance/benchmark/mutants/build.py lines 191-203:
           -                 MutantCase(
           -                     case_id=f"{bug.key}/m{index}/{outcome.test_id}",
           -                     source="bugsinpy-operator",
           -                     project=bug.project,
           -                     bug_id=bug.bug_id,
           -                     fixed_commit=bug.fixed_commit,
           -                     requirement_text=requirement,
           -                     test_id=outcome.test_id,
           -                     test_source=sources.get(outcome.test_id, ""),
           -                     implementation_hunk=hunk,
           -                     defect_description=mutant.description,
           -                     edit=mutant.edit,
           -                     killed=outcome.kind is TestOutcomeKind.FAILED,
           +                 MutantCase(
           +                     case_id=f"{bug.key}/m{index}/{outcome.test_id}",
           +                     source="bugsinpy-operator",
           +                     project=bug.project,
           +                     bug_id=bug.bug_id,
           +                     fixed_commit=bug.fixed_commit,
           +                     requirement_text=requirement,
           +                     test_id=outcome.test_id,
           +                     test_source=sources.get(outcome.test_id, ""),
           +                     implementation_hunk=hunk,
           +                     defect_description=mutant.description,
           +                     edit=mutant.edit,
           +                     killed=outcome.kind is TestOutcomeKind.FAILED,
           +                 )
      3. set aside (failed_check): the edit replaces 13 lines, over the 12-line bound; the smallest edit that makes the defect true is what was asked for
         at src/acceptance/benchmark/mutants/build.py lines 191-203:
           -                 MutantCase(
           -                     case_id=f"{bug.key}/m{index}/{outcome.test_id}",
           -                     source="bugsinpy-operator",
           -                     project=bug.project,
           -                     bug_id=bug.bug_id,
           -                     fixed_commit=bug.fixed_commit,
           -                     requirement_text=requirement,
           -                     test_id=outcome.test_id,
           -                     test_source=sources.get(outcome.test_id, ""),
           -                     implementation_hunk=hunk,
           -                     defect_description=mutant.description,
           -                     edit=mutant.edit,
           -                     killed=outcome.kind is TestOutcomeKind.FAILED,
           +                 MutantCase(
           +                     case_id=f"{bug.key}/m{index}/{outcome.test_id}",
           +                     source="bugsinpy-operator",
           +                     project=bug.project,
           +                     bug_id=bug.bug_id,
           +                     fixed_commit=bug.fixed_commit,
           +                     requirement_text=requirement,
           +                     test_id=outcome.test_id,
           +                     test_source=sources.get(outcome.test_id, ""),
           +                     implementation_hunk=hunk,
           +                     defect_description=mutant.description,
           +                     edit=mutant.edit,
           +                     killed=outcome.kind is TestOutcomeKind.FAILED,
           +                 )
    pairs: 0 settled by the run, 20 put to the model, 0 dropped as not worth asking, 16 skipped once the defect was covered
    all 3 candidate edit(s) asked for were set aside (3 failed_check). That is a fact about these candidates, not about the defect, which goes to the static judge like any defect with no usable edit.

  [survived, NOT COUNTED] exact-edit-applied/missing-exact-edit-in-task-file
    candidate edits: 2 asked for, 1 set aside, used candidate 2
      1. set aside (changed_nothing): the replacement for src/acceptance/benchmark/mutants/survivors.py lines 68..69 is identical to what it replaces, so nothing would be injected and every test would 'survive' a defect that was never introduced
         at src/acceptance/benchmark/mutants/survivors.py lines 68-69:
           -             f"- {case.edit.original}",
           -             f"+ {case.edit.replacement}",
           +             f"- {case.edit.original}",
           +             f"+ {case.edit.replacement}",
    injected at src/acceptance/benchmark/mutants/survivors.py lines 68-69:
      -             f"- {case.edit.original}",
      -             f"+ {case.edit.replacement}",
      +             f"- {case.edit.replacement}",
      +             f"+ {case.edit.original}",
    no test caught it; 24 candidate test(s) ran and none failed
    edit NOT verified to make the defect true, so this result is not counted; tier: static, and the defect went to the static judge
    pairs: 0 settled by the run, 4 put to the model, 0 dropped as not worth asking, 40 skipped once the defect was covered

  [no_usable_edit] fixed-operator-mutants-on-bugsinpy-projects/multi-line-edit-emission
    candidate edits: 3 asked for, 3 set aside, none used
      1. set aside (changed_nothing): the replacement for src/acceptance/benchmark/mutants/operators.py lines 8..10 is identical to what it replaces, so nothing would be injected and every test would 'survive' a defect that was never introduced
         at src/acceptance/benchmark/mutants/operators.py lines 8-10:
           - Only nodes that start and end on one line are mutated, so an edit is a
           - whole-line splice and can be shown as one `-`/`+` pair. Column offsets from
           - `ast` are UTF-8 byte offsets, which is why splicing works on encoded bytes.
           + Only nodes that start and end on one line are mutated, so an edit is a
           + whole-line splice and can be shown as one `-`/`+` pair. Column offsets from
           + `ast` are UTF-8 byte offsets, which is why splicing works on encoded bytes.
      2. set aside (changed_nothing): the replacement for src/acceptance/benchmark/mutants/operators.py lines 8..10 is identical to what it replaces, so nothing would be injected and every test would 'survive' a defect that was never introduced
         at src/acceptance/benchmark/mutants/operators.py lines 8-10:
           - Only nodes that start and end on one line are mutated, so an edit is a
           - whole-line splice and can be shown as one `-`/`+` pair. Column offsets from
           - `ast` are UTF-8 byte offsets, which is why splicing works on encoded bytes.
           + Only nodes that start and end on one line are mutated, so an edit is a
           + whole-line splice and can be shown as one `-`/`+` pair. Column offsets from
           + `ast` are UTF-8 byte offsets, which is why splicing works on encoded bytes.
      3. set aside (changed_nothing): the replacement for src/acceptance/benchmark/mutants/operators.py lines 8..10 is identical to what it replaces, so nothing would be injected and every test would 'survive' a defect that was never introduced
         at src/acceptance/benchmark/mutants/operators.py lines 8-10:
           - Only nodes that start and end on one line are mutated, so an edit is a
           - whole-line splice and can be shown as one `-`/`+` pair. Column offsets from
           - `ast` are UTF-8 byte offsets, which is why splicing works on encoded bytes.
           + Only nodes that start and end on one line are mutated, so an edit is a
           + whole-line splice and can be shown as one `-`/`+` pair. Column offsets from
           + `ast` are UTF-8 byte offsets, which is why splicing works on encoded bytes.
    pairs: 0 settled by the run, 4 put to the model, 0 dropped as not worth asking, 40 skipped once the defect was covered
    all 3 candidate edit(s) asked for were set aside (3 changed_nothing). That is a fact about these candidates, not about the defect, which goes to the static judge like any defect with no usable edit.

  [survived, NOT COUNTED] fixed-operator-mutants-on-bugsinpy-projects/mutants-outside-bugsinpy-projects
    candidate edits: 2 asked for, 1 set aside, used candidate 2
      1. set aside (changed_nothing): the replacement for src/acceptance/benchmark/mutants/prepare.py lines 63..63 is identical to what it replaces, so nothing would be injected and every test would 'survive' a defect that was never introduced
         at src/acceptance/benchmark/mutants/prepare.py lines 63-63:
           -     for project, packages in sorted(pins.projects.items()):
           +     for project, packages in sorted(pins.projects.items()):
    injected at src/acceptance/benchmark/mutants/build.py lines 280-285:
      -     for path, lines in sorted(fix_lines(bug.patch).items()):
      -         file = root / path
      -         if not file.is_file():
      -             continue
      -         try:
      -             candidates.extend(generate_mutants(file.read_text(encoding="utf-8"), path, lines))
      +     for path, lines in sorted(fix_lines(bug.patch).items()):
      +         file = root / path
      +         if not file.is_file():
      +             continue
      +         try:
      +             candidates.extend(generate_mutants(file.read_text(encoding="utf-8"), path, lines))
      +         except (SyntaxError, UnicodeDecodeError, ValueError):
      +             continue
    no test caught it; 24 candidate test(s) ran and none failed
    edit NOT verified to make the defect true, so this result is not counted; tier: static, and the defect went to the static judge
    pairs: 0 settled by the run, 34 put to the model, 0 dropped as not worth asking, 0 skipped once the defect was covered

  [survived, NOT COUNTED] fixed-operator-mutants-on-bugsinpy-projects/non-fixed-edit-operators
    candidate edits: 1 asked for, 0 set aside, used candidate 1
    injected at src/acceptance/benchmark/mutants/build.py lines 156-160:
      -     mutants = _select_mutants(bug, root, pins.mutants_per_bug)
      -     if not mutants:
      -         result.skipped_bugs.append(
      -             SkippedBug(bug=bug.key, reason="no operator applies on the lines the fix changed")
      -         )
      +     mutants = _select_mutants(bug, root, pins.mutants_per_bug)
      +     if not mutants:
      +         result.skipped_bugs.append(
      +             SkippedBug(bug=bug.key, reason="no operator applies on the lines the fix changed")
      +         )
      +         return
    no test caught it; 24 candidate test(s) ran and none failed
    edit NOT verified to make the defect true, so this result is not counted; tier: static, and the defect went to the static judge
    pairs: 0 settled by the run, 4 put to the model, 0 dropped as not worth asking, 40 skipped once the defect was covered

  [killed, NOT COUNTED] implementation-hunk-present/missing-implementation-hunk
    candidate edits: 2 asked for, 1 set aside, used candidate 2
      1. set aside (changed_nothing): the replacement for src/acceptance/benchmark/mutants/build.py lines 186..188 is identical to what it replaces, so nothing would be injected and every test would 'survive' a defect that was never introduced
         at src/acceptance/benchmark/mutants/build.py lines 186-188:
           -         hunk = implementation_hunk(
           -             (root / mutant.edit.path).read_text(encoding="utf-8"), mutant.edit.start_line
           -         )
           +         hunk = implementation_hunk(
           +             (root / mutant.edit.path).read_text(encoding="utf-8"), mutant.edit.start_line
           +         )
    injected at src/acceptance/benchmark/mutants/build.py lines 186-188:
      -         hunk = implementation_hunk(
      -             (root / mutant.edit.path).read_text(encoding="utf-8"), mutant.edit.start_line
      -         )
      +         hunk = ""
    caught by (1):
      tests/benchmark/test_mutant_labels.py::test_the_build_labels_every_usable_test_against_every_mutant
    edit NOT verified to make the defect true, so this result is not counted; tier: static, and the defect went to the static judge
    pairs: 0 settled by the run, 2 put to the model, 23 dropped as not worth asking, 17 skipped once the defect was covered

  [no_usable_edit] labels-from-running-tests/incomplete-run-results-still-labelled
    candidate edits: 3 asked for, 3 set aside, none used
      1. set aside (changed_nothing): the replacement for src/acceptance/benchmark/mutants/build.py lines 167..172 is identical to what it replaces, so nothing would be injected and every test would 'survive' a defect that was never introduced
         at src/acceptance/benchmark/mutants/build.py lines 167-172:
           -         completed = [
           -             o
           -             for o in outcomes.outcomes
           -             if o.kind in (TestOutcomeKind.PASSED, TestOutcomeKind.FAILED)
           -         ]
           -         incomplete = [o for o in outcomes.outcomes if o not in completed]
           +         completed = [
           +             o
           +             for o in outcomes.outcomes
           +             if o.kind in (TestOutcomeKind.PASSED, TestOutcomeKind.FAILED)
           +         ]
           +         incomplete = [o for o in outcomes.outcomes if o not in completed]
      2. set aside (changed_nothing): the replacement for src/acceptance/benchmark/mutants/build.py lines 167..172 is identical to what it replaces, so nothing would be injected and every test would 'survive' a defect that was never introduced
         at src/acceptance/benchmark/mutants/build.py lines 167-172:
           -         completed = [
           -             o
           -             for o in outcomes.outcomes
           -             if o.kind in (TestOutcomeKind.PASSED, TestOutcomeKind.FAILED)
           -         ]
           -         incomplete = [o for o in outcomes.outcomes if o not in completed]
           +         completed = [
           +             o
           +             for o in outcomes.outcomes
           +             if o.kind in (TestOutcomeKind.PASSED, TestOutcomeKind.FAILED)
           +         ]
           +         incomplete = [o for o in outcomes.outcomes if o not in completed]
      3. set aside (changed_nothing): the replacement for src/acceptance/benchmark/mutants/build.py lines 167..172 is identical to what it replaces, so nothing would be injected and every test would 'survive' a defect that was never introduced
         at src/acceptance/benchmark/mutants/build.py lines 167-172:
           -         completed = [
           -             o
           -             for o in outcomes.outcomes
           -             if o.kind in (TestOutcomeKind.PASSED, TestOutcomeKind.FAILED)
           -         ]
           -         incomplete = [o for o in outcomes.outcomes if o not in completed]
           +         completed = [
           +             o
           +             for o in outcomes.outcomes
           +             if o.kind in (TestOutcomeKind.PASSED, TestOutcomeKind.FAILED)
           +         ]
           +         incomplete = [o for o in outcomes.outcomes if o not in completed]
    pairs: 0 settled by the run, 29 put to the model, 0 dropped as not worth asking, 0 skipped once the defect was covered
    all 3 candidate edit(s) asked for were set aside (3 changed_nothing). That is a fact about these candidates, not about the defect, which goes to the static judge like any defect with no usable edit.

  [killed, NOT COUNTED] labels-from-running-tests/labels-not-grounded-in-run
    candidate edits: 2 asked for, 1 set aside, used candidate 2
      1. set aside (failed_check): the edit replaces 16 lines, over the 12-line bound; the smallest edit that makes the defect true is what was asked for
         at src/acceptance/benchmark/mutants/build.py lines 189-204:
           -         for outcome in completed:
           -             result.cases.append(
           -                 MutantCase(
           -                     case_id=f"{bug.key}/m{index}/{outcome.test_id}",
           -                     source="bugsinpy-operator",
           -                     project=bug.project,
           -                     bug_id=bug.bug_id,
           -                     fixed_commit=bug.fixed_commit,
           -                     requirement_text=requirement,
           -                     test_id=outcome.test_id,
           -                     test_source=sources.get(outcome.test_id, ""),
           -                     implementation_hunk=hunk,
           -                     defect_description=mutant.description,
           -                     edit=mutant.edit,
           -                     killed=outcome.kind is TestOutcomeKind.FAILED,
           -                 )
           +         for outcome in completed:
           +             result.cases.append(
           +                 MutantCase(
           +                     case_id=f"{bug.key}/m{index}/{outcome.test_id}",
           +                     source="bugsinpy-operator",
           +                     project=bug.project,
           +                     bug_id=bug.bug_id,
           +                     fixed_commit=bug.fixed_commit,
           +                     requirement_text=requirement,
           +                     test_id=outcome.test_id,
           +                     test_source=sources.get(outcome.test_id, ""),
           +                     implementation_hunk=hunk,
           +                     defect_description=mutant.description,
           +                     edit=mutant.edit,
           +                     killed=mutant.description == outcome.kind is TestOutcomeKind.FAILED,
           +                 )
           +             )
    injected at src/acceptance/benchmark/mutants/build.py lines 203-203:
      -                     killed=outcome.kind is TestOutcomeKind.FAILED,
      +                     killed=mutant.description == outcome.kind is TestOutcomeKind.FAILED,
    caught by (1):
      tests/benchmark/test_mutant_labels.py::test_the_build_labels_every_usable_test_against_every_mutant
    edit NOT verified to make the defect true, so this result is not counted; tier: static, and the defect went to the static judge
    pairs: 0 settled by the run, 3 put to the model, 23 dropped as not worth asking, 17 skipped once the defect was covered

  [survived, NOT COUNTED] mechanical-edit-defect/case-description-not-tied-to-single-mechanical-operator
    candidate edits: 1 asked for, 0 set aside, used candidate 1
    injected at src/acceptance/benchmark/mutants/operators.py lines 119-119:
      -     mutants.sort(key=lambda m: (m.edit.start_line, m.edit.operator, m.edit.replacement))
      +     mutants.sort(key=lambda m: (m.edit.start_line, m.edit.operator, m.edit.replacement, m.edit.original))
    no test caught it; 24 candidate test(s) ran and none failed
    edit NOT verified to make the defect true, so this result is not counted; tier: static, and the defect went to the static judge
    pairs: 0 settled by the run, 4 put to the model, 0 dropped as not worth asking, 40 skipped once the defect was covered

  [no_usable_edit] mechanical-edit-defect/description-and-edit-can-drift-apart
    candidate edits: 3 asked for, 3 set aside, none used
      1. set aside (changed_nothing): the replacement for src/acceptance/benchmark/mutants/build.py lines 201..202 is identical to what it replaces, so nothing would be injected and every test would 'survive' a defect that was never introduced
         at src/acceptance/benchmark/mutants/build.py lines 201-202:
           -                     defect_description=mutant.description,
           -                     edit=mutant.edit,
           +                     defect_description=mutant.description,
           +                     edit=mutant.edit,
      2. set aside (changed_nothing): the replacement for src/acceptance/benchmark/mutants/build.py lines 201..202 is identical to what it replaces, so nothing would be injected and every test would 'survive' a defect that was never introduced
         at src/acceptance/benchmark/mutants/build.py lines 201-202:
           -                     defect_description=mutant.description,
           -                     edit=mutant.edit,
           +                     defect_description=mutant.description,
           +                     edit=mutant.edit,
      3. set aside (changed_nothing): the replacement for src/acceptance/benchmark/mutants/build.py lines 201..202 is identical to what it replaces, so nothing would be injected and every test would 'survive' a defect that was never introduced
         at src/acceptance/benchmark/mutants/build.py lines 201-202:
           -                     defect_description=mutant.description,
           -                     edit=mutant.edit,
           +                     defect_description=mutant.description,
           +                     edit=mutant.edit,
    pairs: 0 settled by the run, 4 put to the model, 0 dropped as not worth asking, 40 skipped once the defect was covered
    all 3 candidate edit(s) asked for were set aside (3 changed_nothing). That is a fact about these candidates, not about the defect, which goes to the static judge like any defect with no usable edit.

  [killed, NOT COUNTED] mechanical-edit-defect/mutated-source-and-edit-text-can-diverge
    candidate edits: 2 asked for, 1 set aside, used candidate 2
      1. set aside (changed_nothing): the replacement for src/acceptance/benchmark/mutants/operators.py lines 115..115 is identical to what it replaces, so nothing would be injected and every test would 'survive' a defect that was never introduced
         at src/acceptance/benchmark/mutants/operators.py lines 115-115:
           -                     description=f"At {location}, {app.explain(old_text, new_text)}",
           +                     description=f"At {location}, {app.explain(old_text, new_text)}",
    injected at src/acceptance/benchmark/mutants/operators.py lines 115-115:
      -                     description=f"At {location}, {app.explain(old_text, new_text)}",
      +                     description=f"At {location}, {app.explain(new_text, old_text)}",
    caught by (1):
      tests/benchmark/test_mutant_labels.py::test_the_description_quotes_the_exact_edit
    edit NOT verified to make the defect true, so this result is not counted; tier: static, and the defect went to the static judge
    pairs: 0 settled by the run, 4 put to the model, 23 dropped as not worth asking, 17 skipped once the defect was covered

  [survived, NOT COUNTED] mutation-tier-writes-its-own-edits/no-mutation-tier-code-changed
    candidate edits: 1 asked for, 0 set aside, used candidate 1
    injected at src/acceptance/benchmark/mutants/labels.py lines 7-9:
      - reason the set exists — the checker's own mutation tier lets a model write the
      - edit, and DR-171's audits found only 52–60% of those introduced the defect they
      - named, which would make roughly 40% of its labels noise.
      + the checker's own mutation tier lets a model write the
      + edit, and DR-171's audits found only 52–60% of those introduced the defect they
      + named, which would make roughly 40% of its labels noise.
    no test caught it; 24 candidate test(s) ran and none failed
    edit NOT verified to make the defect true, so this result is not counted; tier: static, and the defect went to the static judge
    pairs: 0 settled by the run, 31 put to the model, 0 dropped as not worth asking, 0 skipped once the defect was covered

  [already_present] no-judge-scoring/report-uses-cases-to-score
    candidate edits: 2 asked for, 1 set aside, none used
      1. set aside (changed_nothing): the replacement for src/acceptance/benchmark/mutants/survivors.py lines 82..120 is identical to what it replaces, so nothing would be injected and every test would 'survive' a defect that was never introduced
         at src/acceptance/benchmark/mutants/survivors.py lines 82-120:
           - def summarise(labels: MutantLabelSet, sample: SurvivorSample | None = None) -> dict:
           -     """Counts and rates only — nothing derived from BugsInPy's content."""
           -     cases = labels.cases
           -     killed = sum(c.killed for c in cases)
           -     per_project: dict[str, dict[str, int]] = {}
           -     for project, count in sorted(Counter(c.project for c in cases).items()):
           -         project_killed = sum(c.killed for c in cases if c.project == project)
           -         per_project[project] = {
           -             "cases": count,
           -             "killed": project_killed,
           -             "survived": count - project_killed,
           -         }
           -     summary: dict = {
           -         "bugsinpy_commit": labels.bugsinpy_commit,
           -         "pinned_bugs": len(labels.bugs),
           -         "bugs_with_cases": len({(c.project, c.bug_id) for c in cases}),
           -         "skipped_bugs": len(labels.skipped_bugs),
           -         "edits": len({_edit_key(c) for c in cases}),
           -         "cases": len(cases),
           -         "killed": killed,
           -         "survived": len(cases) - killed,
           -         "killed_share": _share(killed, len(cases)),
           -         "survived_share": _share(len(cases) - killed, len(cases)),
           -         "per_project": per_project,
           -         "operators": dict(sorted(Counter(c.edit.operator for c in cases).items())),
           -         "set_aside_tests": len(labels.set_aside_tests),
           -         "set_aside_mutants": len(labels.set_aside_mutants),
           -     }
           -     if sample is not None:
           -         judged = [c for c in sample.checks if c.changes_behaviour is not None]
           -         unchanged = sum(1 for c in judged if c.changes_behaviour is False)
           -         summary["survivor_check"] = {
           -             "population": sample.population,
           -             "sample_size": len(sample.checks),
           -             "checked": len(judged),
           -             "no_behaviour_change": unchanged,
           -             "no_behaviour_change_share": _share(unchanged, len(judged)),
           -         }
           -     return summary
           + def summarise(labels: MutantLabelSet, sample: SurvivorSample | None = None) -> dict:
           +     """Counts and rates only — nothing derived from BugsInPy's content."""
           +     cases = labels.cases
           +     killed = sum(c.killed for c in cases)
           +     per_project: dict[str, dict[str, int]] = {}
           +     for project, count in sorted(Counter(c.project for c in cases).items()):
           +         project_killed = sum(c.killed for c in cases if c.project == project)
           +         per_project[project] = {
           +             "cases": count,
           +             "killed": project_killed,
           +             "survived": count - project_killed,
           +         }
           +     summary: dict = {
           +         "bugsinpy_commit": labels.bugsinpy_commit,
           +         "pinned_bugs": len(labels.bugs),
           +         "bugs_with_cases": len({(c.project, c.bug_id) for c in cases}),
           +         "skipped_bugs": len(labels.skipped_bugs),
           +         "edits": len({_edit_key(c) for c in cases}),
           +         "cases": len(cases),
           +         "killed": killed,
           +         "survived": len(cases) - killed,
           +         "killed_share": _share(killed, len(cases)),
           +         "survived_share": _share(len(cases) - killed, len(cases)),
           +         "per_project": per_project,
           +         "operators": dict(sorted(Counter(c.edit.operator for c in cases).items())),
           +         "set_aside_tests": len(labels.set_aside_tests),
           +         "set_aside_mutants": len(labels.set_aside_mutants),
           +     }
           +     if sample is not None:
           +         judged = [c for c in sample.checks if c.changes_behaviour is not None]
           +         unchanged = sum(1 for c in judged if c.changes_behaviour is False)
           +         summary["survivor_check"] = {
           +             "population": sample.population,
           +             "sample_size": len(sample.checks),
           +             "checked": len(judged),
           +             "no_behaviour_change": unchanged,
           +             "no_behaviour_change_share": _share(unchanged, len(judged)),
           +         }
           +     return summary
    pairs: 0 settled by the run, 4 put to the model, 0 dropped as not worth asking, 40 skipped once the defect was covered
    Lines 82-120 compute killed/survived counts and rates from labels.cases, including the survivor_check summary from sample checks; __main__.py line 64 exposes this via the report command. (the repair was refused: the replacement for src/acceptance/benchmark/mutants/survivors.py lines 82..120 is identical to what it replaces, so nothing would be injected and every test would 'survive' a defect that was never introduced)

  [no_usable_edit] sandbox-tests-run-in-existing-sandbox/build-path-bypasses-sandbox
    candidate edits: 3 asked for, 3 set aside, none used
      1. set aside (changed_nothing): the replacement for src/acceptance/benchmark/mutants/build.py lines 44..44 is identical to what it replaces, so nothing would be injected and every test would 'survive' a defect that was never introduced
         at src/acceptance/benchmark/mutants/build.py lines 44-44:
           - from acceptance.execution.sandbox import SandboxConfig, collect_tests, run_tests
           + from acceptance.execution.sandbox import SandboxConfig, collect_tests, run_tests
      2. set aside (changed_nothing): the replacement for src/acceptance/benchmark/mutants/build.py lines 44..44 is identical to what it replaces, so nothing would be injected and every test would 'survive' a defect that was never introduced
         at src/acceptance/benchmark/mutants/build.py lines 44-44:
           - from acceptance.execution.sandbox import SandboxConfig, collect_tests, run_tests
           + from acceptance.execution.sandbox import SandboxConfig, collect_tests, run_tests
      3. set aside (changed_nothing): the replacement for src/acceptance/benchmark/mutants/build.py lines 58..58 is identical to what it replaces, so nothing would be injected and every test would 'survive' a defect that was never introduced
         at src/acceptance/benchmark/mutants/build.py lines 58-58:
           -     runner: Runner = run_tests,
           +     runner: Runner = run_tests,
    pairs: 0 settled by the run, 4 put to the model, 0 dropped as not worth asking, 40 skipped once the defect was covered
    all 3 candidate edit(s) asked for were set aside (3 changed_nothing). That is a fact about these candidates, not about the defect, which goes to the static judge like any defect with no usable edit.

  [no_usable_edit] sandbox-tests-run-in-existing-sandbox/sample-report-path-bypasses-sandbox
    candidate edits: 3 asked for, 3 set aside, none used
      1. set aside (failed_check): the edit replaces 14 lines, over the 12-line bound; the smallest edit that makes the defect true is what was asked for
         at src/acceptance/benchmark/mutants/__main__.py lines 51-64:
           -     labels = load_mutant_labels(paths.labels)
           -     if args.command == "sample":
           -         if paths.sample.exists():
           -             print(f"{paths.sample} exists; delete it to draw again", file=sys.stderr)
           -             return 1
           -         sample = draw_survivor_sample(labels, args.size, args.seed)
           -         paths.sample.write_text(canonical_json(sample.to_dict()) + "\n", encoding="utf-8")
           -         page = paths.root / "survivor-sample.md"
           -         page.write_text(render_sample(labels, sample), encoding="utf-8")
           -         print(f"wrote {paths.sample} and {page}")
           -         return 0
           - 
           -     sample = load_survivor_sample(paths.sample) if paths.sample.exists() else None
           -     print(json.dumps(summarise(labels, sample), indent=2))
           +     labels = load_mutant_labels(paths.labels)
           +     if args.command == "sample":
           +         if paths.sample.exists():
           +             print(f"{paths.sample} exists; delete it to draw again", file=sys.stderr)
           +             return 1
           +         sample = draw_survivor_sample(labels, args.size, args.seed)
           +         paths.sample.write_text(canonical_json(sample.to_dict()) + "\n", encoding="utf-8")
           +         page = paths.root / "survivor-sample.md"
           +         page.write_text(render_sample(labels, sample), encoding="utf-8")
           +         print(f"wrote {paths.sample} and {page}")
           +         return 0
           + 
           +     sample = load_survivor_sample(paths.sample) if paths.sample.exists() else None
           +     print(json.dumps(summarise(labels, sample), indent=2))
           +     return 0
      2. set aside (failed_check): the edit replaces 14 lines, over the 12-line bound; the smallest edit that makes the defect true is what was asked for
         at src/acceptance/benchmark/mutants/__main__.py lines 51-64:
           -     labels = load_mutant_labels(paths.labels)
           -     if args.command == "sample":
           -         if paths.sample.exists():
           -             print(f"{paths.sample} exists; delete it to draw again", file=sys.stderr)
           -             return 1
           -         sample = draw_survivor_sample(labels, args.size, args.seed)
           -         paths.sample.write_text(canonical_json(sample.to_dict()) + "\n", encoding="utf-8")
           -         page = paths.root / "survivor-sample.md"
           -         page.write_text(render_sample(labels, sample), encoding="utf-8")
           -         print(f"wrote {paths.sample} and {page}")
           -         return 0
           - 
           -     sample = load_survivor_sample(paths.sample) if paths.sample.exists() else None
           -     print(json.dumps(summarise(labels, sample), indent=2))
           +     labels = load_mutant_labels(paths.labels)
           +     if args.command == "sample":
           +         if paths.sample.exists():
           +             print(f"{paths.sample} exists; delete it to draw again", file=sys.stderr)
           +             return 1
           +         sample = draw_survivor_sample(labels, args.size, args.seed)
           +         paths.sample.write_text(canonical_json(sample.to_dict()) + "\n", encoding="utf-8")
           +         page = paths.root / "survivor-sample.md"
           +         page.write_text(render_sample(labels, sample), encoding="utf-8")
           +         print(f"wrote {paths.sample} and {page}")
           +         return 0
           + 
           +     sample = load_survivor_sample(paths.sample) if paths.sample.exists() else None
           +     print(json.dumps(summarise(labels, sample), indent=2))
           +     return 0
      3. set aside (changed_nothing): the replacement for src/acceptance/benchmark/mutants/__main__.py lines 52..61 is identical to what it replaces, so nothing would be injected and every test would 'survive' a defect that was never introduced
         at src/acceptance/benchmark/mutants/__main__.py lines 52-61:
           -     if args.command == "sample":
           -         if paths.sample.exists():
           -             print(f"{paths.sample} exists; delete it to draw again", file=sys.stderr)
           -             return 1
           -         sample = draw_survivor_sample(labels, args.size, args.seed)
           -         paths.sample.write_text(canonical_json(sample.to_dict()) + "\n", encoding="utf-8")
           -         page = paths.root / "survivor-sample.md"
           -         page.write_text(render_sample(labels, sample), encoding="utf-8")
           -         print(f"wrote {paths.sample} and {page}")
           -         return 0
           +     if args.command == "sample":
           +         if paths.sample.exists():
           +             print(f"{paths.sample} exists; delete it to draw again", file=sys.stderr)
           +             return 1
           +         sample = draw_survivor_sample(labels, args.size, args.seed)
           +         paths.sample.write_text(canonical_json(sample.to_dict()) + "\n", encoding="utf-8")
           +         page = paths.root / "survivor-sample.md"
           +         page.write_text(render_sample(labels, sample), encoding="utf-8")
           +         print(f"wrote {paths.sample} and {page}")
           +         return 0
    pairs: 0 settled by the run, 33 put to the model, 0 dropped as not worth asking, 0 skipped once the defect was covered
    all 3 candidate edit(s) asked for were set aside (1 changed_nothing, 2 failed_check). That is a fact about these candidates, not about the defect, which goes to the static judge like any defect with no usable edit.

  [survived, NOT COUNTED] survivors-not-evidence-of-weak-test/equivalent-edit-flag-never-recorded
    candidate edits: 3 asked for, 2 set aside, used candidate 3
      1. set aside (changed_nothing): the replacement for src/acceptance/benchmark/mutants/__main__.py lines 57..57 is identical to what it replaces, so nothing would be injected and every test would 'survive' a defect that was never introduced
         at src/acceptance/benchmark/mutants/__main__.py lines 57-57:
           -         paths.sample.write_text(canonical_json(sample.to_dict()) + "\n", encoding="utf-8")
           +         paths.sample.write_text(canonical_json(sample.to_dict()) + "\n", encoding="utf-8")
      2. set aside (changed_nothing): the replacement for src/acceptance/benchmark/mutants/__main__.py lines 57..57 is identical to what it replaces, so nothing would be injected and every test would 'survive' a defect that was never introduced
         at src/acceptance/benchmark/mutants/__main__.py lines 57-57:
           -         paths.sample.write_text(canonical_json(sample.to_dict()) + "\n", encoding="utf-8")
           +         paths.sample.write_text(canonical_json(sample.to_dict()) + "\n", encoding="utf-8")
    injected at src/acceptance/benchmark/mutants/__main__.py lines 57-57:
      -         paths.sample.write_text(canonical_json(sample.to_dict()) + "\n", encoding="utf-8")
      +         paths.sample.write_text(canonical_json({"seed": sample.seed, "population": sample.population, "checks": [check.to_dict() for check in sample.checks]}) + "\n", encoding="utf-8")
    no test caught it; 24 candidate test(s) ran and none failed
    edit NOT verified to make the defect true, so this result is not counted; tier: static, and the defect went to the static judge
    pairs: 0 settled by the run, 31 put to the model, 0 dropped as not worth asking, 0 skipped once the defect was covered

  [survived, NOT COUNTED] survivors-not-evidence-of-weak-test/survivor-check-uses-cases-instead-of-edits
    candidate edits: 2 asked for, 1 set aside, used candidate 2
      1. set aside (changed_nothing): the replacement for src/acceptance/benchmark/mutants/survivors.py lines 35..40 is identical to what it replaces, so nothing would be injected and every test would 'survive' a defect that was never introduced
         at src/acceptance/benchmark/mutants/survivors.py lines 35-40:
           -     by_edit: dict[tuple, MutantCase] = {}
           -     for case in labels.cases:
           -         if not case.killed:
           -             by_edit.setdefault(_edit_key(case), case)
           -     population = sorted(by_edit.values(), key=lambda c: c.case_id)
           -     chosen = random.Random(seed).sample(population, min(size, len(population)))
           +     by_edit: dict[tuple, MutantCase] = {}
           +     for case in labels.cases:
           +         if not case.killed:
           +             by_edit.setdefault(_edit_key(case), case)
           +     population = sorted(by_edit.values(), key=lambda c: c.case_id)
           +     chosen = random.Random(seed).sample(population, min(size, len(population)))
    injected at src/acceptance/benchmark/mutants/survivors.py lines 35-40:
      -     by_edit: dict[tuple, MutantCase] = {}
      -     for case in labels.cases:
      -         if not case.killed:
      -             by_edit.setdefault(_edit_key(case), case)
      -     population = sorted(by_edit.values(), key=lambda c: c.case_id)
      -     chosen = random.Random(seed).sample(population, min(size, len(population)))
      +     population = sorted((case for case in labels.cases if not case.killed), key=lambda c: c.case_id)
      +     chosen = random.Random(seed).sample(population, min(size, len(population)))
    no test caught it; 24 candidate test(s) ran and none failed
    edit NOT verified to make the defect true, so this result is not counted; tier: static, and the defect went to the static judge
    pairs: 0 settled by the run, 4 put to the model, 0 dropped as not worth asking, 40 skipped once the defect was covered

  [no_usable_edit] test-failure-status-recorded/failure-status-not-populated-from-run-outcome
    candidate edits: 3 asked for, 3 set aside, none used
      1. set aside (failed_check): the edit replaces 15 lines, over the 12-line bound; the smallest edit that makes the defect true is what was asked for
         at src/acceptance/benchmark/mutants/labels.py lines 75-89:
           - class MutantCase(PersistableModel):
           -     """One test observed against one injected edit."""
           - 
           -     case_id: str
           -     source: CaseSource
           -     project: str
           -     bug_id: int
           -     fixed_commit: str
           -     requirement_text: str
           -     test_id: str
           -     test_source: str
           -     implementation_hunk: str
           -     defect_description: str
           -     edit: MutantEdit
           -     killed: bool
           + class MutantCase(PersistableModel):
           +     """One test observed against one injected edit."""
           + 
           +     case_id: str
           +     source: CaseSource
           +     project: str
           +     bug_id: int
           +     fixed_commit: str
           +     requirement_text: str
           +     test_id: str
           +     test_source: str
           +     implementation_hunk: str
           +     defect_description: str
           +     edit: MutantEdit
           +     killed: bool
           +     failure_status: str | None = None
      2. set aside (failed_check): the edit replaces 15 lines, over the 12-line bound; the smallest edit that makes the defect true is what was asked for
         at src/acceptance/benchmark/mutants/labels.py lines 75-89:
           - class MutantCase(PersistableModel):
           -     """One test observed against one injected edit."""
           - 
           -     case_id: str
           -     source: CaseSource
           -     project: str
           -     bug_id: int
           -     fixed_commit: str
           -     requirement_text: str
           -     test_id: str
           -     test_source: str
           -     implementation_hunk: str
           -     defect_description: str
           -     edit: MutantEdit
           -     killed: bool
           + class MutantCase(PersistableModel):
           +     """One test observed against one injected edit."""
           + 
           +     case_id: str
           +     source: CaseSource
           +     project: str
           +     bug_id: int
           +     fixed_commit: str
           +     requirement_text: str
           +     test_id: str
           +     test_source: str
           +     implementation_hunk: str
           +     defect_description: str
           +     edit: MutantEdit
           +     killed: bool
           +     failure_status: str | None = None
      3. set aside (changed_nothing): the replacement for src/acceptance/benchmark/mutants/build.py lines 191..204 is identical to what it replaces, so nothing would be injected and every test would 'survive' a defect that was never introduced
         at src/acceptance/benchmark/mutants/build.py lines 191-204:
           -                 MutantCase(
           -                     case_id=f"{bug.key}/m{index}/{outcome.test_id}",
           -                     source="bugsinpy-operator",
           -                     project=bug.project,
           -                     bug_id=bug.bug_id,
           -                     fixed_commit=bug.fixed_commit,
           -                     requirement_text=requirement,
           -                     test_id=outcome.test_id,
           -                     test_source=sources.get(outcome.test_id, ""),
           -                     implementation_hunk=hunk,
           -                     defect_description=mutant.description,
           -                     edit=mutant.edit,
           -                     killed=outcome.kind is TestOutcomeKind.FAILED,
           -                 )
           +                 MutantCase(
           +                     case_id=f"{bug.key}/m{index}/{outcome.test_id}",
           +                     source="bugsinpy-operator",
           +                     project=bug.project,
           +                     bug_id=bug.bug_id,
           +                     fixed_commit=bug.fixed_commit,
           +                     requirement_text=requirement,
           +                     test_id=outcome.test_id,
           +                     test_source=sources.get(outcome.test_id, ""),
           +                     implementation_hunk=hunk,
           +                     defect_description=mutant.description,
           +                     edit=mutant.edit,
           +                     killed=outcome.kind is TestOutcomeKind.FAILED,
           +                 )
    pairs: 0 settled by the run, 30 put to the model, 0 dropped as not worth asking, 0 skipped once the defect was covered
    all 3 candidate edit(s) asked for were set aside (1 changed_nothing, 2 failed_check). That is a fact about these candidates, not about the defect, which goes to the static judge like any defect with no usable edit.

  [killed, NOT COUNTED] test-failure-status-recorded/missing-test-failure-status-field
    candidate edits: 3 asked for, 2 set aside, used candidate 3
      1. set aside (failed_check): the edit replaces 16 lines, over the 12-line bound; the smallest edit that makes the defect true is what was asked for
         at src/acceptance/benchmark/mutants/labels.py lines 75-90:
           - class MutantCase(PersistableModel):
           -     """One test observed against one injected edit."""
           - 
           -     case_id: str
           -     source: CaseSource
           -     project: str
           -     bug_id: int
           -     fixed_commit: str
           -     requirement_text: str
           -     test_id: str
           -     test_source: str
           -     implementation_hunk: str
           -     defect_description: str
           -     edit: MutantEdit
           -     killed: bool
           - 
           + class MutantCase(PersistableModel):
           +     """One test observed against one injected edit."""
           + 
           +     case_id: str
           +     source: CaseSource
           +     project: str
           +     bug_id: int
           +     fixed_commit: str
           +     requirement_text: str
           +     test_id: str
           +     test_source: str
           +     implementation_hunk: str
           +     defect_description: str
           +     edit: MutantEdit
           +     killed: bool
           +     test_failed: bool
      2. set aside (failed_check): the edit replaces 16 lines, over the 12-line bound; the smallest edit that makes the defect true is what was asked for
         at src/acceptance/benchmark/mutants/labels.py lines 75-90:
           - class MutantCase(PersistableModel):
           -     """One test observed against one injected edit."""
           - 
           -     case_id: str
           -     source: CaseSource
           -     project: str
           -     bug_id: int
           -     fixed_commit: str
           -     requirement_text: str
           -     test_id: str
           -     test_source: str
           -     implementation_hunk: str
           -     defect_description: str
           -     edit: MutantEdit
           -     killed: bool
           - 
           + class MutantCase(PersistableModel):
           +     """One test observed against one injected edit."""
           + 
           +     case_id: str
           +     source: CaseSource
           +     project: str
           +     bug_id: int
           +     fixed_commit: str
           +     requirement_text: str
           +     test_id: str
           +     test_source: str
           +     implementation_hunk: str
           +     defect_description: str
           +     edit: MutantEdit
           +     killed: bool
           +     test_failed: bool
    injected at src/acceptance/benchmark/mutants/labels.py lines 89-89:
      -     killed: bool
      +     killed: bool
      +     test_failed: bool
    caught by (8):
      tests/benchmark/test_mutant_labels.py::test_a_red_test_is_set_aside_and_never_labelled
      tests/benchmark/test_mutant_labels.py::test_loader_reads_the_synthetic_fixture_into_typed_cases
      tests/benchmark/test_mutant_labels.py::test_loader_rejects_two_cases_with_one_id
      tests/benchmark/test_mutant_labels.py::test_nothing_runs_inside_the_prepared_checkout
      tests/benchmark/test_mutant_labels.py::test_rebuilding_from_the_same_pins_writes_the_same_bytes
      tests/benchmark/test_mutant_labels.py::test_the_build_labels_every_usable_test_against_every_mutant
      tests/benchmark/test_mutant_labels.py::test_the_report_holds_counts_and_the_spot_check_share_only
      tests/benchmark/test_mutant_labels.py::test_the_survivor_sample_takes_one_case_per_edit_and_is_seeded
    edit NOT verified to make the defect true, so this result is not counted; tier: static, and the defect went to the static judge
    pairs: 0 settled by the run, 35 put to the model, 0 dropped as not worth asking, 0 skipped once the defect was covered

  [no_usable_edit] test-failure-status-recorded/status-encoded-as-killed-instead-of-failure-status
    candidate edits: 3 asked for, 3 set aside, none used
      1. set aside (failed_check): the edit replaces 15 lines, over the 12-line bound; the smallest edit that makes the defect true is what was asked for
         at src/acceptance/benchmark/mutants/labels.py lines 75-89:
           - class MutantCase(PersistableModel):
           -     """One test observed against one injected edit."""
           - 
           -     case_id: str
           -     source: CaseSource
           -     project: str
           -     bug_id: int
           -     fixed_commit: str
           -     requirement_text: str
           -     test_id: str
           -     test_source: str
           -     implementation_hunk: str
           -     defect_description: str
           -     edit: MutantEdit
           -     killed: bool
           + class MutantCase(PersistableModel):
           +     """One test observed against one injected edit."""
           + 
           +     case_id: str
           +     source: CaseSource
           +     project: str
           +     bug_id: int
           +     fixed_commit: str
           +     requirement_text: str
           +     test_id: str
           +     test_source: str
           +     implementation_hunk: str
           +     defect_description: str
           +     edit: MutantEdit
           +     failure_status: bool
      2. set aside (changed_nothing): the replacement for src/acceptance/benchmark/mutants/build.py lines 203..203 is identical to what it replaces, so nothing would be injected and every test would 'survive' a defect that was never introduced
         at src/acceptance/benchmark/mutants/build.py lines 203-203:
           -                     killed=outcome.kind is TestOutcomeKind.FAILED,
           +                     killed=outcome.kind is TestOutcomeKind.FAILED,
      3. set aside (failed_check): the edit replaces 15 lines, over the 12-line bound; the smallest edit that makes the defect true is what was asked for
         at src/acceptance/benchmark/mutants/labels.py lines 75-89:
           - class MutantCase(PersistableModel):
           -     """One test observed against one injected edit."""
           - 
           -     case_id: str
           -     source: CaseSource
           -     project: str
           -     bug_id: int
           -     fixed_commit: str
           -     requirement_text: str
           -     test_id: str
           -     test_source: str
           -     implementation_hunk: str
           -     defect_description: str
           -     edit: MutantEdit
           -     killed: bool
           + class MutantCase(PersistableModel):
           +     """One test observed against one injected edit."""
           + 
           +     case_id: str
           +     source: CaseSource
           +     project: str
           +     bug_id: int
           +     fixed_commit: str
           +     requirement_text: str
           +     test_id: str
           +     test_source: str
           +     implementation_hunk: str
           +     defect_description: str
           +     edit: MutantEdit
           +     failure_status: bool
    pairs: 0 settled by the run, 30 put to the model, 0 dropped as not worth asking, 0 skipped once the defect was covered
    all 3 candidate edit(s) asked for were set aside (1 changed_nothing, 2 failed_check). That is a fact about these candidates, not about the defect, which goes to the static judge like any defect with no usable edit.

  [no_usable_edit] test-source/test-source-extraction-fails-for-some-test-ids
    candidate edits: 3 asked for, 3 set aside, none used
      1. set aside (changed_nothing): the replacement for src/acceptance/benchmark/mutants/build.py lines 325..346 is identical to what it replaces, so nothing would be injected and every test would 'survive' a defect that was never introduced
         at src/acceptance/benchmark/mutants/build.py lines 325-346:
           - def source_of_test(test_text: str, test_id: str) -> str:
           -     """The source of the function or method a test id names, decorators included."""
           -     names = test_id.split("::")[1:]
           -     tree = ast.parse(test_text)
           -     body: list[ast.stmt] = tree.body
           -     found: ast.AST | None = None
           -     for name in names:
           -         found = next(
           -             (
           -                 n
           -                 for n in body
           -                 if isinstance(n, (ast.FunctionDef, ast.AsyncFunctionDef, ast.ClassDef))
           -                 and n.name == name
           -             ),
           -             None,
           -         )
           -         if found is None:
           -             return ""
           -         body = getattr(found, "body", [])
           -     lines = test_text.splitlines()
           -     first = min([found.lineno] + [d.lineno for d in found.decorator_list])
           -     return "\n".join(lines[first - 1 : found.end_lineno])
           + def source_of_test(test_text: str, test_id: str) -> str:
           +     """The source of the function or method a test id names, decorators included."""
           +     names = test_id.split("::")[1:]
           +     tree = ast.parse(test_text)
           +     body: list[ast.stmt] = tree.body
           +     found: ast.AST | None = None
           +     for name in names:
           +         found = next(
           +             (
           +                 n
           +                 for n in body
           +                 if isinstance(n, (ast.FunctionDef, ast.AsyncFunctionDef, ast.ClassDef))
           +                 and n.name == name
           +             ),
           +             None,
           +         )
           +         if found is None:
           +             return ""
           +         body = getattr(found, "body", [])
           +     lines = test_text.splitlines()
           +     first = min([found.lineno] + [d.lineno for d in found.decorator_list])
           +     return "\n".join(lines[first - 1 : found.end_lineno])
      2. set aside (changed_nothing): the replacement for src/acceptance/benchmark/mutants/build.py lines 325..346 is identical to what it replaces, so nothing would be injected and every test would 'survive' a defect that was never introduced
         at src/acceptance/benchmark/mutants/build.py lines 325-346:
           - def source_of_test(test_text: str, test_id: str) -> str:
           -     """The source of the function or method a test id names, decorators included."""
           -     names = test_id.split("::")[1:]
           -     tree = ast.parse(test_text)
           -     body: list[ast.stmt] = tree.body
           -     found: ast.AST | None = None
           -     for name in names:
           -         found = next(
           -             (
           -                 n
           -                 for n in body
           -                 if isinstance(n, (ast.FunctionDef, ast.AsyncFunctionDef, ast.ClassDef))
           -                 and n.name == name
           -             ),
           -             None,
           -         )
           -         if found is None:
           -             return ""
           -         body = getattr(found, "body", [])
           -     lines = test_text.splitlines()
           -     first = min([found.lineno] + [d.lineno for d in found.decorator_list])
           -     return "\n".join(lines[first - 1 : found.end_lineno])
           + def source_of_test(test_text: str, test_id: str) -> str:
           +     """The source of the function or method a test id names, decorators included."""
           +     names = test_id.split("::")[1:]
           +     tree = ast.parse(test_text)
           +     body: list[ast.stmt] = tree.body
           +     found: ast.AST | None = None
           +     for name in names:
           +         found = next(
           +             (
           +                 n
           +                 for n in body
           +                 if isinstance(n, (ast.FunctionDef, ast.AsyncFunctionDef, ast.ClassDef))
           +                 and n.name == name
           +             ),
           +             None,
           +         )
           +         if found is None:
           +             return ""
           +         body = getattr(found, "body", [])
           +     lines = test_text.splitlines()
           +     first = min([found.lineno] + [d.lineno for d in found.decorator_list])
           +     return "\n".join(lines[first - 1 : found.end_lineno])
      3. set aside (changed_nothing): the replacement for src/acceptance/benchmark/mutants/build.py lines 325..346 is identical to what it replaces, so nothing would be injected and every test would 'survive' a defect that was never introduced
         at src/acceptance/benchmark/mutants/build.py lines 325-346:
           - def source_of_test(test_text: str, test_id: str) -> str:
           -     """The source of the function or method a test id names, decorators included."""
           -     names = test_id.split("::")[1:]
           -     tree = ast.parse(test_text)
           -     body: list[ast.stmt] = tree.body
           -     found: ast.AST | None = None
           -     for name in names:
           -         found = next(
           -             (
           -                 n
           -                 for n in body
           -                 if isinstance(n, (ast.FunctionDef, ast.AsyncFunctionDef, ast.ClassDef))
           -                 and n.name == name
           -             ),
           -             None,
           -         )
           -         if found is None:
           -             return ""
           -         body = getattr(found, "body", [])
           -     lines = test_text.splitlines()
           -     first = min([found.lineno] + [d.lineno for d in found.decorator_list])
           -     return "\n".join(lines[first - 1 : found.end_lineno])
           + def source_of_test(test_text: str, test_id: str) -> str:
           +     """The source of the function or method a test id names, decorators included."""
           +     names = test_id.split("::")[1:]
           +     tree = ast.parse(test_text)
           +     body: list[ast.stmt] = tree.body
           +     found: ast.AST | None = None
           +     for name in names:
           +         found = next(
           +             (
           +                 n
           +                 for n in body
           +                 if isinstance(n, (ast.FunctionDef, ast.AsyncFunctionDef, ast.ClassDef))
           +                 and n.name == name
           +             ),
           +             None,
           +         )
           +         if found is None:
           +             return ""
           +         body = getattr(found, "body", [])
           +     lines = test_text.splitlines()
           +     first = min([found.lineno] + [d.lineno for d in found.decorator_list])
           +     return "\n".join(lines[first - 1 : found.end_lineno])
    pairs: 0 settled by the run, 4 put to the model, 0 dropped as not worth asking, 40 skipped once the defect was covered
    all 3 candidate edit(s) asked for were set aside (3 changed_nothing). That is a fact about these candidates, not about the defect, which goes to the static judge like any defect with no usable edit.

  [survived, NOT COUNTED] test-source/test-source-not-included-in-case-output
    candidate edits: 1 asked for, 0 set aside, used candidate 1
    injected at src/acceptance/benchmark/mutants/build.py lines 199-199:
      -                     test_source=sources.get(outcome.test_id, ""),
      +                     test_source=sources.get(outcome.test_id),
    no test caught it; 24 candidate test(s) ran and none failed
    edit NOT verified to make the defect true, so this result is not counted; tier: static, and the defect went to the static judge
    pairs: 0 settled by the run, 33 put to the model, 0 dropped as not worth asking, 0 skipped once the defect was covered

  [survived, NOT COUNTED] test-source/test-source-not-written-into-label-file
    candidate edits: 1 asked for, 0 set aside, used candidate 1
    injected at src/acceptance/benchmark/mutants/build.py lines 199-199:
      -                     test_source=sources.get(outcome.test_id, ""),
      +                     test_source="",
    no test caught it; 24 candidate test(s) ran and none failed
    edit NOT verified to make the defect true, so this result is not counted; tier: static, and the defect went to the static judge
    pairs: 0 settled by the run, 35 put to the model, 0 dropped as not worth asking, 0 skipped once the defect was covered

  [killed, NOT COUNTED] typed-loader-for-cases/not-wired-to-typed-loader
    candidate edits: 1 asked for, 0 set aside, used candidate 1
    injected at src/acceptance/benchmark/mutants/labels.py lines 175-177:
      - def load_mutant_labels(path: Path) -> MutantLabelSet:
      -     """Read a label file written by the build, validating it on the way in."""
      -     return MutantLabelSet.from_dict(json.loads(path.read_text(encoding="utf-8")))
      + def load_mutant_labels(path: Path) -> MutantLabelSet:
      +     """Read a label file written by the build, validating it on the way in."""
      +     return MutantLabelSet.from_json(path.read_text(encoding="utf-8"))
    caught by (4):
      tests/benchmark/test_mutant_labels.py::test_loader_reads_the_synthetic_fixture_into_typed_cases
      tests/benchmark/test_mutant_labels.py::test_loader_rejects_a_case_with_a_field_it_does_not_know
      tests/benchmark/test_mutant_labels.py::test_loader_rejects_two_cases_with_one_id
      tests/benchmark/test_mutant_labels.py::test_rebuilding_from_the_same_pins_writes_the_same_bytes
    edit NOT verified to make the defect true, so this result is not counted; tier: static, and the defect went to the static judge
    pairs: 0 settled by the run, 32 put to the model, 0 dropped as not worth asking, 0 skipped once the defect was covered

Defects the delivered code already has, as asserted by the model (static tier; needs human review):
  no-judge-scoring/report-uses-cases-to-score
    Lines 82-120 compute killed/survived counts and rates from labels.cases, including the survivor_check summary from sample checks; __main__.py line 64 exposes this via the report command. (the repair was refused: the replacement for src/acceptance/benchmark/mutants/survivors.py lines 82..120 is identical to what it replaces, so nothing would be injected and every test would 'survive' a defect that was never introduced)
    no test run supports or contradicts this claim
    repair at src/acceptance/benchmark/mutants/survivors.py lines 82-120:
      - def summarise(labels: MutantLabelSet, sample: SurvivorSample | None = None) -> dict:
      -     """Counts and rates only — nothing derived from BugsInPy's content."""
      -     cases = labels.cases
      -     killed = sum(c.killed for c in cases)
      -     per_project: dict[str, dict[str, int]] = {}
      -     for project, count in sorted(Counter(c.project for c in cases).items()):
      -         project_killed = sum(c.killed for c in cases if c.project == project)
      -         per_project[project] = {
      -             "cases": count,
      -             "killed": project_killed,
      -             "survived": count - project_killed,
      -         }
      -     summary: dict = {
      -         "bugsinpy_commit": labels.bugsinpy_commit,
      -         "pinned_bugs": len(labels.bugs),
      -         "bugs_with_cases": len({(c.project, c.bug_id) for c in cases}),
      -         "skipped_bugs": len(labels.skipped_bugs),
      -         "edits": len({_edit_key(c) for c in cases}),
      -         "cases": len(cases),
      -         "killed": killed,
      -         "survived": len(cases) - killed,
      -         "killed_share": _share(killed, len(cases)),
      -         "survived_share": _share(len(cases) - killed, len(cases)),
      -         "per_project": per_project,
      -         "operators": dict(sorted(Counter(c.edit.operator for c in cases).items())),
      -         "set_aside_tests": len(labels.set_aside_tests),
      -         "set_aside_mutants": len(labels.set_aside_mutants),
      -     }
      -     if sample is not None:
      -         judged = [c for c in sample.checks if c.changes_behaviour is not None]
      -         unchanged = sum(1 for c in judged if c.changes_behaviour is False)
      -         summary["survivor_check"] = {
      -             "population": sample.population,
      -             "sample_size": len(sample.checks),
      -             "checked": len(judged),
      -             "no_behaviour_change": unchanged,
      -             "no_behaviour_change_share": _share(unchanged, len(judged)),
      -         }
      -     return summary
      + def summarise(labels: MutantLabelSet, sample: SurvivorSample | None = None) -> dict:
      +     """Counts and rates only — nothing derived from BugsInPy's content."""
      +     cases = labels.cases
      +     killed = sum(c.killed for c in cases)
      +     per_project: dict[str, dict[str, int]] = {}
      +     for project, count in sorted(Counter(c.project for c in cases).items()):
      +         project_killed = sum(c.killed for c in cases if c.project == project)
      +         per_project[project] = {
      +             "cases": count,
      +             "killed": project_killed,
      +             "survived": count - project_killed,
      +         }
      +     summary: dict = {
      +         "bugsinpy_commit": labels.bugsinpy_commit,
      +         "pinned_bugs": len(labels.bugs),
      +         "bugs_with_cases": len({(c.project, c.bug_id) for c in cases}),
      +         "skipped_bugs": len(labels.skipped_bugs),
      +         "edits": len({_edit_key(c) for c in cases}),
      +         "cases": len(cases),
      +         "killed": killed,
      +         "survived": len(cases) - killed,
      +         "killed_share": _share(killed, len(cases)),
      +         "survived_share": _share(len(cases) - killed, len(cases)),
      +         "per_project": per_project,
      +         "operators": dict(sorted(Counter(c.edit.operator for c in cases).items())),
      +         "set_aside_tests": len(labels.set_aside_tests),
      +         "set_aside_mutants": len(labels.set_aside_mutants),
      +     }
      +     if sample is not None:
      +         judged = [c for c in sample.checks if c.changes_behaviour is not None]
      +         unchanged = sum(1 for c in judged if c.changes_behaviour is False)
      +         summary["survivor_check"] = {
      +             "population": sample.population,
      +             "sample_size": len(sample.checks),
      +             "checked": len(judged),
      +             "no_behaviour_change": unchanged,
      +             "no_behaviour_change_share": _share(unchanged, len(judged)),
      +         }
      +     return summary

Candidate tests set aside (no conclusion rests on these):
  [not_started] .acceptance/mutant-labels/projects/thefuck-1/tests/entrypoints/test_not_configured.py::test_for_generic_shell
    the project's own pytest does not collect this test, so asking it to run would make the whole run fail without running anything. Test discovery found the file; pytest declines it.
  [not_started] .acceptance/mutant-labels/projects/thefuck-1/tests/entrypoints/test_not_configured.py::test_on_first_run
    the project's own pytest does not collect this test, so asking it to run would make the whole run fail without running anything. Test discovery found the file; pytest declines it.
  [not_started] .acceptance/mutant-labels/projects/thefuck-1/tests/entrypoints/test_not_configured.py::test_on_first_run_from_current_shell
    the project's own pytest does not collect this test, so asking it to run would make the whole run fail without running anything. Test discovery found the file; pytest declines it.
  [not_started] .acceptance/mutant-labels/projects/thefuck-1/tests/entrypoints/test_not_configured.py::test_on_run_after_other_commands
    the project's own pytest does not collect this test, so asking it to run would make the whole run fail without running anything. Test discovery found the file; pytest declines it.
  [not_started] .acceptance/mutant-labels/projects/thefuck-1/tests/entrypoints/test_not_configured.py::test_when_already_configured
    the project's own pytest does not collect this test, so asking it to run would make the whole run fail without running anything. Test discovery found the file; pytest declines it.
  [not_started] .acceptance/mutant-labels/projects/thefuck-1/tests/entrypoints/test_not_configured.py::test_when_cant_configure_automatically
    the project's own pytest does not collect this test, so asking it to run would make the whole run fail without running anything. Test discovery found the file; pytest declines it.
  [not_started] .acceptance/mutant-labels/projects/thefuck-1/tests/entrypoints/test_not_configured.py::test_when_successfully_configured
    the project's own pytest does not collect this test, so asking it to run would make the whole run fail without running anything. Test discovery found the file; pytest declines it.
  [not_started] .acceptance/mutant-labels/projects/thefuck-1/tests/shells/test_fish.py::TestFish::test_get_overridden_aliases
    the project's own pytest does not collect this test, so asking it to run would make the whole run fail without running anything. Test discovery found the file; pytest declines it.
  [not_started] .acceptance/mutant-labels/projects/thefuck-1/tests/test_conf.py::test_settings_defaults
    the project's own pytest does not collect this test, so asking it to run would make the whole run fail without running anything. Test discovery found the file; pytest declines it.
  [not_started] .acceptance/mutant-labels/projects/thefuck-1/tests/test_utils.py::TestCache::test_when_etag_changed
    the project's own pytest does not collect this test, so asking it to run would make the whole run fail without running anything. Test discovery found the file; pytest declines it.
  [not_started] .acceptance/mutant-labels/projects/thefuck-1/tests/test_utils.py::TestCache::test_with_blank_cache
    the project's own pytest does not collect this test, so asking it to run would make the whole run fail without running anything. Test discovery found the file; pytest declines it.
  [not_started] .acceptance/mutant-labels/projects/thefuck-1/tests/test_utils.py::TestCache::test_with_filled_cache
    the project's own pytest does not collect this test, so asking it to run would make the whole run fail without running anything. Test discovery found the file; pytest declines it.
  [not_started] .acceptance/mutant-labels/projects/thefuck-10/tests/test_conf.py::test_settings_defaults
    the project's own pytest does not collect this test, so asking it to run would make the whole run fail without running anything. Test discovery found the file; pytest declines it.
  [not_started] .acceptance/mutant-labels/projects/thefuck-10/tests/test_utils.py::TestCache::test_when_etag_changed
    the project's own pytest does not collect this test, so asking it to run would make the whole run fail without running anything. Test discovery found the file; pytest declines it.
  [not_started] .acceptance/mutant-labels/projects/thefuck-10/tests/test_utils.py::TestCache::test_with_blank_cache
    the project's own pytest does not collect this test, so asking it to run would make the whole run fail without running anything. Test discovery found the file; pytest declines it.
  [not_started] .acceptance/mutant-labels/projects/thefuck-10/tests/test_utils.py::TestCache::test_with_filled_cache
    the project's own pytest does not collect this test, so asking it to run would make the whole run fail without running anything. Test discovery found the file; pytest declines it.
  [not_started] .acceptance/mutant-labels/projects/thefuck-11/tests/test_conf.py::test_settings_defaults
    the project's own pytest does not collect this test, so asking it to run would make the whole run fail without running anything. Test discovery found the file; pytest declines it.
  [not_started] .acceptance/mutant-labels/projects/thefuck-11/tests/test_utils.py::TestCache::test_when_etag_changed
    the project's own pytest does not collect this test, so asking it to run would make the whole run fail without running anything. Test discovery found the file; pytest declines it.
  [not_started] .acceptance/mutant-labels/projects/thefuck-11/tests/test_utils.py::TestCache::test_with_blank_cache
    the project's own pytest does not collect this test, so asking it to run would make the whole run fail without running anything. Test discovery found the file; pytest declines it.
  [not_started] .acceptance/mutant-labels/projects/thefuck-11/tests/test_utils.py::TestCache::test_with_filled_cache
    the project's own pytest does not collect this test, so asking it to run would make the whole run fail without running anything. Test discovery found the file; pytest declines it.

Evidence limitations:
  1. Judgments are static inferences unless a higher tier is recorded; the full application was not independently executed.

Next: retrieve a criterion's full recommendation with
  acceptance recommendation --criterion <id>run 34601fedf98e6a6d
  continuing 9a1225e794aaffef
  continue this run with: --continue 34601fedf98e6a6d
Model usage by stage:
  stage                         model                                                              calls   prompt  output  cached  this run  recorded  time this run
  ----------------------------  -------------------------------------------  ---------------------------  -------  ------  ------  --------  --------  -------------
  obligation linking            voyage/voyage-3.5-lite                           1 (0 live / 1 replayed)      831       0       —   $0.0000   $0.0000              —
  defect enumeration            openai/gpt-5.4-mini                            23 (23 live / 0 replayed)  436,923   7,393    0.0%   $0.3610   $0.3610         140.3s
  defect-to-test pair mapping   voyage/voyage-3.5-lite, openai/gpt-5.4-mini  135 (135 live / 0 replayed)  170,905  28,268    0.0%   $0.2521   $0.2521         205.2s
  coverage classification       openai/gpt-5.4-mini                              1 (1 live / 0 replayed)   25,174   2,296    0.0%   $0.0292   $0.0292          10.4s
  unrequested-change detection  openai/gpt-5.4-mini                              1 (1 live / 0 replayed)   24,554     806    0.0%   $0.0220   $0.0220           5.8s
  test recommendation           openai/gpt-5.4-mini                              1 (1 live / 0 replayed)   24,593   1,994    0.0%   $0.0274   $0.0274          12.0s
  mutation descriptor           openai/gpt-5.4-mini                            85 (85 live / 0 replayed)  690,529  12,459   47.8%   $0.3514   $0.3514         129.6s
  this run spent $1.0431 on 246 live call(s); the evidence cost $1.0431 to record (1 call(s) replayed at no cost to this run)

