Task completion: INCOMPLETE

48 obligation(s) with non-discriminating test evidence (unchanged-task-file-no-decompose-call, unchanged-task-file-byte-identical-obligations, different-ledger-state-same-obligations-as-no-ledger, unchanged-request-carries-previous-obligations, prompt-change-blocks-carry-forward, schema-change-blocks-carry-forward, completion-10-fixtures-still-produce-recorded-movements, completion-11-byte-identical-test-passes, constraint-01-unchanged-requirement-no-model-call, constraint-02-unchanged-obligations-keep-identifiers, constraint-03-unchanged-obligations-keep-descriptions, constraint-05-persistent-obligation-keeps-identifier, drop-obligations-for-removed-requirement, report-removal-of-dropped-requirement, fresh-derivation-without-prior-obligations, exact-text-match-defines-same-requirement, align-unmatched-requirements-via-alignment-helper, carry-forward-unchanged-merge-decisions, reask-merge-decision-when-either-obligation-changed, carry-forward-reads-only-continued-run, no-carry-forward-without-continued-run, carried-source-quote-substring, rederive-non-substring-source-quote, carry-only-same-request-key, stage-logic-version-tracks-output-changing-behavior, different-stage-logic-version-not-carried, every-run-reports-identifier, continued-run-records-parent-identifier, run-identifier-not-in-review-state, run-identifier-not-in-rendered-report, run-records-derivations-in-own-ledger-file, ledger-file-appended-not-rewritten, ledger-records-carried-derived-revised-requirements, ledger-records-request-key-per-derivation, ledger-records-stage-logic-version, ledger-records-model-call-count, requirement-disposition-records-derivation-status, carried-requirement-records-content-digest, revised-requirement-records-revision-reason, no-inferred-continuation-from-task-file-alone, no-multiple-derivations-per-requirement-per-run, unchanged-requirement-carries-obligations, edited-requirement-rederived-from-old-and-new-text, new-requirement-derived-fresh, disappeared-requirement-drops-obligations, run-identifies-itself-and-records-derived-work, run-records-derived-work, later-run-can-name-continued-run).

Obligations:

  1. A run over an unchanged task file naming a continued run issues no decompose model call.
       requirements: completion-02
       code evidence: addressed
         1.1  src/acceptance/cli.py#@@ -215,13 +243,28 @@ def remove_legacy_instruction_file(repo: Path) -> Path | None:
         1.2  src/acceptance/cli.py#@@ -839,7 +964,7 @@ def main(argv: list[str] | None = None) -> int:
         1.3  src/acceptance/requirement/obligations.py#@@ -719,12 +840,29 @@ def decompose(
         1.4  src/acceptance/requirement/carry.py#@@ -0,0 +1,222 @@
         1.5  tests/requirement/test_carry_forward.py#@@ -0,0 +1,1183 @@
       test evidence: partially supported  [tier: static]
         1.6  tests/requirement/test_carry_forward.py::test_a_rerun_over_an_unchanged_task_file_issues_no_decompose_call
         1.7  tests/requirement/test_carry_forward.py::test_the_alignment_helper_is_not_called_when_nothing_is_left_over
         1.8  tests/requirement/test_carry_forward.py::test_the_decompose_command_writes_a_ledger_entry_and_a_second_run_carries
         recommended test: No decompose model call occurs for an unchanged task file when a continued run is named.
           inputs:  Use a truly unchanged task file and a named continued run whose prior ledger already exists, but assert against a fresh second invocation where the prior run is read from the ledger store rather than injected directly into the helper. The input must be the CLI/pipeline entry point that mints and reads run ids, not only the lower-level decompose helper.
           detects: Implementation performs the decompose call only when the ledger is missing, but the current test setup uses a prior run so the call count would still be nonzero and miss the bug.
           full detail: acceptance recommendation --criterion unchanged-task-file-no-decompose-call

  2. A run over an unchanged task file naming a continued run produces byte-identical obligations, identifiers and descriptions.
       requirements: completion-03
       code evidence: addressed
         2.1  src/acceptance/cli.py#@@ -812,6 +930,13 @@ def main(argv: list[str] | None = None) -> int:
         2.2  src/acceptance/requirement/obligations.py#@@ -486,9 +519,69 @@ def _user_prompt(registry: list[RequirementRef], answer_for: set[str]) -> str:
         2.3  src/acceptance/requirement/obligations.py#@@ -719,12 +840,29 @@ def decompose(
         2.4  src/acceptance/requirement/carry.py#@@ -0,0 +1,222 @@
         2.5  tests/requirement/test_carry_forward.py#@@ -0,0 +1,1183 @@
       test evidence: partially supported  [tier: static]
         2.6  tests/requirement/test_carry_forward.py::test_a_rerun_over_an_unchanged_task_file_returns_byte_identical_obligations
         2.7  tests/requirement/test_linking.py::test_two_runs_over_identical_task_text_produce_identical_state_at_both_stages
         2.8  tests/requirement/test_requirement_map.py::test_requirement_ids_are_identical_across_two_runs_over_identical_text
         recommended test: The produced obligations, identifiers, and descriptions are byte-identical across the unchanged continued run.
           inputs:  Run the same unchanged task through two different unchanged fixtures that are byte-identical in task text but differ in surrounding continued-run state shape, so the test can detect any hidden normalization or fixture-specific drift. Use two unchanged task files with the same requirement text but different non-semantic formatting around them, and compare the full serialized obligations/ids/descriptions from both continued runs.
           detects: Implementation returns the same obligations for the tested unchanged input but would differ only on a different unchanged fixture, or would drift through hidden normalization on another byte-identical case.
           full detail: acceptance recommendation --criterion unchanged-task-file-byte-identical-obligations

  3. A decomposition run against ledger state recording a different task file produces the same obligations as one run against no ledger state at all.
       requirements: completion-04
       code evidence: addressed
         3.1  src/acceptance/requirement/carry.py#@@ -0,0 +1,222 @@
         3.2  src/acceptance/requirement/ledger.py#@@ -0,0 +1,301 @@
         3.3  tests/requirement/test_carry_forward.py#@@ -0,0 +1,1183 @@
       test evidence: partially supported  [tier: static]
         3.4  tests/requirement/test_carry_forward.py::test_a_ledger_recording_a_different_task_produces_what_an_empty_ledger_does
         3.5  tests/requirement/test_linking.py::test_the_same_derived_obligations_produce_the_same_links
         recommended test: The obligations produced with mismatched ledger state match the obligations produced with no ledger state.
           inputs:  Use a task file whose requirements are unchanged, but pair it with a ledger from a different task file that shares no requirement text. Run once with that mismatched ledger and once with no ledger, then compare outputs and call counts.
           detects: Implementation ignores the mismatched ledger state and behaves exactly like no ledger for the tested case, or changes only internal provenance while leaving obligations and call counts identical.
           full detail: acceptance recommendation --criterion different-ledger-state-same-obligations-as-no-ledger

  4. Editing one requirement re-derives that requirement and leaves the obligations of every other requirement unchanged.
       requirements: completion-05
       code evidence: addressed
         4.1  src/acceptance/requirement/carry.py#@@ -0,0 +1,222 @@
         4.2  src/acceptance/requirement/obligations.py#@@ -486,9 +519,69 @@ def _user_prompt(registry: list[RequirementRef], answer_for: set[str]) -> str:
         4.3  src/acceptance/requirement/obligations.py#@@ -719,12 +840,29 @@ def decompose(
         4.4  src/acceptance/requirement/obligations.py#@@ -842,16 +980,199 @@ def decompose(
         4.5  tests/requirement/test_carry_forward.py#@@ -0,0 +1,1183 @@
       test evidence: strongly supported  [tier: static]
         4.6  tests/requirement/test_carry_forward.py::test_a_revised_requirement_records_that_it_was_revised_and_why
         4.7  tests/requirement/test_carry_forward.py::test_carrying_forward_does_not_freeze_a_superseded_obligation_in_place
         4.8  tests/requirement/test_carry_forward.py::test_editing_one_requirement_leaves_every_other_requirement_carried
         4.9  tests/requirement/test_decompose_partitioning.py::test_two_batches_minting_the_same_obligation_id_stay_separate
         4.10  tests/requirement/test_requirement_map.py::test_two_requirements_stating_the_same_thing_yield_two_obligations
         4.11  tests/test_rerun.py::test_archetype_9_rerun_flips_the_weak_obligation_and_updates_the_verdict
         4.12  tests/test_rerun.py::test_only_the_affected_obligation_is_re_derived

  5. A tool change that leaves the decompose request unaltered carries every previously derived obligation.
       requirements: completion-06
       code evidence: addressed
         5.1  src/acceptance/requirement/ledger.py#@@ -0,0 +1,301 @@
         5.2  src/acceptance/requirement/carry.py#@@ -0,0 +1,222 @@
         5.3  src/acceptance/requirement/obligations.py#@@ -667,11 +760,39 @@ def _resolve_attributions(
       test evidence: partially supported  [tier: static]
         5.4  tests/requirement/test_carry_forward.py::test_a_tool_change_that_leaves_the_request_unaltered_carries_everything
         5.5  tests/requirement/test_carry_forward.py::test_every_requirement_is_recorded_as_carried
         5.6  tests/requirement/test_carry_forward.py::test_the_decompose_command_writes_a_ledger_entry_and_a_second_run_carries
         5.7  tests/requirement/test_carry_forward.py::test_the_plan_issues_calls_only_for_what_changed
         5.8  tests/requirement/test_carry_forward.py::test_the_review_pipeline_carries_forward_and_hands_back_what_it_derived
         5.9  tests/requirement/test_carry_forward.py::test_two_requirements_are_the_same_requirement_when_their_text_matches_exactly
         5.10  tests/requirement/test_linking.py::test_the_same_derived_obligations_produce_the_same_links
         5.11  tests/requirement/test_requirement_map.py::test_the_prompt_carries_identified_requirements_not_raw_markdown
         5.12  tests/test_rerun.py::test_a_rerun_still_reports_a_gap_in_code_the_new_work_never_touched
         recommended test: Previously derived obligations are carried forward when the decompose request is unchanged.
           inputs:  Invoke the higher-level pipeline entry point that carries prior obligations when the decompose request is unchanged, not just the lower-level decompose helper. Use an unchanged task plus a named continued run, and inspect the review/pipeline output path that consumes the carried obligations.
           detects: The implementation carries prior obligations but forgets to preserve the prompt-carrying behavior in a different pipeline entry point not covered by the current tests.
           full detail: acceptance recommendation --criterion unchanged-request-carries-previous-obligations

  6. A change to the decompose prompt prevents carrying the obligations derived under the previous prompt.
       requirements: completion-07
       code evidence: addressed
         6.1  src/acceptance/requirement/ledger.py#@@ -0,0 +1,301 @@
         6.2  tests/requirement/test_carry_forward.py#@@ -0,0 +1,1183 @@
       test evidence: partially supported  [tier: static]
         6.3  tests/requirement/test_carry_forward.py::test_a_changed_prompt_invalidates_the_entries_derived_under_it
         recommended test: Obligations derived under the previous prompt are not carried forward after the prompt changes.
           inputs:  Take a prior ledger from an unchanged run, then change only the decompose system prompt while keeping task text, model, seed, and schema otherwise the same. Run with the named continued run and verify carry-forward is blocked.
           detects: The prompt change invalidates carry-forward but only after a later stage, not during the tested run.
           full detail: acceptance recommendation --criterion prompt-change-blocks-carry-forward

  7. A change to the decompose response schema prevents carrying the obligations derived under the previous schema.
       requirements: completion-08
       code evidence: addressed
         7.1  src/acceptance/requirement/ledger.py#@@ -0,0 +1,301 @@
         7.2  src/acceptance/requirement/obligations.py#@@ -667,11 +760,39 @@ def _resolve_attributions(
         7.3  tests/requirement/test_carry_forward.py#@@ -0,0 +1,1183 @@
       test evidence: partially supported  [tier: static]
         7.4  tests/requirement/test_carry_forward.py::test_a_changed_response_schema_invalidates_the_entries_derived_under_it
         7.5  tests/requirement/test_carry_forward.py::test_the_carry_key_reads_the_live_response_schema
         recommended test: Obligations derived under the previous schema are not carried forward after the response schema changes.
           inputs:  Use a prior ledger recorded under one response schema version, then run with a different schema version while keeping task text and other determinism controls unchanged. The test should target the exact schema-version mismatch path, not a generic invalidation.
           detects: The implementation blocks carry-forward for schema changes but only for a different schema version than the one in the test.
           full detail: acceptance recommendation --criterion schema-change-blocks-carry-forward

  8. A change to the model or the seed prevents carrying the obligations derived under the previous one.
       requirements: completion-09
       code evidence: addressed
         8.1  src/acceptance/requirement/ledger.py#@@ -0,0 +1,301 @@
         8.2  tests/requirement/test_carry_forward.py#@@ -0,0 +1,1183 @@
       test evidence: strongly supported  [tier: static]
         8.3  tests/requirement/test_carry_forward.py::test_a_changed_model_invalidates_every_carried_entry
         8.4  tests/requirement/test_carry_forward.py::test_a_changed_seed_invalidates_every_carried_entry
         8.5  tests/test_cli.py::test_a_default_cli_run_is_seeded
         8.6  tests/test_cli.py::test_check_records_determinism_flags_in_provenance

  9. The decomposition movements recorded as correct in `tests/fixtures/decompose-stability/` are still produced when the task file genuinely changes.
       requirements: completion-10
       code evidence: addressed
         9.1  tests/requirement/test_carry_forward.py#@@ -0,0 +1,1183 @@
         9.2  src/acceptance/requirement/carry.py#@@ -0,0 +1,222 @@
         9.3  src/acceptance/requirement/linking.py#@@ -497,8 +523,14 @@ def link_duplicate_obligations(
       test evidence: partially supported  [tier: static]
         9.4  tests/requirement/test_obligations.py::test_archetype_1_includes_the_omitted_obligation
         recommended test: When the task file genuinely changes, the decomposition still produces the movements recorded as correct in `tests/fixtures/decompose-stability/`.
           inputs:  Use one of the recorded changed-task fixtures from `tests/fixtures/decompose-stability/` and a second changed fixture with a different edit shape, then verify the same recorded movement behavior on both. The inputs must genuinely change the task file so the test exercises the re-derivation path, not the unchanged carry path.
           detects: The implementation still produces the recorded movement on the fixture but would fail on a different changed fixture.
           full detail: acceptance recommendation --criterion completion-10-fixtures-still-produce-recorded-movements

  10. `tests/test_cli.py::test_two_runs_over_the_same_input_are_byte_identical` passes, over a task file and continued-run state that are both unchanged.
       requirements: completion-11
       code evidence: not required — The requirement is specifically that the named test passes, so the test itself is the demanded evidence.
       test evidence: partially supported  [tier: static]
         10.1  tests/requirement/test_carry_forward.py::test_two_runs_over_the_same_task_and_ledger_state_are_byte_identical
         10.2  tests/requirement/test_requirement_map.py::test_requirement_ids_are_identical_across_two_runs_over_identical_text
         10.3  tests/test_cli.py::test_two_retrievals_over_unchanged_state_are_byte_identical
         10.4  tests/test_cli.py::test_two_runs_over_the_same_input_are_byte_identical
         10.5  tests/test_mandate_coverage_wiring.py::test_two_runs_over_identical_task_text_produce_byte_identical_review_state
         recommended test: The named test passes when both the task file and the continued-run state are unchanged.
           inputs:  Run the named test twice with both the task file and the continued-run state unchanged, but assert on the full structured review object as well as the rendered CLI output. Use the same unchanged input and same ledger state both times.
           detects: The CLI output is stable for the tested unchanged input but the internal review object differs in an unasserted field.
           full detail: acceptance recommendation --criterion completion-11-byte-identical-test-passes

  11. A requirement whose text is unchanged from the continued run causes no model call during decomposition.
       requirements: task-01, constraint-01
       code evidence: addressed
         11.1  src/acceptance/requirement/carry.py#@@ -0,0 +1,222 @@
         11.2  src/acceptance/requirement/obligations.py#@@ -719,12 +840,29 @@ def decompose(
       test evidence: partially supported  [tier: static]
         11.3  tests/requirement/test_carry_forward.py::test_a_rerun_over_an_unchanged_task_file_issues_no_decompose_call
         11.4  tests/requirement/test_link_prefilter.py::test_a_pair_excluded_for_stating_a_different_kind_of_demand_stays_excluded
         11.5  tests/requirement/test_link_prefilter.py::test_a_pair_just_beyond_the_threshold_is_not_asked_about
         11.6  tests/requirement/test_link_prefilter.py::test_a_pair_within_the_threshold_is_sent_to_the_model
         11.7  tests/requirement/test_link_prefilter.py::test_changing_the_threshold_changes_which_pairs_are_sent
         11.8  tests/requirement/test_link_prefilter.py::test_pairs_excluded_counts_only_the_distance_exclusions
         11.9  tests/requirement/test_link_prefilter.py::test_the_default_run_filters_at_the_documented_default
         recommended test: During decomposition, unchanged requirements are handled without issuing a model call.
           inputs:  Choose a task with at least one unchanged requirement and at least one changed or new requirement so the run still needs model calls overall. Then assert that the unchanged requirement path itself does not trigger a call, rather than only checking the whole run call count.
           detects: The unchanged requirement path is correct, but a different requirement type still calls the model.
           full detail: acceptance recommendation --criterion constraint-01-unchanged-requirement-no-model-call

  12. The obligations of an unchanged requirement are carried forward with their identifiers unchanged.
       requirements: constraint-02
       code evidence: addressed
         12.1  src/acceptance/requirement/obligations.py#@@ -842,16 +980,199 @@ def decompose(
         12.2  src/acceptance/requirement/obligations.py#@@ -962,6 +1307,9 @@ def _requirement_map(
         12.3  src/acceptance/requirement/carry.py#@@ -0,0 +1,222 @@
       test evidence: partially supported  [tier: static]
         12.4  tests/requirement/test_carry_forward.py::test_a_rerun_over_an_unchanged_task_file_returns_byte_identical_obligations
         12.5  tests/requirement/test_requirement_map.py::test_two_requirements_minting_the_same_id_keep_separate_obligations
         recommended test: For an unchanged requirement, carried-forward obligations retain the same identifiers they had before.
           inputs:  Use an unchanged requirement whose carried obligations include at least two identifiers, and compare those identifiers across the continued run. Prefer a fixture where one obligation id is stable and another could be normalized differently if the implementation were buggy.
           detects: The implementation preserves ids for unchanged requirements but changes ids only for open questions, or a hidden normalization step would change ids on a different fixture.
           full detail: acceptance recommendation --criterion constraint-02-unchanged-obligations-keep-identifiers

  13. The obligations of an unchanged requirement are carried forward with their descriptions unchanged.
       requirements: constraint-03
       code evidence: addressed
         13.1  src/acceptance/requirement/obligations.py#@@ -842,16 +980,199 @@ def decompose(
         13.2  src/acceptance/requirement/obligations.py#@@ -962,6 +1307,9 @@ def _requirement_map(
         13.3  src/acceptance/requirement/carry.py#@@ -0,0 +1,222 @@
       test evidence: partially supported  [tier: static]
         13.4  tests/requirement/test_carry_forward.py::test_a_rerun_over_an_unchanged_task_file_returns_byte_identical_obligations
         13.5  tests/requirement/test_requirement_map.py::test_two_requirements_minting_the_same_id_keep_separate_obligations
         recommended test: For an unchanged requirement, carried-forward obligations retain the same descriptions they had before.
           inputs:  Use an unchanged requirement whose carried obligations have descriptions that are distinct from their ids and from each other. Compare the full descriptions across the continued run.
           detects: Descriptions are preserved for obligations but not for open questions, or descriptions are preserved for the tested fixture but would drift on a different unchanged fixture.
           full detail: acceptance recommendation --criterion constraint-03-unchanged-obligations-keep-descriptions

  14. An edited requirement is re-derived in one model call carrying the previous text, the new text, and the obligations previously derived from that requirement.
       requirements: constraint-04
       code evidence: addressed
         14.1  src/acceptance/requirement/obligations.py#@@ -486,9 +519,69 @@ def _user_prompt(registry: list[RequirementRef], answer_for: set[str]) -> str:
         14.2  src/acceptance/requirement/obligations.py#@@ -719,12 +840,29 @@ def decompose(
         14.3  src/acceptance/requirement/carry.py#@@ -0,0 +1,222 @@
         14.4  tests/requirement/test_carry_forward.py#@@ -0,0 +1,1183 @@
       test evidence: strongly supported  [tier: static]
         14.5  tests/requirement/test_carry_forward.py::test_a_new_requirement_is_derived_without_consulting_any_prior_obligation
         14.6  tests/requirement/test_linking.py::test_the_prompt_shows_typed_fields_and_never_the_task_files_markdown
         14.7  tests/requirement/test_obligation_echo.py::test_decompose_routes_obligations_through_the_guard
         14.8  tests/test_rerun.py::test_archetype_9_rerun_flips_the_weak_obligation_and_updates_the_verdict
         14.9  tests/test_rerun.py::test_only_the_affected_obligation_is_re_derived

  15. An obligation that persists across an edit to its requirement keeps the identifier it already had.
       requirements: constraint-05
       code evidence: addressed
         15.1  src/acceptance/requirement/obligations.py#@@ -486,9 +519,69 @@ def _user_prompt(registry: list[RequirementRef], answer_for: set[str]) -> str:
         15.2  src/acceptance/requirement/obligations.py#@@ -842,16 +980,199 @@ def decompose(
         15.3  src/acceptance/review_state.py#@@ -380,6 +380,20 @@ class RequirementDisposition(_Model):
         15.4  tests/requirement/test_carry_forward.py#@@ -0,0 +1,1183 @@
       test evidence: partially supported  [tier: static]
         15.5  tests/requirement/test_carry_forward.py::test_a_revised_requirement_records_that_it_was_revised_and_why
         15.6  tests/requirement/test_carry_forward.py::test_an_edited_requirements_persisting_obligations_keep_their_identifiers
         15.7  tests/requirement/test_carry_forward.py::test_carrying_forward_does_not_freeze_a_superseded_obligation_in_place
         15.8  tests/test_rerun.py::test_archetype_9_rerun_flips_the_weak_obligation_and_updates_the_verdict
         15.9  tests/test_rerun.py::test_only_the_affected_obligation_is_re_derived
         recommended test: When an obligation survives an edit to its requirement, its identifier remains the same.
           inputs:  Construct an edit where one obligation survives and one changes, and ensure the surviving obligation is not the one already covered by the current edit-shape test. Use a different edit shape than the existing fixture so the identifier-preservation logic is exercised on another survival pattern.
           detects: The implementation keeps identifiers for the tested edit case but would not for a different edit shape.
           full detail: acceptance recommendation --criterion constraint-05-persistent-obligation-keeps-identifier

  16. A requirement present in the continued run and absent from the task file under review has its obligations dropped.
       requirements: constraint-06
       code evidence: addressed
         16.1  src/acceptance/requirement/carry.py#@@ -0,0 +1,222 @@
         16.2  src/acceptance/requirement/obligations.py#@@ -842,16 +980,199 @@ def decompose(
         16.3  tests/requirement/test_carry_forward.py#@@ -0,0 +1,1183 @@
       test evidence: partially supported  [tier: static]
         16.4  tests/requirement/test_carry_forward.py::test_a_removed_requirement_is_reported_and_its_obligations_dropped
         16.5  tests/requirement/test_obligation_attribution.py::test_refiling_takes_the_satisfied_by_absence_of_the_requirement_it_lands_in
         16.6  tests/test_cli.py::test_a_requirement_that_yielded_nothing_is_visible_in_the_report
         recommended test: When a requirement exists in the continued run but not in the reviewed task file, its previously derived obligations are absent from the new decomposition output.
           inputs:  Use a prior run with a requirement that is then removed from the continued task file, and ensure that requirement had at least one obligation. Compare the new decomposition output against the prior ledger.
           detects: The removed requirement's obligations are dropped, but the removal is not recorded anywhere, or the implementation drops obligations for the tested removed requirement but not for a different removed requirement.
           full detail: acceptance recommendation --criterion drop-obligations-for-removed-requirement

  17. The removal of such a requirement is reported.
       requirements: constraint-07
       code evidence: addressed
         17.1  src/acceptance/cli.py#@@ -241,8 +289,51 @@ def run_decompose(task: str, config: RunConfig) -> tuple[Decomposition, Unusable
         17.2  src/acceptance/cli.py#@@ -812,6 +930,13 @@ def main(argv: list[str] | None = None) -> int:
         17.3  tests/requirement/test_carry_forward.py#@@ -0,0 +1,1183 @@
       test evidence: partially supported  [tier: static]
         17.4  tests/requirement/test_carry_forward.py::test_a_removed_requirement_is_reported_and_its_obligations_dropped
         17.5  tests/test_cli.py::test_a_requirement_that_yielded_nothing_is_visible_in_the_report
         17.6  tests/test_cli.py::test_the_removal_is_reported_in_json_mode_too
         17.7  tests/test_cli.py::test_the_removal_leaves_the_report_as_the_only_statement_of_status
         recommended test: The run output or recorded state includes an explicit report that the requirement was removed.
           inputs:  Use the same removed-requirement scenario as above, but inspect the run output or recorded state for an explicit removal report line. The removed requirement should be one with a visible text snippet so the report can be matched exactly.
           detects: The removal is reported for the tested fixture but not for other removed requirements.
           full detail: acceptance recommendation --criterion report-removal-of-dropped-requirement

  18. A requirement with no counterpart in the continued run is derived without reference to any previously derived obligation.
       requirements: constraint-08
       code evidence: addressed
         18.1  src/acceptance/requirement/carry.py#@@ -0,0 +1,222 @@
         18.2  src/acceptance/requirement/obligations.py#@@ -486,9 +519,69 @@ def _user_prompt(registry: list[RequirementRef], answer_for: set[str]) -> str:
         18.3  src/acceptance/requirement/obligations.py#@@ -719,12 +840,29 @@ def decompose(
         18.4  tests/requirement/test_carry_forward.py#@@ -0,0 +1,1183 @@
       test evidence: partially supported  [tier: static]
         18.5  tests/requirement/test_carry_forward.py::test_a_ledger_recording_a_different_task_produces_what_an_empty_ledger_does
         18.6  tests/requirement/test_carry_forward.py::test_a_new_requirement_is_derived_without_consulting_any_prior_obligation
         recommended test: When a requirement is new relative to the continued run, its derivation does not reuse or consult previously derived obligations for that requirement.
           inputs:  Introduce a genuinely new requirement relative to the continued run, while keeping unrelated prior obligations present in the ledger. The new requirement should be a different shape from the one already covered so the test can detect accidental reuse of unrelated prior state.
           detects: A new requirement is derived fresh, but the implementation still reads unrelated prior ledger state for bookkeeping, or would consult prior obligations for a different new requirement shape.
           full detail: acceptance recommendation --criterion fresh-derivation-without-prior-obligations

  19. Two requirements are the same requirement when their text matches exactly.
       requirements: constraint-09
       code evidence: addressed
         19.1  src/acceptance/requirement/carry.py#@@ -0,0 +1,222 @@
         19.2  src/acceptance/requirement/ledger.py#@@ -0,0 +1,301 @@
         19.3  tests/requirement/test_carry_forward.py#@@ -0,0 +1,1183 @@
       test evidence: partially supported  [tier: static]
         19.4  tests/requirement/test_carry_forward.py::test_two_requirements_are_the_same_requirement_when_their_text_matches_exactly
         19.5  tests/requirement/test_obligation_attribution.py::test_a_quotation_matching_two_requirements_stays_with_the_one_it_was_attributed_to
         19.6  tests/requirement/test_requirement_map.py::test_two_requirements_stating_the_same_thing_yield_two_obligations
         recommended test: Requirement identity is determined by exact text equality between the continued run and the reviewed task file.
           inputs:  Create a continued run where one requirement's text is byte-identical but its positional id changes because a bullet is inserted above it. The test must include at least one inserted bullet so exact-text matching is the only stable identity signal.
           detects: The implementation matches exact text for the tested fixtures but not for a different exact-match case.
           full detail: acceptance recommendation --criterion exact-text-match-defines-same-requirement

  20. Requirements left unmatched by exact text are matched to each other through `benchmark/alignment.py::align_obligations`, which distinguishes an edited requirement from a new one.
       requirements: constraint-10
       code evidence: addressed
         20.1  src/acceptance/requirement/carry.py#@@ -0,0 +1,222 @@
         20.2  tests/requirement/test_carry_forward.py#@@ -0,0 +1,1183 @@
       test evidence: partially supported  [tier: static]
         20.3  tests/requirement/test_carry_forward.py::test_the_residue_is_matched_through_the_alignment_helper
         20.4  tests/requirement/test_requirement_map.py::test_two_requirements_stating_the_same_thing_yield_two_obligations
         recommended test: Unmatched requirements are paired using `benchmark/alignment.py::align_obligations`, and the pairing outcome separates edited requirements from new requirements.
           inputs:  Use a residue case where exact-text matching leaves both edited and new requirements unmatched, and ensure the alignment helper must separate them. Include at least one edited requirement and one genuinely new requirement so the helper's pairing outcome matters.
           detects: The helper is called for the tested residue case, but a different unmatched case would not use it.
           full detail: acceptance recommendation --criterion align-unmatched-requirements-via-alignment-helper

  21. A merge decision over two obligations that are both unchanged is carried forward without a model call.
       requirements: constraint-11
       code evidence: addressed
         21.1  src/acceptance/requirement/linking.py#@@ -477,9 +479,33 @@ def link_duplicate_obligations(
         21.2  src/acceptance/requirement/linking.py#@@ -497,8 +523,14 @@ def link_duplicate_obligations(
         21.3  src/acceptance/requirement/linking.py#@@ -516,9 +548,19 @@ def link_duplicate_obligations(
         21.4  tests/requirement/test_carry_forward.py#@@ -0,0 +1,1183 @@
       test evidence: partially supported  [tier: static]
         21.5  tests/requirement/test_carry_forward.py::test_a_carried_merge_decision_still_merges
         21.6  tests/requirement/test_carry_forward.py::test_a_merge_decision_over_two_unchanged_obligations_is_not_asked_again
         21.7  tests/requirement/test_carry_forward.py::test_the_decisions_a_run_stands_on_are_recorded_carried_and_fresh_alike
         21.8  tests/requirement/test_linking.py::test_no_requirement_is_left_without_an_obligation_by_a_merge
         21.9  tests/requirement/test_linking.py::test_obligations_the_model_does_not_link_are_left_separate
         21.10  tests/requirement/test_linking.py::test_one_requirement_stated_in_two_sections_yields_one_obligation_linked_to_both
         21.11  tests/requirement/test_linking.py::test_the_surviving_obligation_carries_the_source_spans_of_both_statements
         21.12  tests/requirement/test_linking.py::test_the_survivor_is_chosen_by_derivation_order_not_by_the_models_nomination
         21.13  tests/requirement/test_linking.py::test_two_test_demands_can_still_merge_with_each_other
         recommended test: For two unchanged obligations, the prior merge decision is reused and no model call is made for that merge.
           inputs:  Construct a prior ledger with at least one merge decision over two obligations that remain unchanged in the continued run. The pair should be one that would otherwise be askable, so the test can prove the decision was reused rather than re-asked.
           detects: The implementation carries unchanged merge decisions for the tested pair but not for a different unchanged pair.
           full detail: acceptance recommendation --criterion carry-forward-unchanged-merge-decisions

  22. A merge decision over two obligations of which either changed is asked again.
       requirements: constraint-12
       code evidence: addressed
         22.1  src/acceptance/requirement/linking.py#@@ -477,9 +479,33 @@ def link_duplicate_obligations(
         22.2  src/acceptance/requirement/linking.py#@@ -497,8 +523,14 @@ def link_duplicate_obligations(
         22.3  tests/requirement/test_carry_forward.py#@@ -0,0 +1,1183 @@
       test evidence: partially supported  [tier: static]
         22.4  tests/requirement/test_carry_forward.py::test_a_merge_decision_is_asked_again_when_either_obligation_changed
         22.5  tests/requirement/test_linking.py::test_no_requirement_is_left_without_an_obligation_by_a_merge
         22.6  tests/requirement/test_linking.py::test_obligations_the_model_does_not_link_are_left_separate
         22.7  tests/requirement/test_linking.py::test_one_requirement_stated_in_two_sections_yields_one_obligation_linked_to_both
         22.8  tests/test_rerun.py::test_archetype_9_rerun_flips_the_weak_obligation_and_updates_the_verdict
         recommended test: If either obligation in a merge pair changed, the system performs a new merge decision request instead of reusing the prior one.
           inputs:  Use a prior merge decision for a pair, then change exactly one obligation in that pair while leaving the other unchanged. The changed obligation should alter the fingerprint so the pair is no longer reusable.
           detects: The implementation re-asks changed pairs in the tested rerun case but misses a different changed-pair shape.
           full detail: acceptance recommendation --criterion reask-merge-decision-when-either-obligation-changed

  23. Carry-forward reads only the run named as the continued run.
       requirements: constraint-13
       code evidence: addressed
         23.1  src/acceptance/cli.py#@@ -120,6 +126,9 @@ def run_check(
         23.2  src/acceptance/cli.py#@@ -215,13 +243,28 @@ def remove_legacy_instruction_file(repo: Path) -> Path | None:
         23.3  src/acceptance/pipeline.py#@@ -237,6 +238,8 @@ def run_review(
         23.4  src/acceptance/requirement/ledger.py#@@ -0,0 +1,301 @@
         23.5  tests/requirement/test_carry_forward.py#@@ -0,0 +1,1183 @@
       test evidence: partially supported  [tier: static]
         23.6  tests/requirement/test_carry_forward.py::test_carry_forward_reads_only_the_run_it_was_told_to_continue
         23.7  tests/requirement/test_decompose_partitioning.py::test_the_batch_scopes_what_a_call_answers_for_not_what_it_reads
         23.8  tests/test_rerun.py::test_nothing_from_a_non_selected_ancestor_review_reaches_the_rerun
         recommended test: Carry-forward consults only the run identified as the continued run and does not consult other runs.
           inputs:  Populate the ledger store with at least two runs: the named continued run and a decoy run with matching or tempting content. Then continue from the named run and verify the decoy is ignored.
           detects: The implementation reads only the continued run for the tested ledger fixture but would consult extra runs in a different code path.
           full detail: acceptance recommendation --criterion carry-forward-reads-only-continued-run

  24. No obligations are carried forward when no continued run is named.
       requirements: constraint-14
       code evidence: addressed
         24.1  src/acceptance/requirement/ledger.py#@@ -0,0 +1,301 @@
         24.2  src/acceptance/requirement/carry.py#@@ -0,0 +1,222 @@
         24.3  tests/requirement/test_carry_forward.py#@@ -0,0 +1,1183 @@
       test evidence: partially supported  [tier: static]
         24.4  tests/requirement/test_carry_forward.py::test_no_continued_run_carries_nothing
         recommended test: A decomposition run with no continued run named does not reuse any previously derived obligations from prior state.
           inputs:  Run decomposition with no `--continue`/continued-run id at all, using a task that has a prior ledger available on disk so accidental implicit carry would be visible.
           detects: The implementation correctly derives fresh obligations for the tested no-continue case but would still carry in a different no-continue path.
           full detail: acceptance recommendation --criterion no-carry-forward-without-continued-run

  25. A carried obligation's source_quote is an exact substring of its requirement's text in the task file under review.
       requirements: constraint-15
       code evidence: addressed
         25.1  src/acceptance/requirement/carry.py#@@ -0,0 +1,222 @@
         25.2  tests/requirement/test_carry_forward.py#@@ -0,0 +1,1183 @@
       test evidence: partially supported  [tier: static]
         25.3  tests/requirement/test_carry_forward.py::test_a_carried_entry_quoting_text_the_requirement_lost_is_rederived
         25.4  tests/requirement/test_carry_forward.py::test_whitespace_only_reflow_does_not_strand_a_carried_span
         25.5  tests/requirement/test_obligation_attribution.py::test_a_quotation_is_found_across_a_line_break
         25.6  tests/requirement/test_obligation_attribution.py::test_a_quotation_matching_two_requirements_stays_with_the_one_it_was_attributed_to
         25.7  tests/requirement/test_obligations.py::test_each_obligation_links_to_its_source_span
         recommended test: A carried obligation references a source_quote that appears verbatim within the corresponding requirement text under review.
           inputs:  Use a carried obligation whose `source_quote` is a verbatim substring of the current requirement text, and make the quote nontrivial so whitespace or punctuation differences would matter if mishandled.
           detects: The implementation preserves substring quotes for the tested fixtures but not for a different formatting variant.
           full detail: acceptance recommendation --criterion carried-source-quote-substring

  26. An obligation whose source_quote is not such a substring is re-derived rather than carried.
       requirements: constraint-16
       code evidence: addressed
         26.1  src/acceptance/requirement/carry.py#@@ -0,0 +1,222 @@
         26.2  tests/requirement/test_carry_forward.py#@@ -0,0 +1,1183 @@
       test evidence: partially supported  [tier: static]
         26.3  tests/requirement/test_carry_forward.py::test_a_carried_entry_quoting_text_the_requirement_lost_is_rederived
         26.4  tests/requirement/test_carry_forward.py::test_whitespace_only_reflow_does_not_strand_a_carried_span
         26.5  tests/requirement/test_obligation_attribution.py::test_a_quotation_is_found_across_a_line_break
         recommended test: When a carried obligation's source_quote does not appear as an exact substring of the requirement text, the system re-derives that obligation instead of carrying it forward.
           inputs:  Construct a carried obligation whose stored quote no longer appears as an exact substring of the edited requirement text, but where the semantic requirement is otherwise similar. The quote should fail only by exact substring matching, not by unrelated corruption.
           detects: The implementation re-derives the tested non-substring case but would still carry a different non-substring case.
           full detail: acceptance recommendation --criterion rederive-non-substring-source-quote

  27. An entry is carried only when re-deriving it would issue the same request key it was recorded under.
       requirements: constraint-17
       code evidence: addressed
         27.1  src/acceptance/requirement/ledger.py#@@ -0,0 +1,301 @@
         27.2  src/acceptance/requirement/carry.py#@@ -0,0 +1,222 @@
         27.3  src/acceptance/requirement/obligations.py#@@ -667,11 +760,39 @@ def _resolve_attributions(
         27.4  tests/requirement/test_carry_forward.py#@@ -0,0 +1,1183 @@
       test evidence: partially supported  [tier: static]
         27.5  tests/evidence/test_mapping.py::test_changing_the_batch_size_changes_every_request_key
         27.6  tests/requirement/test_carry_forward.py::test_the_carry_key_reads_the_live_response_schema
         27.7  tests/requirement/test_decompose_partitioning.py::test_a_disposition_for_a_requirement_the_call_was_not_given_is_recorded
         27.8  tests/requirement/test_decompose_partitioning.py::test_changing_the_batch_size_changes_the_request_key
         27.9  tests/test_llm.py::test_request_key_distinguishes_call_parameters
         27.10  tests/test_llm.py::test_request_key_distinguishes_prompt_and_schema
         27.11  tests/test_llm.py::test_request_key_is_stable_across_clients
         recommended test: Carry-forward occurs only for entries whose re-derivation would produce the same request key as the recorded one.
           inputs:  Use two requirements where one would produce the same carry key and the other would not, under the same run. The test should include a batch-size or schema variation that would otherwise tempt a false positive if the key were computed too broadly.
           detects: The implementation uses the correct request key for the tested batch-size and schema cases but not for a different parameter combination.
           full detail: acceptance recommendation --criterion carry-only-same-request-key

  28. Decomposition carries a stage-logic version identifying behaviour that changes its output without changing its request.
       requirements: constraint-18
       code evidence: addressed
         28.1  src/acceptance/requirement/ledger.py#@@ -0,0 +1,301 @@
         28.2  src/acceptance/requirement/obligations.py#@@ -667,11 +760,39 @@ def _resolve_attributions(
         28.3  tests/requirement/test_carry_forward.py#@@ -0,0 +1,1183 @@
       test evidence: partially supported  [tier: static]
         28.4  tests/requirement/test_carry_forward.py::test_a_changed_stage_logic_version_invalidates_every_carried_entry
         28.5  tests/test_cli.py::test_check_records_determinism_flags_in_provenance
         recommended test: The decomposition state records a stage-logic version that distinguishes output-changing behavior even when the request stays the same.
           inputs:  Use a code-path change that alters output without changing the request, then verify the recorded stage-logic version changes accordingly. The test should compare two runs with identical request inputs but different stage logic behavior.
           detects: The implementation records a stage-logic version for the tested run but does not distinguish all output-changing behaviors.
           full detail: acceptance recommendation --criterion stage-logic-version-tracks-output-changing-behavior

  29. An entry recorded under a different stage-logic version is not carried.
       requirements: constraint-19
       code evidence: addressed
         29.1  src/acceptance/requirement/carry.py#@@ -0,0 +1,222 @@
         29.2  src/acceptance/requirement/ledger.py#@@ -0,0 +1,301 @@
         29.3  tests/requirement/test_carry_forward.py#@@ -0,0 +1,1183 @@
       test evidence: partially supported  [tier: static]
         29.4  tests/requirement/test_carry_forward.py::test_a_changed_stage_logic_version_invalidates_every_carried_entry
         29.5  tests/requirement/test_decompose_partitioning.py::test_a_disposition_for_a_requirement_the_call_was_not_given_is_recorded
         recommended test: Entries recorded under a stage-logic version different from the current one are not carried forward.
           inputs:  Create a prior ledger entry with a different stage-logic version than the current code, while keeping task text and request key otherwise identical. The test should target the exact version-mismatch path, not a generic stale-entry path.
           detects: The implementation correctly blocks carry for the tested version mismatch but not for a different mismatch value.
           full detail: acceptance recommendation --criterion different-stage-logic-version-not-carried

  30. Every run reports an identifier for itself.
       requirements: task-02, constraint-20
       code evidence: addressed
         30.1  src/acceptance/cli.py#@@ -171,6 +180,12 @@ def run_check(
         30.2  src/acceptance/cli.py#@@ -780,6 +894,7 @@ def main(argv: list[str] | None = None) -> int:
         30.3  src/acceptance/cli.py#@@ -812,6 +930,13 @@ def main(argv: list[str] | None = None) -> int:
         30.4  tests/requirement/test_carry_forward.py#@@ -0,0 +1,1183 @@
       test evidence: partially supported  [tier: static]
         30.5  tests/requirement/test_carry_forward.py::test_every_run_reports_an_identifier_for_itself
         30.6  tests/test_cli.py::test_check_json_emits_a_structured_review
         recommended test: Each run emits or records its own run identifier.
           inputs:  Run the CLI twice on the same task with no continued-run state changes, and capture stderr/stdout. The test should inspect the actual command output, not just the returned object.
           detects: The CLI structured review omits run identity-related provenance fields.
           full detail: acceptance recommendation --criterion every-run-reports-identifier

  31. A run that continues a previous run records that run's identifier as its parent.
       requirements: constraint-21
       code evidence: addressed
         31.1  src/acceptance/cli.py#@@ -185,8 +200,21 @@ def run_check(
         31.2  src/acceptance/cli.py#@@ -241,8 +289,51 @@ def run_decompose(task: str, config: RunConfig) -> tuple[Decomposition, Unusable
         31.3  src/acceptance/requirement/ledger.py#@@ -0,0 +1,301 @@
         31.4  tests/requirement/test_carry_forward.py#@@ -0,0 +1,1183 @@
       test evidence: partially supported  [tier: static]
         31.5  tests/requirement/test_carry_forward.py::test_a_run_records_the_run_it_continues_as_its_parent
         31.6  tests/requirement/test_carry_forward.py::test_the_decompose_command_writes_a_ledger_entry_and_a_second_run_carries
         31.7  tests/test_rerun.py::test_nothing_from_a_non_selected_ancestor_review_reaches_the_rerun
         recommended test: A continued run stores the identifier of the run it continues as its parent identifier.
           inputs:  Run a first decomposition, then a second run that explicitly continues from the first. The second run should be recorded in the ledger store so the parent pointer can be read back.
           detects: The implementation records the correct parent for the tested continuation but not for a different continuation path.
           full detail: acceptance recommendation --criterion continued-run-records-parent-identifier

  32. A run identifier appears in no review state.
       requirements: constraint-22
       code evidence: addressed
         32.1  src/acceptance/requirement/ledger.py#@@ -0,0 +1,301 @@
         32.2  src/acceptance/review_state.py#@@ -380,6 +380,20 @@ class RequirementDisposition(_Model):
         32.3  src/acceptance/cli.py#@@ -812,6 +930,13 @@ def main(argv: list[str] | None = None) -> int:
         32.4  tests/requirement/test_carry_forward.py#@@ -0,0 +1,1183 @@
       test evidence: partially supported  [tier: static]
         32.5  tests/requirement/test_carry_forward.py::test_a_run_identifier_appears_in_no_review_state
         32.6  tests/test_cli.py::test_check_json_emits_a_structured_review
         recommended test: review state entries containing a run identifier
           inputs:  Run decomposition and serialize the resulting review state and obligations, then search for the minted run id in those serialized structures. Use a run id that is unlikely to appear accidentally in other text.
           detects: The run id appears only in an internal object not included in serialization, or leaks into a different untested report format.
           full detail: acceptance recommendation --criterion run-identifier-not-in-review-state

  33. A run identifier appears in no rendered report.
       requirements: constraint-23
       code evidence: addressed
         33.1  src/acceptance/cli.py#@@ -812,6 +930,13 @@ def main(argv: list[str] | None = None) -> int:
         33.2  src/acceptance/cli.py#@@ -853,6 +978,13 @@ def main(argv: list[str] | None = None) -> int:
         33.3  tests/requirement/test_carry_forward.py#@@ -0,0 +1,1183 @@
       test evidence: partially supported  [tier: static]
         33.4  tests/requirement/test_carry_forward.py::test_a_run_identifier_appears_in_no_rendered_report
         33.5  tests/test_cli.py::test_check_json_emits_a_structured_review
         recommended test: rendered report output containing a run identifier
           inputs:  Invoke the rendered report path on stdout with a run id minted for the run, and capture both stdout and stderr. The test should ensure the report bytes themselves remain stable.
           detects: The run id is omitted from stdout but appears in stderr as intended, or leaks only when a different subcommand is used.
           full detail: acceptance recommendation --criterion run-identifier-not-in-rendered-report

  34. Each run records its derivations in a ledger file of its own.
       requirements: constraint-24
       code evidence: addressed
         34.1  src/acceptance/requirement/ledger.py#@@ -0,0 +1,301 @@
         34.2  src/acceptance/cli.py#@@ -185,8 +200,21 @@ def run_check(
         34.3  src/acceptance/cli.py#@@ -241,8 +289,51 @@ def run_decompose(task: str, config: RunConfig) -> tuple[Decomposition, Unusable
         34.4  tests/requirement/test_carry_forward.py#@@ -0,0 +1,1183 @@
       test evidence: partially supported  [tier: static]
         34.5  tests/requirement/test_linking.py::test_the_pre_link_obligations_are_persisted_in_the_review_state
         34.6  tests/requirement/test_linking.py::test_the_two_stages_are_separately_readable_from_the_stored_review
         34.7  tests/requirement/test_obligations.py::test_decomposition_round_trips_through_persistence
         34.8  tests/test_cli.py::test_check_persists_the_review_to_the_store
         34.9  tests/test_cli.py::test_the_pipeline_persists_the_requirement_map
         recommended test: a run writing derivations into a dedicated ledger file
           inputs:  Run a decomposition through the CLI with a writable temporary ledger root and verify the ledger file is created for that run. Use a second CLI command if needed to ensure the ledger is written by the decomposition path, not by a helper-only path.
           detects: The implementation records derivations in the ledger for the tested paths but not for a different CLI command.
           full detail: acceptance recommendation --criterion run-records-derivations-in-own-ledger-file

  35. A ledger file is appended to and never rewritten.
       requirements: constraint-25
       code evidence: addressed
         35.1  src/acceptance/requirement/ledger.py#@@ -0,0 +1,301 @@
         35.2  tests/requirement/test_carry_forward.py#@@ -0,0 +1,1183 @@
       test evidence: partially supported  [tier: static]
         35.3  tests/requirement/test_carry_forward.py::test_a_ledger_file_is_never_rewritten
         recommended test: ledger file updates that append new entries rather than replacing existing contents
           inputs:  Write one ledger entry, then attempt to write another entry with the same run id to the same path. The test should verify the original file contents remain unchanged after the refusal.
           detects: The implementation appends correctly for the tested run id but rewrites a different ledger path.
           full detail: acceptance recommendation --criterion ledger-file-appended-not-rewritten

  36. No ledger file is written under `.acceptance/cache/.
       requirements: constraint-26
       code evidence: addressed
         36.1  .gitignore#@@ -28,6 +28,14 @@ htmlcov/
         36.2  src/acceptance/requirement/ledger.py#@@ -0,0 +1,301 @@
         36.3  tests/requirement/test_carry_forward.py#@@ -0,0 +1,1183 @@
       test evidence: not required — This is a scope-exclusion-style location constraint that is settled by the source layout, not by runtime behavior.

  37. A run's ledger records which requirements were carried, which were derived and which were revised.
       requirements: constraint-27
       code evidence: addressed
         37.1  src/acceptance/requirement/ledger.py#@@ -0,0 +1,301 @@
         37.2  src/acceptance/requirement/obligations.py#@@ -842,16 +980,199 @@ def decompose(
         37.3  tests/requirement/test_carry_forward.py#@@ -0,0 +1,1183 @@
       test evidence: partially supported  [tier: static]
         37.4  tests/requirement/test_carry_forward.py::test_the_ledger_records_what_was_carried_derived_and_revised
         recommended test: ledger entries that classify requirements as carried, derived, or revised
           inputs:  Use a run that contains all three disposition kinds: carried, derived, and revised. The task should include one unchanged requirement, one new requirement, and one edited requirement so all classifications are exercised together.
           detects: The implementation records the correct classifications for the tested run but not for a different run shape.
           full detail: acceptance recommendation --criterion ledger-records-carried-derived-revised-requirements

  38. A run's ledger records the request key of each derivation it performed.
       requirements: constraint-28
       code evidence: addressed
         38.1  src/acceptance/requirement/ledger.py#@@ -0,0 +1,301 @@
         38.2  src/acceptance/requirement/obligations.py#@@ -842,16 +980,199 @@ def decompose(
         38.3  tests/requirement/test_carry_forward.py#@@ -0,0 +1,1183 @@
       test evidence: partially supported  [tier: static]
         38.4  tests/evidence/test_mapping.py::test_changing_the_batch_size_changes_every_request_key
         38.5  tests/requirement/test_carry_forward.py::test_the_ledger_records_the_request_key_of_each_derivation
         38.6  tests/requirement/test_requirement_map.py::test_the_ledger_entry_decompose_may_read_carries_no_implementation_context
         recommended test: ledger entries containing a request key for each derivation
           inputs:  Use a run with multiple requirements that each have distinct carry keys, then read the ledger back and compare the stored keys against independently recomputed keys. Include at least two requirements so a constant or duplicated key would be caught.
           detects: The implementation records request keys correctly for the tested cases but not for a different model parameter.
           full detail: acceptance recommendation --criterion ledger-records-request-key-per-derivation

  39. A run's ledger records the stage-logic version it ran under.
       requirements: constraint-29
       code evidence: addressed
         39.1  src/acceptance/requirement/ledger.py#@@ -0,0 +1,301 @@
         39.2  src/acceptance/requirement/obligations.py#@@ -842,16 +980,199 @@ def decompose(
         39.3  tests/requirement/test_carry_forward.py#@@ -0,0 +1,1183 @@
       test evidence: partially supported  [tier: static]
         39.4  tests/requirement/test_carry_forward.py::test_the_ledger_records_what_was_carried_derived_and_revised
         39.5  tests/requirement/test_requirement_map.py::test_the_ledger_entry_decompose_may_read_carries_no_implementation_context
         39.6  tests/test_cli.py::test_a_default_cli_run_is_seeded
         39.7  tests/test_cli.py::test_check_records_determinism_flags_in_provenance
         recommended test: ledger entries containing the stage-logic version used for the run
           inputs:  Write a ledger entry from a run and read it back, then compare the stored stage-logic version to the module constant. Also include a version-mismatch case if possible.
           detects: The implementation records the tested version but not a different future version.
           full detail: acceptance recommendation --criterion ledger-records-stage-logic-version

  40. A run's ledger records how many model calls it issued.
       requirements: constraint-30
       code evidence: addressed
         40.1  src/acceptance/requirement/ledger.py#@@ -0,0 +1,301 @@
         40.2  src/acceptance/requirement/obligations.py#@@ -842,16 +980,199 @@ def decompose(
         40.3  tests/requirement/test_carry_forward.py#@@ -0,0 +1,1183 @@
       test evidence: partially supported  [tier: static]
         40.4  tests/requirement/test_carry_forward.py::test_the_ledger_records_how_many_model_calls_the_run_issued
         40.5  tests/requirement/test_carry_forward.py::test_the_ledger_records_what_was_carried_derived_and_revised
         40.6  tests/requirement/test_requirement_map.py::test_the_ledger_entry_decompose_may_read_carries_no_implementation_context
         recommended test: The ledger file includes the number of model calls issued by the run.
           inputs:  Use one fresh run and one fully carried run, then write/read their ledger entries. The fresh run should have a positive call count and the carried run should have zero, so the field is discriminating.
           detects: The implementation records the correct count for the tested run but not for a different run type.
           full detail: acceptance recommendation --criterion ledger-records-model-call-count

  41. `review_state.py::RequirementDisposition` records whether its requirement was derived, carried or revised.
       requirements: constraint-31
       code evidence: addressed
         41.1  src/acceptance/review_state.py#@@ -380,6 +380,20 @@ class RequirementDisposition(_Model):
         41.2  src/acceptance/requirement/obligations.py#@@ -842,16 +980,199 @@ def decompose(
         41.3  tests/requirement/test_carry_forward.py#@@ -0,0 +1,1183 @@
       test evidence: partially supported  [tier: static]
         41.4  tests/requirement/test_carry_forward.py::test_a_revised_requirement_records_that_it_was_revised_and_why
         41.5  tests/requirement/test_requirement_map.py::test_a_disposition_cannot_carry_another_disposition_s_payload
         41.6  tests/requirement/test_requirement_map.py::test_a_disposition_cannot_reference_an_obligation_at_all
         41.7  tests/requirement/test_requirement_map.py::test_a_no_obligation_disposition_with_an_empty_reason_is_rejected
         41.8  tests/requirement/test_requirement_map.py::test_the_disposition_set_is_exactly_the_three_of_decision_3
         41.9  tests/requirement/test_requirement_map.py::test_the_literal_tag_alone_decides_which_shape_a_disposition_is
         41.10  tests/requirement/test_requirement_map.py::test_the_schema_cannot_express_a_yielded_disposition_with_no_obligations
         41.11  tests/requirement/test_requirement_map.py::test_the_schema_cannot_express_an_open_question_disposition_with_no_questions
         41.12  tests/requirement/test_requirement_map.py::test_two_requirements_minting_the_same_id_keep_separate_obligations
         41.13  tests/test_cli.py::test_a_requirement_that_yielded_nothing_is_visible_in_the_report
         41.14  tests/test_cli.py::test_the_pipeline_persists_the_requirement_map
         recommended test: RequirementDisposition includes a field or equivalent representation of whether the requirement was derived, carried, or revised.
           inputs:  Use a mixed run with carried, derived, and revised requirements so the disposition status field must distinguish them. The test should inspect the serialized requirement dispositions, not only the higher-level derivation list.
           detects: The implementation records derivation status correctly for the tested cases but not for an untested disposition variant.
           full detail: acceptance recommendation --criterion requirement-disposition-records-derivation-status

  42. A carried requirement's disposition records the content digest of the derivation it was carried from.
       requirements: constraint-32
       code evidence: addressed
         42.1  src/acceptance/review_state.py#@@ -380,6 +380,20 @@ class RequirementDisposition(_Model):
         42.2  src/acceptance/requirement/obligations.py#@@ -842,16 +980,199 @@ def decompose(
         42.3  tests/requirement/test_carry_forward.py#@@ -0,0 +1,1183 @@
       test evidence: partially supported  [tier: static]
         42.4  tests/requirement/test_carry_forward.py::test_a_carried_disposition_records_the_digest_it_came_from_not_a_run_id
         42.5  tests/requirement/test_requirement_map.py::test_a_disposition_cannot_carry_another_disposition_s_payload
         42.6  tests/requirement/test_requirement_map.py::test_the_ledger_entry_decompose_may_read_carries_no_implementation_context
         recommended test: A carried requirement disposition stores the content digest of the derivation it was carried from.
           inputs:  Carry a requirement forward and compare the stored `carried_from` digest against the digest of the prior derivation. Use a run id that is different from the digest so the test can distinguish content from lineage.
           detects: The implementation stores the correct digest for the tested carried requirement but not for a different carried shape.
           full detail: acceptance recommendation --criterion carried-requirement-records-content-digest

  43. A revised requirement's disposition records why it was revised.
       requirements: constraint-33
       code evidence: addressed
         43.1  src/acceptance/review_state.py#@@ -380,6 +380,20 @@ class RequirementDisposition(_Model):
         43.2  src/acceptance/requirement/obligations.py#@@ -842,16 +980,199 @@ def decompose(
         43.3  tests/requirement/test_carry_forward.py#@@ -0,0 +1,1183 @@
       test evidence: partially supported  [tier: static]
         43.4  tests/requirement/test_carry_forward.py::test_a_revised_requirement_records_that_it_was_revised_and_why
         43.5  tests/requirement/test_requirement_map.py::test_a_disposition_cannot_carry_another_disposition_s_payload
         43.6  tests/requirement/test_requirement_map.py::test_a_no_obligation_disposition_with_an_empty_reason_is_rejected
         43.7  tests/requirement/test_requirement_map.py::test_the_ledger_entry_decompose_may_read_carries_no_implementation_context
         recommended test: A revised requirement disposition stores a reason explaining why it was revised.
           inputs:  Use an edited requirement that is actually revised, not merely carried, and ensure the revision reason mentions the old wording. The edit should be different from the one already covered so the reason field is exercised on another shape.
           detects: The implementation records the correct revision reason for the tested edit but not for a different edit pattern.
           full detail: acceptance recommendation --criterion revised-requirement-records-revision-reason

  44. Each field added to `RequirementDisposition` has a default that preserves the meaning of dispositions written before this change.
       requirements: constraint-34
       code evidence: addressed
         44.1  src/acceptance/review_state.py#@@ -380,6 +380,20 @@ class RequirementDisposition(_Model):
       test evidence: not required — This is a schema/defaults property that is settled by the source definition of RequirementDisposition, not by runtime behavior.

  45. Review state records no wall-clock time.
       requirements: constraint-35
       code evidence: addressed
         45.1  src/acceptance/review_state.py#@@ -380,6 +380,20 @@ class RequirementDisposition(_Model):
         45.2  src/acceptance/requirement/ledger.py#@@ -0,0 +1,301 @@
       test evidence: not required — This is a structural property of the recorded state, which can be verified directly from the schema and persistence code.

  46. The change does not infer that a task file continues a previous run without being told which run it continues.
       requirements: exclusion-01
       code evidence: addressed
         examined 43 changes across 12 files; none breaches this boundary
       test evidence: partially supported  [tier: static]
         46.1  tests/requirement/test_decompose_partitioning.py::test_the_batch_scopes_what_a_call_answers_for_not_what_it_reads
         recommended test: The decomposition logic requires an explicit continued-run identifier rather than inferring continuation from the task file alone.
           inputs:  Run decomposition on a task file that has a matching prior ledger on disk but do not pass `--continue` or any continued-run id. The test should ensure the presence of the ledger alone does not trigger carry-forward.
           detects: The implementation correctly requires an explicit continued-run id for the tested case but not for a different entry point.
           full detail: acceptance recommendation --criterion no-inferred-continuation-from-task-file-alone

  47. Any continued run is named by its identifier.
       requirements: exclusion-02
       code evidence: addressed
         examined 43 changes across 12 files; none breaches this boundary
       test evidence: not required — This is a representation/interface constraint that is satisfied by the stored and referenced form itself.

  48. The change does not perform prior-review selection for stages other than decomposition.
       requirements: exclusion-03
       code evidence: addressed
         examined 43 changes across 12 files; none breaches this boundary
       test evidence: not required — This is a scope exclusion about work not being done, which is settled by inspecting the implementation.

  49. The change does not count how many runs a decomposition took to settle.
       requirements: exclusion-04
       code evidence: addressed
         examined 43 changes across 12 files; none breaches this boundary
       test evidence: not required — This excludes a kind of bookkeeping work, which is settled by the source rather than by tests.

  50. The change does not derive a requirement more than once within a single run.
       requirements: exclusion-05
       code evidence: addressed
         examined 43 changes across 12 files; none breaches this boundary
       test evidence: partially supported  [tier: static]
         50.1  tests/requirement/test_decompose_partitioning.py::test_a_disposition_for_a_requirement_the_call_was_not_given_is_recorded
         50.2  tests/requirement/test_decompose_partitioning.py::test_two_batches_minting_the_same_obligation_id_stay_separate
         50.3  tests/requirement/test_obligation_echo.py::test_a_remainder_differing_in_any_single_field_is_kept
         50.4  tests/requirement/test_obligations.py::test_duplicate_ids_are_made_unique
         50.5  tests/requirement/test_obligations.py::test_ids_are_unique_across_obligations_and_open_questions
         recommended test: duplicate derivation attempts for the same requirement within one run
           inputs:  Create a task and response setup that could tempt duplicate derivation attempts for the same requirement within one run, such as repeated identical bullets or a residue/alignment case. The test should ensure only one derivation record is produced per requirement id.
           detects: The implementation avoids duplicate derivations for the tested fixtures but not for a different duplicate pattern.
           full detail: acceptance recommendation --criterion no-multiple-derivations-per-requirement-per-run

  51. The change does not specify what the decomposer derives from a requirement it does derive fresh.
       requirements: exclusion-06
       code evidence: not required — This exclusion leaves the actual fresh-derivation content intentionally unspecified here, so the repository cannot settle it.
       test evidence: not required — This exclusion leaves the actual fresh-derivation content intentionally unspecified here, so the repository cannot settle it.

  52. The change does not specify the wording the decomposer chooses for an obligation it derives fresh.
       requirements: exclusion-07
       code evidence: not required — This excludes a wording choice rather than a checkable code path, so the repository cannot settle it.
       test evidence: not required — This excludes a wording choice rather than a checkable code path, so the repository cannot settle it.

  53. Decomposition is incremental over recorded state: unchanged requirements keep their previously derived obligations without a model call, edited requirements are re-derived from prior text, new requirements are derived fresh, and disappeared requirements have their obligations dropped.
       requirements: task-01
       code evidence: addressed
         53.1  src/acceptance/requirement/carry.py#@@ -0,0 +1,222 @@
         53.2  src/acceptance/requirement/obligations.py#@@ -719,12 +840,29 @@ def decompose(
         53.3  src/acceptance/requirement/obligations.py#@@ -842,16 +980,199 @@ def decompose(
         53.4  tests/requirement/test_carry_forward.py#@@ -0,0 +1,1183 @@
       test evidence: strongly supported  [tier: static]
         53.5  tests/requirement/test_carry_forward.py::test_the_plan_issues_calls_only_for_what_changed
         53.6  tests/requirement/test_decompose_partitioning.py::test_every_requirement_carries_a_disposition_after_the_merge
         53.7  tests/requirement/test_linking.py::test_the_pipeline_links_duplicates_before_the_rest_of_the_review_runs
         53.8  tests/requirement/test_requirement_map.py::test_a_fully_accounted_response_disposes_every_requirement
         53.9  tests/test_rerun.py::test_a_rerun_still_reports_a_gap_in_code_the_new_work_never_touched

  54. The obligations of an unchanged requirement are carried forward.
       requirements: task-01
       code evidence: addressed
         54.1  src/acceptance/requirement/carry.py#@@ -0,0 +1,222 @@
         54.2  src/acceptance/requirement/obligations.py#@@ -842,16 +980,199 @@ def decompose(
         54.3  tests/requirement/test_carry_forward.py#@@ -0,0 +1,1183 @@
       test evidence: partially supported  [tier: static]
         54.4  tests/requirement/test_carry_forward.py::test_every_requirement_is_recorded_as_carried
         54.5  tests/requirement/test_linking.py::test_the_pipeline_links_duplicates_before_the_rest_of_the_review_runs
         54.6  tests/test_rerun.py::test_only_the_affected_obligation_is_re_derived
         recommended test: previous obligations reappearing for an unchanged requirement in the continued run
           inputs:  Use a continued run where one requirement is unchanged and has prior obligations, and ensure the test checks the obligations reappear in the new decomposition output. Prefer a requirement with multiple obligations so the carry is unmistakable.
           detects: The implementation carries obligations for the tested unchanged requirement but not for a different unchanged requirement.
           full detail: acceptance recommendation --criterion unchanged-requirement-carries-obligations

  55. An edited requirement is re-derived from its previous text and its new text.
       requirements: task-01
       code evidence: addressed
         55.1  src/acceptance/requirement/obligations.py#@@ -486,9 +519,69 @@ def _user_prompt(registry: list[RequirementRef], answer_for: set[str]) -> str:
         55.2  src/acceptance/requirement/obligations.py#@@ -719,12 +840,29 @@ def decompose(
         55.3  tests/requirement/test_carry_forward.py#@@ -0,0 +1,1183 @@
       test evidence: partially supported  [tier: static]
         55.4  tests/requirement/test_carry_forward.py::test_a_revised_requirement_records_that_it_was_revised_and_why
         55.5  tests/requirement/test_linking.py::test_the_prompt_shows_typed_fields_and_never_the_task_files_markdown
         55.6  tests/test_rerun.py::test_archetype_9_rerun_flips_the_weak_obligation_and_updates_the_verdict
         recommended test: a single re-derivation step using both the old and new requirement text for an edited requirement
           inputs:  Use an edited requirement and inspect the prompt for the revised call to ensure it contains both the old wording and the new wording context. The edit should be one where the old and new text differ materially enough that the prompt must include both to justify the change.
           detects: The implementation uses old and new text for the tested edit case but not for a different edit shape.
           full detail: acceptance recommendation --criterion edited-requirement-rederived-from-old-and-new-text

  56. A new requirement is derived fresh.
       requirements: task-01
       code evidence: addressed
         56.1  src/acceptance/requirement/carry.py#@@ -0,0 +1,222 @@
         56.2  src/acceptance/requirement/obligations.py#@@ -719,12 +840,29 @@ def decompose(
         56.3  tests/requirement/test_carry_forward.py#@@ -0,0 +1,1183 @@
       test evidence: partially supported  [tier: static]
         56.4  tests/requirement/test_obligations.py::test_archetype_1_includes_the_omitted_obligation
         recommended test: fresh derivation for a requirement with no prior counterpart
           inputs:  Add a requirement that has no prior counterpart in the continued run, while keeping the rest of the task unchanged. The new requirement should be clearly distinct so it cannot be matched by exact text.
           detects: The implementation derives the tested new requirement fresh but would mishandle a different new requirement.
           full detail: acceptance recommendation --criterion new-requirement-derived-fresh

  57. A requirement that disappeared has its obligations dropped.
       requirements: task-01
       code evidence: addressed
         57.1  src/acceptance/requirement/carry.py#@@ -0,0 +1,222 @@
         57.2  src/acceptance/requirement/obligations.py#@@ -842,16 +980,199 @@ def decompose(
         57.3  tests/requirement/test_carry_forward.py#@@ -0,0 +1,1183 @@
       test evidence: partially supported  [tier: static]
         57.4  tests/requirement/test_carry_forward.py::test_a_removed_requirement_is_reported_and_its_obligations_dropped
         recommended test: previous obligations being removed when the requirement is absent from the continued run
           inputs:  Use a prior run where a requirement later disappears from the continued task file, and ensure the disappeared requirement had at least one obligation. The test should inspect both the new output and the removed-requirements record.
           detects: The requirement disappears and obligations are dropped, but the removal is not otherwise reported, or the implementation drops obligations for the tested removed requirement but not for another removed requirement.
           full detail: acceptance recommendation --criterion disappeared-requirement-drops-obligations

  58. Each run identifies itself and records what it derived so that a later run can name it as the run it continues.
       requirements: task-02
       code evidence: addressed
         58.1  src/acceptance/cli.py#@@ -171,6 +180,12 @@ def run_check(
         58.2  src/acceptance/cli.py#@@ -185,8 +200,21 @@ def run_check(
         58.3  src/acceptance/cli.py#@@ -241,8 +289,51 @@ def run_decompose(task: str, config: RunConfig) -> tuple[Decomposition, Unusable
         58.4  src/acceptance/cli.py#@@ -780,6 +894,7 @@ def main(argv: list[str] | None = None) -> int:
         58.5  src/acceptance/cli.py#@@ -812,6 +930,13 @@ def main(argv: list[str] | None = None) -> int:
         58.6  src/acceptance/requirement/ledger.py#@@ -0,0 +1,301 @@
       test evidence: partially supported  [tier: static]
         58.7  tests/requirement/test_linking.py::test_the_decompose_command_runs_the_linking_pass
         recommended test: run metadata containing the run's own identifier and a record of its derivations, usable by a later continued run
           inputs:  Run the full pipeline so it both identifies the run and records the derivations it produced, then continue from that run in a later invocation. The test should verify the recorded work is usable by the later run.
           detects: The implementation records derived work for the tested pipeline but not for a different stage combination.
           full detail: acceptance recommendation --criterion run-identifies-itself-and-records-derived-work

  59. Each run records what it derived.
       requirements: task-02
       code evidence: addressed
         59.1  src/acceptance/cli.py#@@ -185,8 +200,21 @@ def run_check(
         59.2  src/acceptance/cli.py#@@ -241,8 +289,51 @@ def run_decompose(task: str, config: RunConfig) -> tuple[Decomposition, Unusable
         59.3  src/acceptance/requirement/ledger.py#@@ -0,0 +1,301 @@
         59.4  src/acceptance/requirement/obligations.py#@@ -842,16 +980,199 @@ def decompose(
       test evidence: partially supported  [tier: static]
         59.5  tests/requirement/test_carry_forward.py::test_the_decompose_command_writes_a_ledger_entry_and_a_second_run_carries
         59.6  tests/requirement/test_carry_forward.py::test_the_review_pipeline_carries_forward_and_hands_back_what_it_derived
         59.7  tests/requirement/test_decompose_partitioning.py::test_every_requirement_carries_a_disposition_after_the_merge
         59.8  tests/requirement/test_link_prefilter.py::test_both_records_survive_a_round_trip_through_the_persisted_review
         59.9  tests/requirement/test_link_prefilter.py::test_no_prefilter_reports_none_rather_than_a_zero_record
         59.10  tests/requirement/test_link_prefilter.py::test_the_linking_call_actually_carries_the_prefilter_controls
         59.11  tests/requirement/test_link_prefilter.py::test_the_linking_path_embeds_every_obligation_exactly_once
         59.12  tests/requirement/test_link_prefilter.py::test_the_number_of_pairs_excluded_by_distance_reaches_review_state
         59.13  tests/requirement/test_link_prefilter.py::test_the_threshold_in_force_reaches_review_state
         59.14  tests/requirement/test_linking.py::test_the_decompose_command_runs_the_linking_pass
         59.15  tests/requirement/test_linking.py::test_the_decompose_command_surfaces_an_unreconciled_group
         59.16  tests/requirement/test_linking.py::test_the_pre_link_obligations_are_persisted_in_the_review_state
         59.17  tests/requirement/test_linking.py::test_the_two_stages_are_separately_readable_from_the_stored_review
         59.18  tests/requirement/test_obligations.py::test_decomposition_round_trips_through_persistence
         59.19  tests/requirement/test_requirement_map.py::test_a_fully_accounted_response_disposes_every_requirement
         59.20  tests/requirement/test_requirement_map.py::test_the_cli_lists_every_requirement_including_the_ones_yielding_nothing
         59.21  tests/test_cli.py::test_check_persists_the_review_to_the_store
         59.22  tests/test_cli.py::test_the_pipeline_persists_the_requirement_map
         59.23  tests/test_llm.py::test_a_provider_reporting_no_stop_reason_records_none
         59.24  tests/test_llm.py::test_a_transcript_records_which_determinism_controls_actually_applied
         59.25  tests/test_llm.py::test_a_transcript_records_why_the_model_stopped_generating
         59.26  tests/test_llm.py::test_record_mode_validates_and_persists_a_transcript
         59.27  tests/test_llm.py::test_recorded_transcripts_are_byte_identical_for_the_same_call
         59.28  tests/test_llm.py::test_transcripts_record_no_wall_clock_state
         recommended test: a ledger or equivalent record of derivations produced by the run
           inputs:  Execute a run that produces derivations and then inspect the ledger or equivalent record directly. The run should be one that actually derives at least one requirement so the record is nonempty.
           detects: The implementation records derived work correctly for the tested run but not for a different run type.
           full detail: acceptance recommendation --criterion run-records-derived-work

  60. The recorded run information supports a later run naming it as the run it continues.
       requirements: task-02
       code evidence: addressed
         60.1  src/acceptance/cli.py#@@ -690,6 +781,17 @@ def build_parser() -> argparse.ArgumentParser:
         60.2  src/acceptance/cli.py#@@ -724,6 +826,18 @@ def build_parser() -> argparse.ArgumentParser:
         60.3  src/acceptance/cli.py#@@ -839,7 +964,7 @@ def main(argv: list[str] | None = None) -> int:
         60.4  src/acceptance/requirement/ledger.py#@@ -0,0 +1,301 @@
         60.5  tests/requirement/test_carry_forward.py#@@ -0,0 +1,1183 @@
       test evidence: partially supported  [tier: static]
         60.6  tests/requirement/test_carry_forward.py::test_a_run_records_the_run_it_continues_as_its_parent
         60.7  tests/test_cli.py::test_check_persists_the_review_to_the_store
         recommended test: a later run selecting a prior run by its identifier as the continued run
           inputs:  Run one decomposition, capture its run id, then invoke a later run that names that id as the continued run. The later run should be against the same task so carry-forward is observable.
           detects: The implementation supports naming the continued run for the tested path but not for a different storage backend.
           full detail: acceptance recommendation --criterion later-run-can-name-continued-run

Mandate coverage: 54 of 55 requirements yielded obligations
  1 deliberately declined, taken at face value and not counted against coverage
  1. [no_obligation] completion-01: Implementation
       reason: This section marker names the implementation area but does not itself state a checkable requirement.

Unrequested changes:
  1. [in_service] The CLI now prints a randomly minted run id and continuation info to stderr for both `check` and `decompose`. The obligations require run identifiers to exist and be recorded, but they do not require user-visible stderr reporting or a new report format.
       src/acceptance/cli.py#@@ -241,8 +289,51 @@ def run_decompose(task: str, config: RunConfig) -> tuple[Decomposition, Unusable
       src/acceptance/cli.py#@@ -812,6 +930,13 @@ def main(argv: list[str] | None = None) -> int:
       src/acceptance/cli.py#@@ -853,6 +978,13 @@ def main(argv: list[str] | None = None) -> int:
  2. [in_service] `run_decompose` changed its signature and return type to accept `continue_from`/`ledger` and return a run id. None of the obligations require changing this public function’s API; they require carry-forward behavior, not an exported signature change.
       src/acceptance/cli.py#@@ -215,13 +243,28 @@ def remove_legacy_instruction_file(repo: Path) -> Path | None:
       src/acceptance/cli.py#@@ -839,7 +964,7 @@ def main(argv: list[str] | None = None) -> int:
       tests/requirement/test_linking.py#@@ -537,7 +538,9 @@ def test_the_decompose_command_runs_the_linking_pass(tmp_path, monkeypatch):
       tests/requirement/test_linking.py#@@ -555,7 +558,9 @@ def test_the_decompose_command_surfaces_an_unreconciled_group(tmp_path, monkeypa
  3. [in_service] `run_check` gained new parameters (`continue_from`, `ledger`, `run_id`) and new ledger-writing behavior. The obligations mention `check` should also support carry-forward, but they do not explicitly require this helper’s signature expansion or direct ledger plumbing.
       src/acceptance/cli.py#@@ -120,6 +126,9 @@ def run_check(
       src/acceptance/cli.py#@@ -171,6 +180,12 @@ def run_check(
       src/acceptance/cli.py#@@ -185,8 +200,21 @@ def run_check(
       src/acceptance/cli.py#@@ -788,6 +903,9 @@ def main(argv: list[str] | None = None) -> int:
  4. [in_service] A new on-disk ledger under `.acceptance/ledger/` is introduced and `.gitignore` is updated to exclude it. The obligations require a ledger file per run and no ledger under `.acceptance/cache/`, but they do not require adding a new ignored path or repository policy text.
       .gitignore#@@ -28,6 +28,14 @@ htmlcov/
       src/acceptance/requirement/ledger.py#@@ -0,0 +1,301 @@
  5. [in_service] `run_review` now accepts `ledger_prior`/`ledger_sink` and threads ledger-derived carry-forward through the review pipeline. The obligations do require carry-forward to reach non-decomposition stages only insofar as `check` decomposes too, but they do not mention changing the review pipeline API or adding a sink mechanism.
       src/acceptance/pipeline.py#@@ -237,6 +238,8 @@ def run_review(
       src/acceptance/pipeline.py#@@ -254,7 +257,17 @@ def run_review(
       src/acceptance/pipeline.py#@@ -262,8 +275,13 @@ def run_review(
  6. [in_service] The new `carry.py` module adds planning, stale-span detection, and helper functions. These are implementation details supporting requested carry-forward behavior, but the module also contains explanatory structure and helper APIs that are not themselves called for by any obligation.
       src/acceptance/requirement/carry.py#@@ -0,0 +1,222 @@
  7. [in_service] `RequirementDisposition` gained `derivation`, `carried_from`, and `revision_reason` fields. The obligations require disposition records to distinguish derived/carried/revised and preserve defaults, so the fields themselves are requested; however, the surrounding validation/serialization behavior changes are broader than the explicit requirement text and may affect consumers beyond the task.
       src/acceptance/review_state.py#@@ -380,6 +380,20 @@ class RequirementDisposition(_Model):
  8. [in_service] `link_duplicate_obligations` now carries merge decisions forward and records them in the decomposition. The obligations do require carried and re-asked merge decisions, but the added persistence of merge decisions in the decomposition object and the new carry path alter linking behavior beyond the minimal requested surface.
       src/acceptance/requirement/linking.py#@@ -61,6 +61,7 @@ from collections.abc import Sequence
       src/acceptance/requirement/linking.py#@@ -432,6 +433,7 @@ def link_duplicate_obligations(
       src/acceptance/requirement/linking.py#@@ -477,9 +479,33 @@ def link_duplicate_obligations(
       src/acceptance/requirement/linking.py#@@ -497,8 +523,14 @@ def link_duplicate_obligations(
       src/acceptance/requirement/linking.py#@@ -516,9 +548,19 @@ def link_duplicate_obligations(
  9. [in_service] `decompose` now accepts a `prior` ledger entry, computes carry keys, emits derivations/removals/call counts, and rewrites ordering when carrying. The obligations require incremental decomposition, but not this specific internal data model expansion or the extra bookkeeping fields on `Decomposition`.
       src/acceptance/requirement/obligations.py#@@ -41,9 +41,23 @@ from typing import Literal
       src/acceptance/requirement/obligations.py#@@ -440,9 +454,28 @@ class Decomposition(PersistableModel):
       src/acceptance/requirement/obligations.py#@@ -486,9 +519,69 @@ def _user_prompt(registry: list[RequirementRef], answer_for: set[str]) -> str:
       src/acceptance/requirement/obligations.py#@@ -667,11 +760,39 @@ def _resolve_attributions(
       src/acceptance/requirement/obligations.py#@@ -719,12 +840,29 @@ def decompose(
       src/acceptance/requirement/obligations.py#@@ -842,16 +980,199 @@ def decompose(
       src/acceptance/requirement/obligations.py#@@ -924,6 +1245,7 @@ def _requirement_map(
       src/acceptance/requirement/obligations.py#@@ -953,7 +1275,30 @@ def _requirement_map(
       src/acceptance/requirement/obligations.py#@@ -962,6 +1307,9 @@ def _requirement_map(
  10. [in_service] `LedgerEntry`, `RequirementDerivation`, `MergeDecision`, and `carry_key` are new persistence/data-model helpers. The obligations require recording carried/derived/revised work and request keys, but not this exact schema or the extra helper methods and digest machinery.
       src/acceptance/requirement/ledger.py#@@ -0,0 +1,301 @@
  11. [in_service] The test suite adds many new tests, including CLI stderr reporting, ledger file placement, and exact prompt contents. Tests are requested in general by the task, but several of these assert behaviors not explicitly demanded by the obligations, especially the new stderr report format and detailed prompt wording.
       tests/requirement/test_carry_forward.py#@@ -0,0 +1,1183 @@
       tests/requirement/test_linking.py#@@ -537,7 +538,9 @@ def test_the_decompose_command_runs_the_linking_pass(tmp_path, monkeypatch):
       tests/requirement/test_linking.py#@@ -555,7 +558,9 @@ def test_the_decompose_command_surfaces_an_unreconciled_group(tmp_path, monkeypa
       tests/requirement/test_requirement_map.py#@@ -713,7 +713,13 @@ def test_decompose_cannot_reach_a_diff_or_a_head_revision():
       tests/requirement/test_requirement_map.py#@@ -722,6 +728,40 @@ def test_decompose_cannot_reach_a_diff_or_a_head_revision():

Changes since 2276c135:
  closed:
    - An edited requirement is re-derived in one model call carrying the previous text, the new text, and the obligations previously derived from that requirement.
        code evidence: addressed -> addressed
        test evidence: partially supported -> strongly supported
  moved:
    - A run over an unchanged task file naming a continued run issues no decompose model call.
        test evidence: strongly supported -> partially supported
    - A run over an unchanged task file naming a continued run produces byte-identical obligations, identifiers and descriptions.
        test evidence: strongly supported -> partially supported
    - A decomposition run against ledger state recording a different task file produces the same obligations as one run against no ledger state at all.
        test evidence: strongly supported -> partially supported
    - A tool change that leaves the decompose request unaltered carries every previously derived obligation.
        test evidence: strongly supported -> partially supported
    - A change to the decompose prompt prevents carrying the obligations derived under the previous prompt.
        test evidence: strongly supported -> partially supported
    - A change to the decompose response schema prevents carrying the obligations derived under the previous schema.
        test evidence: strongly supported -> partially supported
    - The decomposition movements recorded as correct in `tests/fixtures/decompose-stability/` are still produced when the task file genuinely changes.
        test evidence: unsupported -> partially supported
    - `tests/test_cli.py::test_two_runs_over_the_same_input_are_byte_identical` passes, over a task file and continued-run state that are both unchanged.
        test evidence: strongly supported -> partially supported
    - A requirement whose text is unchanged from the continued run causes no model call during decomposition.
        test evidence: strongly supported -> partially supported
    - The obligations of an unchanged requirement are carried forward with their identifiers unchanged.
        test evidence: strongly supported -> partially supported
    - The obligations of an unchanged requirement are carried forward with their descriptions unchanged.
        test evidence: nominally supported -> partially supported
    - An obligation that persists across an edit to its requirement keeps the identifier it already had.
        test evidence: strongly supported -> partially supported
    - A requirement present in the continued run and absent from the task file under review has its obligations dropped.
        test evidence: strongly supported -> partially supported
    - The removal of such a requirement is reported.
        test evidence: strongly supported -> partially supported
    - A requirement with no counterpart in the continued run is derived without reference to any previously derived obligation.
        test evidence: unsupported -> partially supported
    - Requirements left unmatched by exact text are matched to each other through `benchmark/alignment.py::align_obligations`, which distinguishes an edited requirement from a new one.
        test evidence: nominally supported -> partially supported
    - A merge decision over two obligations that are both unchanged is carried forward without a model call.
        test evidence: strongly supported -> partially supported
    - A merge decision over two obligations of which either changed is asked again.
        test evidence: strongly supported -> partially supported
    - Carry-forward reads only the run named as the continued run.
        test evidence: nominally supported -> partially supported
    - No obligations are carried forward when no continued run is named.
        test evidence: strongly supported -> partially supported
    - A carried obligation's source_quote is an exact substring of its requirement's text in the task file under review.
        test evidence: strongly supported -> partially supported
    - An obligation whose source_quote is not such a substring is re-derived rather than carried.
        test evidence: strongly supported -> partially supported
    - An entry is carried only when re-deriving it would issue the same request key it was recorded under.
        test evidence: strongly supported -> partially supported
    - Decomposition carries a stage-logic version identifying behaviour that changes its output without changing its request.
        test evidence: strongly supported -> partially supported
    - An entry recorded under a different stage-logic version is not carried.
        test evidence: strongly supported -> partially supported
    - Every run reports an identifier for itself.
        test evidence: nominally supported -> partially supported
    - A run that continues a previous run records that run's identifier as its parent.
        test evidence: strongly supported -> partially supported
    - A run identifier appears in no review state.
        test evidence: strongly supported -> partially supported
    - A run identifier appears in no rendered report.
        test evidence: unsupported -> partially supported
    - Each run records its derivations in a ledger file of its own.
        test evidence: strongly supported -> partially supported
    - A ledger file is appended to and never rewritten.
        test evidence: nominally supported -> partially supported
    - A run's ledger records which requirements were carried, which were derived and which were revised.
        test evidence: strongly supported -> partially supported
    - A run's ledger records the request key of each derivation it performed.
        test evidence: strongly supported -> partially supported
    - A run's ledger records the stage-logic version it ran under.
        test evidence: strongly supported -> partially supported
    - A run's ledger records how many model calls it issued.
        test evidence: unsupported -> partially supported
    - `review_state.py::RequirementDisposition` records whether its requirement was derived, carried or revised.
        test evidence: strongly supported -> partially supported
    - A carried requirement's disposition records the content digest of the derivation it was carried from.
        test evidence: strongly supported -> partially supported
    - A revised requirement's disposition records why it was revised.
        test evidence: strongly supported -> partially supported
    - The change does not derive a requirement more than once within a single run.
        test evidence: strongly supported -> partially supported
    - The obligations of an unchanged requirement are carried forward.
        test evidence: strongly supported -> partially supported
    - An edited requirement is re-derived from its previous text and its new text.
        test evidence: strongly supported -> partially supported
    - A new requirement is derived fresh.
        test evidence: nominally supported -> partially supported
    - A requirement that disappeared has its obligations dropped.
        test evidence: strongly supported -> partially supported
    - Each run identifies itself and records what it derived so that a later run can name it as the run it continues.
        test evidence: nominally supported -> partially supported
    - Each run records what it derived.
        test evidence: strongly supported -> partially supported
    - The recorded run information supports a later run naming it as the run it continues.
        test evidence: nominally supported -> partially supported

Evidence limitations:
  1. Judgments are static inferences unless a higher tier is recorded; the full application was not independently executed.

Next: retrieve a criterion's full recommendation with
  acceptance recommendation --criterion <id>run dec2bbe15bc6d4a3
  continue this run with: --continue dec2bbe15bc6d4a3

