Task completion: INCOMPLETE

1 obligation(s) with non-discriminating test evidence (docs-ranking-experiment-findings).

Obligations:

  1. Before asking a model whether a candidate test would catch a defect, rank each defect's candidate tests by how similar the test's source is to the defect's description, using the embedding model the review is already configured with.
       requirements: task-01
       code evidence: addressed
         1.1  src/acceptance/defects/pair_ranking.py#@@ -0,0 +1,139 @@
         1.2  src/acceptance/defects/pair_mapping.py#@@ -546,9 +547,17 @@ def judge_pairs(
         1.3  src/acceptance/pipeline.py#@@ -376,6 +377,7 @@ def run_review(
       test evidence: strongly supported — kills 3 of 3 enumerated defects (static prediction)  [tier: static]
         1.4  tests/defects/test_pair_ranking.py::test_every_pair_not_asked_is_recorded_with_its_rank_and_what_covered_it
         1.5  tests/defects/test_pair_ranking.py::test_nothing_about_the_ranking_reaches_the_judge
         1.6  tests/defects/test_pair_ranking.py::test_tests_are_asked_most_similar_first

  2. Ask about a defect's tests in the ranked order produced by similarity between each test's source and the defect's description.
       requirements: task-01
       code evidence: addressed
         2.1  src/acceptance/defects/pair_mapping.py#@@ -630,6 +645,85 @@ def judge_pairs(
       test evidence: strongly supported — kills 5 of 5 enumerated defects (static prediction)  [tier: static]
         2.2  tests/defects/test_pair_mapping.py::test_every_request_is_a_full_rectangle
         2.3  tests/defects/test_pair_ranking.py::test_a_covered_defect_is_asked_no_further
         2.4  tests/defects/test_pair_ranking.py::test_tests_are_asked_most_similar_first
         2.5  tests/defects/test_pair_ranking.py::test_the_pipeline_ranks_and_stops_by_default
         2.6  tests/requirement/test_obligation_echo.py::test_two_runs_over_identical_task_text_produce_identical_review_state

  3. Ask about a defect's tests in groups sized to the way questions are already batched.
       requirements: task-01
       code evidence: addressed
         3.1  src/acceptance/defects/pair_mapping.py#@@ -630,6 +645,85 @@ def judge_pairs(
       test evidence: strongly supported — kills 3 of 3 enumerated defects (static prediction)  [tier: static]
         3.2  tests/defects/test_pair_ranking.py::test_rounds_double_so_a_long_sweep_takes_few_of_them
         3.3  tests/defects/test_pair_ranking.py::test_the_pipeline_ranks_and_stops_by_default
         3.4  tests/defects/test_pair_ranking.py::test_the_report_counts_each_defects_asked_and_skipped_pairs

  4. The review stops asking about a defect once the configured number of its tests have been recorded as catching it.
       requirements: task-01
       code evidence: addressed
         4.1  src/acceptance/config.py#@@ -159,6 +160,13 @@ class RunConfig(BaseModel):
         4.2  src/acceptance/cli.py#@@ -200,6 +201,7 @@ def run_check(
         4.3  src/acceptance/defects/pair_mapping.py#@@ -546,9 +547,17 @@ def judge_pairs(
         4.4  src/acceptance/defects/pair_mapping.py#@@ -586,14 +600,15 @@ def judge_pairs(
         4.5  src/acceptance/defects/pair_mapping.py#@@ -630,6 +645,85 @@ def judge_pairs(
         4.6  src/acceptance/pipeline.py#@@ -376,6 +377,7 @@ def run_review(
         4.7  src/acceptance/pipeline.py#@@ -525,6 +527,11 @@ def run_review(
       test evidence: strongly supported — kills 4 of 4 enumerated defects (static prediction)  [tier: static]
         4.8  tests/defects/test_pair_ranking.py::test_a_covered_defect_is_asked_no_further
         4.9  tests/defects/test_pair_ranking.py::test_a_defect_short_of_the_stop_number_is_asked_about_in_full
         4.10  tests/defects/test_pair_ranking.py::test_rounds_double_so_a_long_sweep_takes_few_of_them
         4.11  tests/defects/test_pair_ranking.py::test_the_judge_produces_the_cause_only_once_the_stop_number_is_reached
         4.12  tests/defects/test_pair_ranking.py::test_the_pipeline_ranks_and_stops_by_default

  5. The configured number of tests recorded as catching a defect defaults to one.
       requirements: task-01
       code evidence: addressed
         5.1  src/acceptance/defects/pair_ranking.py#@@ -0,0 +1,139 @@
         5.2  src/acceptance/config.py#@@ -23,6 +23,7 @@ from typing import Any
         5.3  src/acceptance/pipeline.py#@@ -46,6 +46,7 @@ from acceptance.defects.pair_mapping import (
         5.4  src/acceptance/cli.py#@@ -28,6 +28,7 @@ from acceptance.config import (
         5.5  src/acceptance/cli.py#@@ -749,6 +751,25 @@ def _add_model_flags(parser: argparse.ArgumentParser, default_mode: str) -> None
       test evidence: strongly supported — kills 1 of 1 enumerated defects (static prediction)  [tier: static]
         5.6  tests/defects/test_pair_ranking.py::test_the_pipeline_ranks_and_stops_by_default

  6. A defect none of whose tests is recorded as catching it has every one of its tests asked about.
       requirements: task-02
       code evidence: addressed
         6.1  src/acceptance/defects/pair_mapping.py#@@ -630,6 +645,85 @@ def judge_pairs(
       test evidence: strongly supported — kills 3 of 3 enumerated defects (static prediction)  [tier: static]
         6.2  tests/defects/test_pair_mapping.py::test_a_defect_whose_asked_pairs_yield_no_kill_has_its_skipped_pairs_judged
         6.3  tests/defects/test_pair_ranking.py::test_a_covered_defect_is_asked_no_further
         6.4  tests/defects/test_pair_ranking.py::test_a_defect_short_of_the_stop_number_is_asked_about_in_full
         6.5  tests/defects/test_pair_ranking.py::test_rounds_double_so_a_long_sweep_takes_few_of_them

  7. A pair the review stops before asking about is not answered.
       requirements: task-03
       code evidence: addressed
         7.1  src/acceptance/defects/pair_mapping.py#@@ -630,6 +645,85 @@ def judge_pairs(
       test evidence: strongly supported — kills 3 of 3 enumerated defects (static prediction)  [tier: static]
         7.2  tests/defects/test_pair_mapping.py::test_a_defect_whose_asked_pairs_yield_no_kill_has_its_skipped_pairs_judged
         7.3  tests/defects/test_pair_mapping.py::test_a_skipped_pair_comes_back_unjudged_with_its_reason
         7.4  tests/defects/test_pair_ranking.py::test_a_covered_defect_is_asked_no_further
         7.5  tests/defects/test_pair_ranking.py::test_every_pair_not_asked_is_recorded_with_its_rank_and_what_covered_it
         7.6  tests/defects/test_pair_ranking.py::test_the_pipeline_ranks_and_stops_by_default
         7.7  tests/test_mutation_pipeline_wiring.py::TestTheRunRoutesPairsThroughTheRealPipeline::test_the_held_back_pair_is_recorded_rather_than_dropped

  8. The review records it as unjudged.
       requirements: task-03
       code evidence: addressed
         8.1  src/acceptance/defects/pair_mapping.py#@@ -630,6 +645,85 @@ def judge_pairs(
         8.2  src/acceptance/review_state.py#@@ -305,6 +307,21 @@ class UnjudgedCause(str, Enum):
         8.3  src/acceptance/review_state.py#@@ -319,6 +336,29 @@ class UnjudgedPair(_Model):
       test evidence: strongly supported — kills 3 of 3 enumerated defects (static prediction)  [tier: static]
         8.4  tests/defects/test_pair_mapping.py::test_a_defect_whose_asked_pairs_yield_no_kill_has_its_skipped_pairs_judged
         8.5  tests/defects/test_pair_mapping.py::test_a_skipped_pair_comes_back_unjudged_with_its_reason
         8.6  tests/test_mutation_pipeline_wiring.py::TestTheRunRoutesPairsThroughTheRealPipeline::test_a_defect_with_no_kill_among_its_judged_pairs_gets_them_back
         8.7  tests/test_mutation_pipeline_wiring.py::TestTheRunRoutesPairsThroughTheRealPipeline::test_the_held_back_pair_is_recorded_rather_than_dropped

  9. Record the cause with the pair's rank and the tests that had already covered the defect.
       requirements: task-03
       code evidence: addressed
         9.1  src/acceptance/review_state.py#@@ -319,6 +336,29 @@ class UnjudgedPair(_Model):
         9.2  src/acceptance/defects/pair_mapping.py#@@ -630,6 +645,85 @@ def judge_pairs(
       test evidence: strongly supported — kills 2 of 2 enumerated defects (static prediction)  [tier: static]
         9.3  tests/defects/test_pair_ranking.py::test_every_pair_not_asked_is_recorded_with_its_rank_and_what_covered_it
         9.4  tests/defects/test_pair_ranking.py::test_the_cause_cannot_be_recorded_without_its_rank_and_covering_tests

  10. A pair the review stops before asking about does not count toward a defect's unknown pairs.
       requirements: task-03
       code evidence: addressed
         10.1  src/acceptance/defects/support.py#@@ -225,6 +225,21 @@ def derive_support(
       test evidence: strongly supported — kills 2 of 2 enumerated defects (static prediction)  [tier: static]
         10.2  tests/defects/test_pair_mapping.py::test_a_defect_whose_asked_pairs_yield_no_kill_has_its_skipped_pairs_judged
         10.3  tests/defects/test_pair_ranking.py::test_a_skipped_pair_cannot_move_the_rating_whatever_it_would_have_said
         10.4  tests/test_mutation_pipeline_wiring.py::TestTheRunRoutesPairsThroughTheRealPipeline::test_the_report_names_where_the_defects_pairs_went
         10.5  tests/test_pair_routing.py::TestADroppedPairIsNotASurvival::test_it_raises_unknown_rather_than_reading_as_uncovered

  11. The defect's rating is not changed in either direction by this cause.
       requirements: task-03
       code evidence: addressed
         11.1  src/acceptance/defects/support.py#@@ -225,6 +225,21 @@ def derive_support(
         11.2  src/acceptance/review_state.py#@@ -305,6 +307,21 @@ class UnjudgedCause(str, Enum):
       test evidence: strongly supported — kills 2 of 2 enumerated defects (static prediction)  [tier: static]
         11.3  tests/defects/test_pair_ranking.py::test_a_skipped_pair_derives_no_verdict_and_is_not_unknown
         11.4  tests/defects/test_pair_ranking.py::test_the_cause_is_refused_on_a_defect_its_named_tests_do_not_cover

  12. The cause exists only on a defect that already has the configured number of catching tests.
       requirements: task-03
       code evidence: addressed
         12.1  src/acceptance/defects/pair_mapping.py#@@ -630,6 +645,85 @@ def judge_pairs(
         12.2  src/acceptance/defects/support.py#@@ -225,6 +225,21 @@ def derive_support(
         12.3  src/acceptance/review_state.py#@@ -305,6 +307,21 @@ class UnjudgedCause(str, Enum):
       test evidence: strongly supported — kills 1 of 1 enumerated defects (static prediction)  [tier: static]
         12.4  tests/defects/test_support.py::test_an_unjudged_defect_never_reads_as_a_surviving_one

  13. For each defect, report how many of its pairs were asked about.
       requirements: task-04
       code evidence: addressed
         13.1  src/acceptance/report.py#@@ -278,10 +282,47 @@ def _pair_block(review: Review) -> list[str]:
         13.2  src/acceptance/report.py#@@ -296,6 +337,11 @@ def _defect_block(defect_sets: list[DefectSet]) -> list[str]:
         13.3  src/acceptance/report.py#@@ -310,6 +356,12 @@ def _defect_block(defect_sets: list[DefectSet]) -> list[str]:
         13.4  src/acceptance/report.py#@@ -401,6 +453,7 @@ def _pair_disposition(review: Review, defect_id: str) -> list[str]:
         13.5  src/acceptance/report.py#@@ -410,7 +463,8 @@ def _pair_disposition(review: Review, defect_id: str) -> list[str]:
       test evidence: strongly supported — kills 3 of 3 enumerated defects (static prediction)  [tier: static]
         13.6  tests/defects/test_pair_ranking.py::test_the_report_counts_each_defects_asked_and_skipped_pairs
         13.7  tests/test_report.py::test_every_rating_the_report_shows_carries_a_denominator_or_says_why_not

  14. The report states how many pairs were skipped by stopping early for each defect.
       requirements: task-04
       code evidence: addressed
         14.1  src/acceptance/report.py#@@ -264,10 +264,14 @@ def _pair_block(review: Review) -> list[str]:
         14.2  src/acceptance/report.py#@@ -278,10 +282,47 @@ def _pair_block(review: Review) -> list[str]:
         14.3  src/acceptance/report.py#@@ -310,6 +356,12 @@ def _defect_block(defect_sets: list[DefectSet]) -> list[str]:
         14.4  src/acceptance/report.py#@@ -410,7 +463,8 @@ def _pair_disposition(review: Review, defect_id: str) -> list[str]:
       test evidence: strongly supported — kills 3 of 3 enumerated defects (static prediction)  [tier: static]
         14.5  tests/defects/test_pair_mapping.py::test_a_kill_on_an_asked_pair_keeps_the_saving
         14.6  tests/defects/test_pair_mapping.py::test_the_prefilter_keeps_its_own_cause
         14.7  tests/defects/test_pair_ranking.py::test_a_skipped_pair_derives_no_verdict_and_is_not_unknown
         14.8  tests/defects/test_pair_ranking.py::test_the_judge_produces_the_cause_only_once_the_stop_number_is_reached
         14.9  tests/defects/test_pair_ranking.py::test_the_report_counts_each_defects_asked_and_skipped_pairs

  15. Ranking and stopping can be turned off.
       requirements: task-05
       code evidence: addressed
         15.1  src/acceptance/cli.py#@@ -749,6 +751,25 @@ def _add_model_flags(parser: argparse.ArgumentParser, default_mode: str) -> None
         15.2  src/acceptance/cli.py#@@ -912,6 +933,7 @@ def main(argv: list[str] | None = None) -> int:
         15.3  src/acceptance/defects/pair_mapping.py#@@ -546,9 +547,17 @@ def judge_pairs(
         15.4  src/acceptance/defects/pair_mapping.py#@@ -586,14 +600,15 @@ def judge_pairs(
         15.5  tests/test_cli_pair_ranking.py#@@ -0,0 +1,69 @@
         15.6  tests/defects/test_pair_ranking.py#@@ -0,0 +1,425 @@
       test evidence: strongly supported — kills 3 of 3 enumerated defects (static prediction)  [tier: static]
         15.7  tests/defects/test_pair_ranking.py::test_the_pipeline_can_still_run_the_full_sweep
         15.8  tests/defects/test_pair_ranking.py::test_the_pipeline_ranks_and_stops_by_default
         15.9  tests/defects/test_pair_ranking.py::test_turned_off_it_asks_every_pair_in_one_pass_and_embeds_nothing
         15.10  tests/test_cli_pair_ranking.py::test_run_check_hands_the_stop_number_to_the_pipeline

  16. A review can still be run the way it runs today.
       requirements: task-05
       code evidence: addressed
         16.1  src/acceptance/defects/pair_mapping.py#@@ -546,9 +547,17 @@ def judge_pairs(
         16.2  src/acceptance/defects/pair_mapping.py#@@ -586,14 +600,15 @@ def judge_pairs(
         16.3  src/acceptance/pipeline.py#@@ -376,6 +377,7 @@ def run_review(
         16.4  src/acceptance/cli.py#@@ -912,6 +933,7 @@ def main(argv: list[str] | None = None) -> int:
         16.5  tests/test_cli_pair_ranking.py#@@ -0,0 +1,69 @@
         16.6  tests/defects/test_pair_ranking.py#@@ -0,0 +1,425 @@
       test evidence: strongly supported — kills 4 of 4 enumerated defects (static prediction)  [tier: static]
         16.7  tests/defects/test_pair_ranking.py::test_the_pipeline_ranks_and_stops_by_default
         16.8  tests/test_cli_pair_ranking.py::test_run_check_hands_the_stop_number_to_the_pipeline
         16.9  tests/test_unevidenceable_obligations.py::test_the_report_renders_that_differently_from_a_missing_test

  17. The embedding calls are recorded and replayed like every other model call, so two runs over the same input produce identical results.
       requirements: constraint-01
       code evidence: addressed
         17.1  src/acceptance/defects/pair_ranking.py#@@ -0,0 +1,139 @@
         17.2  docs/experiments/rank-prefilter/replay_stop_rule.py#@@ -0,0 +1,218 @@
         17.3  docs/experiments/rank-prefilter/score_rank.py#@@ -9,22 +9,80 @@ rather than a threshold) and report:
         17.4  tests/defects/test_pair_ranking.py#@@ -0,0 +1,425 @@
       test evidence: strongly supported — kills 2 of 2 enumerated defects (static prediction)  [tier: static]
         17.5  tests/requirement/test_link_prefilter.py::test_an_embedding_request_is_replayed_from_its_recording_rather_than_issued_again
         17.6  tests/requirement/test_link_prefilter.py::test_changing_the_embedding_model_invalidates_the_recorded_linking_requests
         17.7  tests/test_determinism.py::test_two_recorded_runs_are_byte_identical

  18. The question put to the model remains unchanged.
       requirements: constraint-02
       code evidence: addressed
         18.1  src/acceptance/defects/pair_mapping.py#@@ -586,14 +600,15 @@ def judge_pairs(
         18.2  src/acceptance/defects/pair_mapping.py#@@ -630,6 +645,85 @@ def judge_pairs(
         18.3  tests/defects/test_pair_ranking.py#@@ -0,0 +1,425 @@
       test evidence: strongly supported — kills 3 of 3 enumerated defects (static prediction)  [tier: static]
         18.4  tests/defects/test_pair_ranking.py::test_nothing_about_the_ranking_reaches_the_judge
         18.5  tests/requirement/test_link_prefilter.py::test_changing_the_threshold_invalidates_the_recorded_linking_requests
         18.6  tests/test_unevidenceable_obligations.py::test_an_obligation_requiring_no_code_evidence_never_reaches_the_coverage_stage
         18.7  tests/test_unevidenceable_obligations.py::test_an_obligation_requiring_no_test_evidence_never_reaches_the_prescriber

  19. The model is not given ranking information.
       requirements: constraint-02
       code evidence: addressed
         19.1  src/acceptance/defects/pair_mapping.py#@@ -586,14 +600,15 @@ def judge_pairs(
         19.2  src/acceptance/defects/pair_mapping.py#@@ -630,6 +645,85 @@ def judge_pairs(
         19.3  tests/defects/test_pair_ranking.py#@@ -0,0 +1,425 @@
       test evidence: strongly supported — kills 2 of 2 enumerated defects (static prediction)  [tier: static]
         19.4  tests/defects/test_pair_ranking.py::test_the_pipeline_ranks_and_stops_by_default
         19.5  tests/requirement/test_link_prefilter.py::test_embedding_nothing_makes_no_call
         19.6  tests/test_unevidenceable_obligations.py::test_an_obligation_requiring_no_test_evidence_never_reaches_the_prescriber

  20. The model is not given a test's rank.
       requirements: constraint-02
       code evidence: addressed
         20.1  src/acceptance/defects/pair_mapping.py#@@ -630,6 +645,85 @@ def judge_pairs(
         20.2  src/acceptance/review_state.py#@@ -319,6 +336,29 @@ class UnjudgedPair(_Model):
         20.3  tests/defects/test_pair_ranking.py#@@ -0,0 +1,425 @@
       test evidence: strongly supported — kills 3 of 3 enumerated defects (static prediction)  [tier: static]
         20.4  tests/defects/test_pair_ranking.py::test_a_skipped_pair_cannot_move_the_rating_whatever_it_would_have_said
         20.5  tests/defects/test_pair_ranking.py::test_every_pair_not_asked_is_recorded_with_its_rank_and_what_covered_it
         20.6  tests/defects/test_pair_ranking.py::test_nothing_about_the_ranking_reaches_the_judge

  21. The model is not given whether other tests have already caught the defect.
       requirements: constraint-02
       code evidence: addressed
         21.1  src/acceptance/defects/pair_mapping.py#@@ -586,14 +600,15 @@ def judge_pairs(
         21.2  src/acceptance/defects/pair_mapping.py#@@ -630,6 +645,85 @@ def judge_pairs(
         21.3  tests/defects/test_pair_ranking.py#@@ -0,0 +1,425 @@
       test evidence: strongly supported — kills 2 of 2 enumerated defects (static prediction)  [tier: static]
         21.4  tests/defects/test_pair_ranking.py::test_nothing_about_the_ranking_reaches_the_judge
         21.5  tests/test_mutation_pipeline_wiring.py::TestAnUnverifiedEditIsNotEvidence::test_its_defect_still_goes_to_the_static_judge
         21.6  tests/test_pair_routing.py::TestWhichPairsTheRunAnswers::test_a_test_that_failed_under_the_edit_is_still_asked

  22. Apply this step only to whatever pairs remain after the review has already set pairs aside for other reasons, including pairs skipped because the project's tests under an injected edit already handled them.
       requirements: constraint-03
       code evidence: addressed
         22.1  src/acceptance/defects/pair_mapping.py#@@ -546,9 +547,17 @@ def judge_pairs(
         22.2  src/acceptance/defects/pair_mapping.py#@@ -630,6 +645,85 @@ def judge_pairs(
         22.3  docs/experiments/rank-prefilter/replay_stop_rule.py#@@ -0,0 +1,218 @@
       test evidence: strongly supported — kills 3 of 3 enumerated defects (static prediction)  [tier: static]
         22.4  tests/defects/test_pair_mapping.py::test_a_defect_whose_asked_pairs_yield_no_kill_has_its_skipped_pairs_judged
         22.5  tests/defects/test_pair_mapping.py::test_a_kill_on_an_asked_pair_keeps_the_saving
         22.6  tests/defects/test_pair_ranking.py::test_the_pipeline_can_still_run_the_full_sweep
         22.7  tests/defects/test_pair_ranking.py::test_turned_off_it_asks_every_pair_in_one_pass_and_embeds_nothing

  23. The change does not alter what is sent in an embedding request.
       requirements: exclusion-01
       code evidence: addressed
         examined 41 changes across 19 files; none breaches this boundary
       test evidence: not required — This is a scope exclusion about the request payload itself, which is settled by inspecting the change rather than by a test.

  24. The change does not skip pairs of a defect that no test has caught, whether by rank or by any other cheaper check.
       requirements: exclusion-02
       code evidence: addressed
         examined 41 changes across 19 files; none breaches this boundary
       test evidence: not required — This is a scope exclusion about work the change must not do, so a reader can verify it directly from the source and diff without needing a test.

  25. The change does not alter which tests are candidates for a defect.
       requirements: exclusion-03
       code evidence: addressed
         examined 41 changes across 19 files; none breaches this boundary
       test evidence: not required — This is a scope exclusion about work the change must not do, and it is settled by inspecting the source change rather than by a test.

  26. Update the ranking experiment findings to record whether the ranking still holds with the embedding request the review can send, and what stopping early costs and saves on recorded reviews.
       requirements: completion-02
       code evidence: addressed
         26.1  docs/experiments/rank-prefilter/FINDINGS.md#@@ -65,6 +65,117 @@ basis, and on these corpora most defects are killed, so most sweeps stop
         26.2  docs/experiments/rank-prefilter/replay-340.log#@@ -0,0 +1,11 @@
         26.3  docs/experiments/rank-prefilter/replay-45-run3.log#@@ -0,0 +1,11 @@
         26.4  docs/experiments/rank-prefilter/score_rank-asymmetric-local.log#@@ -0,0 +1,43 @@
         26.5  docs/experiments/rank-prefilter/score_rank-symmetric-voyage-3.5-lite.log#@@ -0,0 +1,43 @@
         26.6  docs/experiments/rank-prefilter/score_rank-symmetric.log#@@ -0,0 +1,43 @@
         26.7  docs/experiments/rank-prefilter/replay_stop_rule.py#@@ -0,0 +1,218 @@
         26.8  docs/experiments/rank-prefilter/score_rank.py#@@ -9,22 +9,80 @@ rather than a threshold) and report:
         26.9  tests/test_rank_prefilter_findings.py#@@ -0,0 +1,66 @@
       test evidence: unsupported — kills 0 of 2 enumerated defects (static prediction)  [tier: static]
         (no mapped test)
         recommended test: The documentation includes the experiment findings about ranking validity for the review-sent embedding request and the costs and savings of stopping early on recorded reviews.
           inputs:  Read docs/experiments/rank-prefilter/FINDINGS.md together with the committed replay logs in docs/experiments/rank-prefilter/replay-340.log and replay-45-run3.log. The test should use the log values as the source of truth and verify that the findings prose reflects the concrete stop-rule costs and savings from those recorded reviews.
           detects: The findings text may summarize the replayed walk, but it could still fail to record the concrete costs and savings of stopping early on recorded reviews in the form the criterion asks for.
           full detail: acceptance recommendation --criterion docs-ranking-experiment-findings

Mandate coverage: 12 of 13 requirements yielded obligations
  1 deliberately declined, taken at face value and not counted against coverage
  1. [no_obligation] completion-01: Implementation
       reason: This is a section marker standing alone with no requirement under it.

Unrequested changes:
  1. [in_service] The experiment script was expanded to add a standalone replay tool and extra logging artifacts under docs/experiments/rank-prefilter. The obligations ask to update the findings and support ranking/stopping in the product, but they do not require adding a new replay utility or its committed logs.
       docs/experiments/rank-prefilter/replay_stop_rule.py#@@ -0,0 +1,218 @@
       docs/experiments/rank-prefilter/replay-340.log#@@ -0,0 +1,11 @@
       docs/experiments/rank-prefilter/replay-45-run3.log#@@ -0,0 +1,11 @@
  2. [in_service] The findings document adds a new section about replaying recorded reviews and a detailed stop-rule analysis. The task only requires updating the findings to record whether ranking still holds without input_type and what stopping early costs/saves; the replay walkthrough and policy-comparison narrative are extra experiment reporting beyond that scope.
       docs/experiments/rank-prefilter/FINDINGS.md#@@ -65,6 +65,117 @@ basis, and on these corpora most defects are killed, so most sweeps stop
  3. [in_service] The ranking experiment script was broadened to support a new --model flag and symmetric/asymmetric re-scoring, plus extra reporting for stop-after-kills. The obligations require using the review's configured embedding model and documenting the findings, but they do not ask for a new experiment CLI surface or model-selection mode in this script.
       docs/experiments/rank-prefilter/score_rank.py#@@ -9,22 +9,80 @@ rather than a threshold) and report:
       docs/experiments/rank-prefilter/score_rank.py#@@ -33,17 +91,14 @@ def shim_from_review(review_path, worktree):
       docs/experiments/rank-prefilter/score_rank.py#@@ -52,103 +107,198 @@ def shim_from_review(review_path, worktree):
  4. [in_service] RunConfig gained a new stop_after_kills field. The task requires the review to stop after a configured number of catching tests, but it does not explicitly require exposing that as a new public configuration field on RunConfig rather than keeping it internal to the pipeline/CLI wiring.
       src/acceptance/config.py#@@ -23,6 +23,7 @@ from typing import Any
       src/acceptance/config.py#@@ -159,6 +160,13 @@ class RunConfig(BaseModel):
  5. [in_service] The CLI now accepts --stop-after-kills and --full-pair-sweep. The obligations require the behavior to be configurable and compatible with today’s review flow, but they do not specifically call for adding these new command-line flags.
       src/acceptance/cli.py#@@ -28,6 +28,7 @@ from acceptance.config import (
       src/acceptance/cli.py#@@ -200,6 +201,7 @@ def run_check(
       src/acceptance/cli.py#@@ -749,6 +751,25 @@ def _add_model_flags(parser: argparse.ArgumentParser, default_mode: str) -> None
       src/acceptance/cli.py#@@ -912,6 +933,7 @@ def main(argv: list[str] | None = None) -> int:
  6. [in_service] The pipeline signature now accepts stop_after_kills and threads it through run_review. The task requires the review to stop after the configured number, but it does not explicitly require changing the public run_review API surface.
       src/acceptance/pipeline.py#@@ -46,6 +46,7 @@ from acceptance.defects.pair_mapping import (
       src/acceptance/pipeline.py#@@ -376,6 +377,7 @@ def run_review(
       src/acceptance/pipeline.py#@@ -525,6 +527,11 @@ def run_review(
  7. [in_service] judge_pairs now accepts stop_after_kills and returns early-stop behavior. The obligations require the review to implement ranking and stopping, but they do not explicitly require changing this function’s public signature.
       src/acceptance/defects/pair_mapping.py#@@ -45,7 +45,7 @@ file (DR-293).
       src/acceptance/defects/pair_mapping.py#@@ -53,6 +53,7 @@ from pydantic import BaseModel, Field
       src/acceptance/defects/pair_mapping.py#@@ -546,9 +547,17 @@ def judge_pairs(
       src/acceptance/defects/pair_mapping.py#@@ -579,6 +588,11 @@ def judge_pairs(
       src/acceptance/defects/pair_mapping.py#@@ -586,14 +600,15 @@ def judge_pairs(
  8. [in_service] A new helper _walk_ranked was added to implement the ranked walk. This is implementation detail for the requested stopping behavior, but the helper itself is not separately called for by any obligation.
       src/acceptance/defects/pair_mapping.py#@@ -630,6 +645,85 @@ def judge_pairs(
  9. [in_service] A new exported symbol DEFAULT_STOP_AFTER_KILLS was added in pair_ranking.py and imported elsewhere. The obligations require the default to be one, but they do not require introducing a new exported constant as part of the public API.
       src/acceptance/defects/pair_ranking.py#@@ -0,0 +1,139 @@
       src/acceptance/config.py#@@ -23,6 +23,7 @@ from typing import Any
       src/acceptance/pipeline.py#@@ -46,6 +46,7 @@ from acceptance.defects.pair_mapping import (
       src/acceptance/cli.py#@@ -28,6 +28,7 @@ from acceptance.config import (
  10. [in_service] pair_ranking.py introduces a new ranking module and embedding chunking/token-budget logic. Ranking by similarity is requested, but the specific chunking/token-budget machinery and module split are implementation choices not explicitly required by the obligations.
       src/acceptance/defects/pair_ranking.py#@@ -0,0 +1,139 @@
  11. [in_service] support.py now validates DEFECT_ALREADY_COVERED against recorded kills before excluding it from unknown. The obligations require the cause to be sound and not count toward unknown, but this extra runtime validation of the skip basis is an additional behavior change not explicitly requested.
       src/acceptance/defects/support.py#@@ -225,6 +225,21 @@ def derive_support(
  12. [in_service] report.py now prints per-defect asked/skipped pair counts and a new grouped section for DEFECT_ALREADY_COVERED. The obligations ask for reporting how many pairs were asked and skipped, but the specific report formatting and extra grouped presentation are additional adjacent behavior beyond the minimum requirement.
       src/acceptance/report.py#@@ -119,7 +119,7 @@ def render_report(review: Review) -> str:
       src/acceptance/report.py#@@ -264,10 +264,14 @@ def _pair_block(review: Review) -> list[str]:
       src/acceptance/report.py#@@ -278,10 +282,47 @@ def _pair_block(review: Review) -> list[str]:
       src/acceptance/report.py#@@ -296,6 +337,11 @@ def _defect_block(defect_sets: list[DefectSet]) -> list[str]:
       src/acceptance/report.py#@@ -310,6 +356,12 @@ def _defect_block(defect_sets: list[DefectSet]) -> list[str]:
       src/acceptance/report.py#@@ -401,6 +453,7 @@ def _pair_disposition(review: Review, defect_id: str) -> list[str]:
       src/acceptance/report.py#@@ -410,7 +463,8 @@ def _pair_disposition(review: Review, defect_id: str) -> list[str]:
  13. [in_service] UnjudgedPair gained new rank and covered_by fields plus validation. The obligations require recording the cause with the pair’s rank and covering tests, but the exact schema expansion and validator are public model changes not explicitly called out.
       src/acceptance/review_state.py#@@ -305,6 +307,21 @@ class UnjudgedCause(str, Enum):
       src/acceptance/review_state.py#@@ -319,6 +336,29 @@ class UnjudgedPair(_Model):
  14. [separable] The review_state enum docstrings were rewritten to describe the new cause taxonomy. This is documentation/internal commentary change not required by the functional obligations.
       src/acceptance/review_state.py#@@ -271,7 +271,7 @@ class PairVerdict(_Model):
       src/acceptance/review_state.py#@@ -280,9 +280,11 @@ class UnjudgedCause(str, Enum):
  15. [in_service] The new tests cover many implementation details, including ranking order, batching growth, report formatting, and pipeline wiring. The obligations require tests for the requested behavior, but these specific test cases and their breadth go beyond what is explicitly demanded.
       tests/defects/test_pair_ranking.py#@@ -0,0 +1,425 @@
       tests/test_cli_pair_ranking.py#@@ -0,0 +1,69 @@
       tests/test_rank_prefilter_findings.py#@@ -0,0 +1,66 @@

Ways the change could fail a criterion (what each rating is measured against):

  rank-candidate-tests-by-similarity  (reused from an earlier run)
    [scope_too_narrow] rank-candidate-tests-by-similarity/ranking-not-applied-to-all-judged-pairs
      The new similarity ranking is only built from the pairs passed into `judge_pairs`, so any candidate tests that are introduced later by batching, reuse, or other paths are not ordered by similarity before they are asked about.
      src/acceptance/defects/pair_mapping.py#3
      src/acceptance/defects/pair_mapping.py#4
      src/acceptance/defects/pair_mapping.py#5
      pairs: 28 put to the model, 464 skipped once the defect was covered
    [other] rank-candidate-tests-by-similarity/ranking-uses-description-fallbacks
      `rank_pairs` falls back to the defect id or the placeholder source text when a description or source is missing, so those pairs are ordered by surrogate strings rather than by the actual defect description and test source the criterion calls for.
      src/acceptance/defects/pair_ranking.py#0
      pairs: 124 put to the model, 368 skipped once the defect was covered
    [not_wired] rank-candidate-tests-by-similarity/ranking-not-used-for-full-sweep-mode
      The early-stop path uses similarity ranking, but the full-pair-sweep path still bypasses it, so some review runs can ask candidate tests without ordering them by similarity first.
      src/acceptance/cli.py#2
      src/acceptance/cli.py#3
      src/acceptance/pipeline.py#1
      src/acceptance/pipeline.py#2
      src/acceptance/defects/pair_mapping.py#3
      src/acceptance/defects/pair_mapping.py#4
      pairs: 118 put to the model, 374 skipped once the defect was covered

  rank-tests-in-similarity-order  (reused from an earlier run)
    [other] rank-tests-in-similarity-order/ranking-uses-description-text-instead-of-source
      The ranking can be computed from the defect description and test source text, but the code may still rank against the wrong text on one side, so the order would not reflect similarity between each test's source and the defect's description.
      src/acceptance/defects/pair_ranking.py#0
      docs/experiments/rank-prefilter/score_rank.py#2
      pairs: 124 put to the model, 368 skipped once the defect was covered
    [not_wired] rank-tests-in-similarity-order/ranking-not-applied-to-walk
      The similarity ranking may be computed, but the pair-asking path could still consume pairs in their original or batch order instead of the ranked order.
      src/acceptance/defects/pair_mapping.py#3
      src/acceptance/defects/pair_mapping.py#4
      src/acceptance/defects/pair_mapping.py#5
      pairs: 12 put to the model, 480 skipped once the defect was covered
    [condition_inverted] rank-tests-in-similarity-order/ranking-sorted-ascending-instead-of-descending
      The sort key can be wired to the similarity score, but the comparison may be reversed so that lower-similarity tests are asked first.
      src/acceptance/defects/pair_ranking.py#0
      src/acceptance/defects/pair_mapping.py#5
      pairs: 4 put to the model, 488 skipped once the defect was covered
    [scope_too_narrow] rank-tests-in-similarity-order/ranking-only-applies-to-stop-after-kills
      The ranked walk may only be used when early stopping is enabled, leaving the full-sweep path or other call sites to ask tests in a different order.
      src/acceptance/defects/pair_mapping.py#3
      src/acceptance/defects/pair_mapping.py#4
      src/acceptance/pipeline.py#1
      src/acceptance/pipeline.py#2
      pairs: 4 put to the model, 128 skipped once the defect was covered
    [wrong_output_shape] rank-tests-in-similarity-order/ranking-breaks-ties-non-deterministically
      The ranking can be based on similarity, but ties may be left to input order or another unstable source, so the produced order is not a well-defined descending rank.
      src/acceptance/defects/pair_ranking.py#0
      pairs: 4 put to the model, 488 skipped once the defect was covered

  batch-questions-in-existing-group-sizes  (reused from an earlier run)
    [scope_too_narrow] batch-questions-in-existing-group-sizes/fixed-round-size-ignores-existing-batch-size
      The ranked walk always asks a defect's tests in fixed-size rounds that do not match the existing question batching size, so the review does not group questions using the batching size already in force.
      src/acceptance/defects/pair_mapping.py#5
      src/acceptance/pipeline.py#1
      src/acceptance/config.py#0
      pairs: 4 put to the model, 488 skipped once the defect was covered
    [missing_case] batch-questions-in-existing-group-sizes/ranked-walk-bypasses-batch-boundaries-for-covered-defects
      A defect that becomes covered mid-round can leave the rest of that round's questions grouped by the walk's current width instead of the existing batch size, so some asked questions are not grouped the way the review already batches them.
      src/acceptance/defects/pair_mapping.py#5
      pairs: 12 put to the model, 105 skipped once the defect was covered
    [not_wired] batch-questions-in-existing-group-sizes/stop-after-kills-not-threaded-through-all-callers
      The new stop-after-kills grouping logic exists, but some delivered paths still call the old unranked pair-asking flow, so the review does not actually use the batching-aware walk everywhere it should.
      src/acceptance/cli.py#1
      src/acceptance/cli.py#3
      src/acceptance/pipeline.py#1
      src/acceptance/pipeline.py#2
      pairs: 4 put to the model, 110 skipped once the defect was covered

  stop-after-configured-number-of-catching-tests  (reused from an earlier run)
    [not_wired] stop-after-configured-number-of-catching-tests/stop-limit-not-propagated-to-walk
      The configured stop-after-kills limit is accepted by the review configuration, but the pair-walking path can still be invoked without using it, so defects keep getting asked after the limit is reached.
      src/acceptance/config.py#1
      src/acceptance/cli.py#1
      src/acceptance/cli.py#3
      src/acceptance/pipeline.py#1
      src/acceptance/pipeline.py#2
      src/acceptance/defects/pair_mapping.py#3
      src/acceptance/defects/pair_mapping.py#4
      src/acceptance/defects/pair_mapping.py#5
      pairs: 4 put to the model, 488 skipped once the defect was covered
    [condition_inverted] stop-after-configured-number-of-catching-tests/stop-condition-reversed
      The ranked walk can keep asking a defect after it has already reached the configured kill count if the stop condition is checked in the wrong direction.
      src/acceptance/defects/pair_mapping.py#5
      pairs: 4 put to the model, 121 skipped once the defect was covered
    [scope_too_narrow] stop-after-configured-number-of-catching-tests/stop-only-applies-to-some-defects
      The early-stop logic can apply only to defects that already have some kills, leaving defects with zero kills or other edge cases to keep being asked in a way that does not match the configured stopping rule.
      src/acceptance/defects/pair_mapping.py#3
      src/acceptance/defects/pair_mapping.py#4
      src/acceptance/defects/pair_mapping.py#5
      src/acceptance/config.py#1
      src/acceptance/pipeline.py#2
      pairs: 121 put to the model, 371 skipped once the defect was covered
    [other] stop-after-configured-number-of-catching-tests/already-covered-skip-not-counted-as-stop
      The walk can mark later pairs as already covered without actually using the configured kill limit to decide when to stop, so the defect may still be asked about past the configured threshold in some paths.
      src/acceptance/defects/pair_mapping.py#5
      src/acceptance/review_state.py#1
      src/acceptance/review_state.py#2
      src/acceptance/review_state.py#3
      src/acceptance/report.py#1
      src/acceptance/report.py#2
      src/acceptance/report.py#3
      src/acceptance/report.py#4
      src/acceptance/report.py#5
      src/acceptance/report.py#6
      pairs: 4 put to the model, 488 skipped once the defect was covered

  default-number-is-one  (reused from an earlier run)
    [other] default-number-is-one/default-stop-count-not-one
      The new stop-after-kills default could be set to something other than one, so the review would keep asking after more than one catching test even when no override is supplied.
      src/acceptance/defects/pair_ranking.py#0
      src/acceptance/config.py#0
      src/acceptance/config.py#1
      src/acceptance/pipeline.py#1
      src/acceptance/cli.py#0
      src/acceptance/cli.py#2
      src/acceptance/cli.py#3
      pairs: 4 put to the model, 110 skipped once the defect was covered

  test-every-test-asked-about  (reused from an earlier run)
    [condition_inverted] test-every-test-asked-about/stop-rule-skips-uncaught-defects
      The early-stop walk can skip a defect even when none of its tests has been recorded as catching it, so some uncaught defects do not have every test asked about.
      src/acceptance/defects/pair_mapping.py#5
      src/acceptance/review_state.py#2
      src/acceptance/defects/support.py#0
      pairs: 4 put to the model, 488 skipped once the defect was covered
    [missing_case] test-every-test-asked-about/ranked-walk-omits-remaining-tests
      The ranked walk only records skipped pairs after the loop, so a defect with no recorded kills could fall through without all of its tests being asked if the walk's bookkeeping treats it as covered too early.
      src/acceptance/defects/pair_mapping.py#5
      src/acceptance/defects/support.py#0
      src/acceptance/review_state.py#2
      pairs: 4 put to the model, 113 skipped once the defect was covered
    [not_wired] test-every-test-asked-about/stop-after-kills-wired-through-full-sweep
      The new stop-after-kills path is only used when the caller passes a non-None value, so a review path that still routes through the full sweep would ask every pair for uncaught defects only if the new option is actually wired in.
      src/acceptance/pipeline.py#1
      src/acceptance/pipeline.py#2
      src/acceptance/defects/pair_mapping.py#3
      src/acceptance/defects/pair_mapping.py#4
      pairs: 4 put to the model, 488 skipped once the defect was covered

  unasked-pair-not-answered  (reused from an earlier run)
    [condition_inverted] unasked-pair-not-answered/stopped-pairs-marked-as-unanswered
      Pairs that the ranked walk stops before asking can still be emitted as `UNANSWERED` instead of being left without an answer.
      src/acceptance/defects/pair_mapping.py#5
      src/acceptance/review_state.py#2
      src/acceptance/defects/support.py#0
      pairs: 12 put to the model, 480 skipped once the defect was covered
    [not_wired] unasked-pair-not-answered/early-stop-not-enabled-on-review-path
      The early-stop logic exists, but the review pipeline can still run the old full-sweep path and answer every pair.
      src/acceptance/pipeline.py#1
      src/acceptance/pipeline.py#2
      src/acceptance/cli.py#1
      src/acceptance/cli.py#3
      pairs: 4 put to the model, 488 skipped once the defect was covered
    [missing_case] unasked-pair-not-answered/covered-pairs-not-preserved-as-unjudged
      Pairs skipped because the defect was already covered can fall out of the unjudged-pair bookkeeping and end up treated as answered or omitted.
      src/acceptance/defects/pair_mapping.py#5
      src/acceptance/review_state.py#2
      src/acceptance/report.py#1
      src/acceptance/report.py#4
      pairs: 4 put to the model, 488 skipped once the defect was covered

  unjudged-recorded  (reused from an earlier run)
    [missing_case] unjudged-recorded/unjudged-cause-not-rendered
      Pairs skipped because the defect was already covered can be left out of the review output entirely, so they are not marked as unjudged.
      src/acceptance/report.py#1
      src/acceptance/report.py#4
      src/acceptance/report.py#5
      src/acceptance/report.py#6
      pairs: 4 put to the model, 488 skipped once the defect was covered
    [condition_inverted] unjudged-recorded/unjudged-cause-misclassified-as-covered
      A pair that should be recorded as unjudged could be turned into a judged verdict instead of staying in the unjudged list.
      src/acceptance/defects/pair_mapping.py#4
      src/acceptance/defects/pair_mapping.py#5
      src/acceptance/pipeline.py#2
      src/acceptance/review_state.py#2
      src/acceptance/report.py#1
      pairs: 4 put to the model, 488 skipped once the defect was covered
    [scope_too_narrow] unjudged-recorded/unjudged-recorded-only-for-covered-defects
      Only the new early-stop cause is recorded as unjudged, while other unjudged pairs on the same review path can still be dropped from the output.
      src/acceptance/review_state.py#1
      src/acceptance/review_state.py#2
      src/acceptance/report.py#1
      src/acceptance/report.py#3
      pairs: 4 put to the model, 488 skipped once the defect was covered

  cause-names-rank-and-tests  (reused from an earlier run)
    [not_wired] cause-names-rank-and-tests/rank-and-covered-tests-not-stored-on-unjudged-pairs
      The early-stop path can create `DEFECT_ALREADY_COVERED` skips, but the recorded unjudged pair object does not carry the rank and covered-by tests through to the review state, so the cause is not actually recorded with those details.
      src/acceptance/defects/pair_mapping.py#5
      src/acceptance/review_state.py#2
      src/acceptance/review_state.py#3
      pairs: 4 put to the model, 488 skipped once the defect was covered
    [explanation_absent] cause-names-rank-and-tests/report-omits-rank-or-covered-tests-for-covered-skips
      The reporting path can recognize `DEFECT_ALREADY_COVERED`, but it may print only the cause or a generic reason and fail to include the pair rank and the tests that had already covered the defect.
      src/acceptance/report.py#1
      src/acceptance/report.py#2
      src/acceptance/report.py#3
      src/acceptance/report.py#4
      src/acceptance/report.py#5
      src/acceptance/report.py#6
      pairs: 4 put to the model, 488 skipped once the defect was covered

  unknown-pairs-exclusion  (reused from an earlier run)
    [not_wired] unknown-pairs-exclusion/missing-exclusion-in-support-derivation
      Pairs stopped before being asked could still be counted in a defect's unknown total if the support reducer does not exclude the new unjudged cause.
      src/acceptance/defects/support.py#0
      src/acceptance/review_state.py#2
      pairs: 4 put to the model, 488 skipped once the defect was covered
    [other] unknown-pairs-exclusion/report-counts-skipped-pairs-as-unknown
      The report-side pair counting could still present skipped-before-asked pairs as part of the defect's unjudged/unknown totals even if the core reducer is correct.
      src/acceptance/report.py#2
      src/acceptance/report.py#3
      src/acceptance/report.py#4
      src/acceptance/report.py#5
      src/acceptance/report.py#6
      pairs: 12 put to the model, 480 skipped once the defect was covered

  defect-rating-unchanged  (reused from an earlier run)
    [other] defect-rating-unchanged/covered-skip-counted-as-unknown
      Pairs skipped because the defect was already covered could still be counted as unknown support, so recording this cause would change the defect's rating.
      src/acceptance/defects/support.py#0
      src/acceptance/review_state.py#2
      src/acceptance/report.py#1
      src/acceptance/report.py#3
      pairs: 4 put to the model, 488 skipped once the defect was covered
    [other] defect-rating-unchanged/covered-skip-not-validated-against-kills
      A covered-skip record could be accepted even when the named covering tests are not actually recorded kills, which would let an unasked pair suppress rating changes incorrectly.
      src/acceptance/defects/support.py#0
      src/acceptance/review_state.py#2
      src/acceptance/defects/pair_mapping.py#5
      pairs: 4 put to the model, 110 skipped once the defect was covered

  cause-only-on-defects-with-configured-catching-tests  (reused from an earlier run)
    [other] cause-only-on-defects-with-configured-catching-tests/missing-coverage-check-on-unjudged-cause
      `DEFECT_ALREADY_COVERED` can be constructed without any code in `UnjudgedPair` or `derive_support` checking that the defect has actually reached the configured kill count before the cause is accepted.
      src/acceptance/review_state.py#2
      src/acceptance/review_state.py#3
      src/acceptance/defects/support.py#0
      pairs: 12 put to the model, 480 skipped once the defect was covered

  pairs-asked-about-count-per-defect  (reused from an earlier run)
    [scope_too_narrow] pairs-asked-about-count-per-defect/count-only-shown-when-review-exists
      The per-defect pair count is only added when a review object is passed in and it has pair verdicts or unjudged pairs, so a report for a defect can omit the count entirely on runs that still satisfy the criterion.
      src/acceptance/report.py#3
      src/acceptance/report.py#4
      pairs: 60 put to the model, 432 skipped once the defect was covered
    [missing_case] pairs-asked-about-count-per-defect/asked-count-excludes-unanswered-pairs
      The per-defect count can underreport asked pairs because it counts only judged verdicts plus unanswered unjudged pairs, while pairs skipped as already covered are excluded from the asked total even though they were part of the walk that determined the defect's coverage.
      src/acceptance/report.py#2
      src/acceptance/report.py#5
      src/acceptance/report.py#6
      pairs: 12 put to the model, 480 skipped once the defect was covered
    [missing_case] pairs-asked-about-count-per-defect/count-not-shown-for-defects-with-no-verdicts
      A defect that has no pair verdicts and no unjudged pairs can fall through without any per-defect count line, even though the criterion asks for a count for each defect.
      src/acceptance/report.py#3
      src/acceptance/report.py#4
      pairs: 60 put to the model, 432 skipped once the defect was covered

  skipped-by-stopping-early-count  (reused from an earlier run)
    [missing_case] skipped-by-stopping-early-count/missing-count-in-defect-block
      The defect summary can omit the skipped-pairs count for some defects in the report output.
      src/acceptance/report.py#3
      src/acceptance/report.py#4
      pairs: 4 put to the model, 488 skipped once the defect was covered
    [missing_case] skipped-by-stopping-early-count/missing-count-in-pair-disposition
      The per-defect pair disposition section can still report only settled/asked/dropped counts and leave out the stopping-early skip count.
      src/acceptance/report.py#5
      src/acceptance/report.py#6
      pairs: 12 put to the model, 480 skipped once the defect was covered
    [other] skipped-by-stopping-early-count/skip-count-not-derived-from-early-stop
      The skipped-pairs count could be computed from the wrong unjudged cause, so the report would attribute non-early-stop pairs to stopping early.
      src/acceptance/report.py#1
      src/acceptance/report.py#2
      src/acceptance/report.py#3
      src/acceptance/report.py#4
      src/acceptance/report.py#5
      src/acceptance/report.py#6
      pairs: 28 put to the model, 464 skipped once the defect was covered

  ranking-and-stopping-can-be-turned-off  (reused from an earlier run)
    [condition_inverted] ranking-and-stopping-can-be-turned-off/stop-after-kills-none-still-ranks
      Disabling stopping by passing `None` can still leave the ranked walk active, so the review does not actually fall back to the full unranked sweep.
      src/acceptance/defects/pair_mapping.py#3
      src/acceptance/defects/pair_mapping.py#4
      src/acceptance/pipeline.py#1
      src/acceptance/pipeline.py#2
      pairs: 4 put to the model, 133 skipped once the defect was covered
    [not_wired] ranking-and-stopping-can-be-turned-off/full-pair-sweep-flag-not-propagated
      The CLI flag that is supposed to disable ranking and stopping may be parsed but never reach the review pipeline, so the run still uses the ranked stop rule.
      src/acceptance/cli.py#2
      src/acceptance/cli.py#3
      src/acceptance/pipeline.py#1
      src/acceptance/pipeline.py#2
      pairs: 4 put to the model, 488 skipped once the defect was covered
    [scope_too_narrow] ranking-and-stopping-can-be-turned-off/default-stop-limit-still-enables-ranking
      The new default stop limit may cover only the ranked path, leaving some review modes without a way to disable ranking and stopping.
      src/acceptance/config.py#1
      src/acceptance/pipeline.py#1
      src/acceptance/pipeline.py#2
      src/acceptance/cli.py#2
      src/acceptance/cli.py#3
      pairs: 4 put to the model, 488 skipped once the defect was covered

  review-can-still-run-as-today  (reused from an earlier run)
    [old_input_rejected] review-can-still-run-as-today/full-sweep-flag-required-for-old-flow
      A review that used to run with the default pair-judging flow can now be rejected unless ranking/stop settings are supplied or explicitly disabled.
      src/acceptance/cli.py#2
      src/acceptance/config.py#1
      src/acceptance/pipeline.py#1
      src/acceptance/pipeline.py#2
      pairs: 28 put to the model, 464 skipped once the defect was covered
    [condition_inverted] review-can-still-run-as-today/default-stop-changes-review-flow
      The new stop-after-kills path may be enabled by default, so the review no longer follows the existing full-sweep flow unless a special override is passed.
      src/acceptance/cli.py#2
      src/acceptance/config.py#1
      src/acceptance/pipeline.py#1
      src/acceptance/pipeline.py#2
      pairs: 4 put to the model, 488 skipped once the defect was covered
    [not_wired] review-can-still-run-as-today/ranked-walk-not-called-from-judge-pairs
      The ranked walk logic exists, but the main pair-judging path may still bypass it, so the review flow does not actually change when the new option is present.
      src/acceptance/defects/pair_mapping.py#2
      src/acceptance/defects/pair_mapping.py#3
      src/acceptance/defects/pair_mapping.py#4
      src/acceptance/defects/pair_mapping.py#5
      pairs: 4 put to the model, 114 skipped once the defect was covered
    [scope_too_narrow] review-can-still-run-as-today/reporting-assumes-new-unjudged-cause-only
      The reporting and support code may only handle the new covered-skip cause for some review shapes, leaving older review shapes or unjudged data unable to render or derive support the old way.
      src/acceptance/report.py#1
      src/acceptance/report.py#2
      src/acceptance/report.py#3
      src/acceptance/report.py#4
      src/acceptance/report.py#5
      src/acceptance/report.py#6
      src/acceptance/review_state.py#1
      src/acceptance/review_state.py#2
      src/acceptance/review_state.py#3
      src/acceptance/defects/support.py#0
      pairs: 12 put to the model, 480 skipped once the defect was covered

  deterministic-embedding-replay  (reused from an earlier run)
    [not_wired] deterministic-embedding-replay/embedding-cache-not-replayed-in-record-mode
      Embedding requests can still be sent to the provider instead of being replayed from recorded transcripts on a rerun, so identical inputs may not produce identical embedding results.
      docs/experiments/rank-prefilter/replay_stop_rule.py#0
      src/acceptance/defects/pair_ranking.py#0
      pairs: 4 put to the model, 488 skipped once the defect was covered
    [other] deterministic-embedding-replay/embedding-request-shape-not-stable
      The embedding request shape can vary between runs because the ranking code deduplicates and sorts texts before embedding, but the surrounding call path may still depend on input ordering or chunking in a way that changes which transcript keys are produced.
      src/acceptance/defects/pair_ranking.py#0
      src/acceptance/defects/pair_mapping.py#5
      docs/experiments/rank-prefilter/score_rank.py#2
      pairs: 4 put to the model, 488 skipped once the defect was covered

  question-input-unchanged  (reused from an earlier run)
    [other] question-input-unchanged/ranked-walk-leaks-ranking-into-asked-pairs
      The ranked stop path can pass ranking metadata into the model-facing ask path, so the prompt could be built from pairs that carry rank/coverage state instead of the original unranked question.
      src/acceptance/defects/pair_mapping.py#4
      src/acceptance/defects/pair_mapping.py#5
      src/acceptance/defects/pair_ranking.py#0
      pairs: 4 put to the model, 488 skipped once the defect was covered
    [other] question-input-unchanged/ranking-stage-uses-different-embedding-inputs-than-judge-prompt
      The ranking code embeds different text than the judge prompt uses, so the request content can diverge from the original question even if the final ask call is unchanged.
      src/acceptance/defects/pair_ranking.py#0
      src/acceptance/defects/pair_mapping.py#3
      src/acceptance/defects/pair_mapping.py#4
      pairs: 60 put to the model, 432 skipped once the defect was covered
    [other] question-input-unchanged/stop-rule-path-adds-coverage-reason-to-model-request
      The early-stop path records coverage state in the same objects that later feed the judge, so the prompt could be contaminated by whether earlier tests already killed the defect.
      src/acceptance/defects/pair_mapping.py#5
      src/acceptance/review_state.py#2
      src/acceptance/report.py#1
      pairs: 60 put to the model, 432 skipped once the defect was covered

  ranking-not-exposed-to-model  (reused from an earlier run)
    [other] ranking-not-exposed-to-model/ranking-leaks-through-embedding-request
      The ranking metadata can still be attached to the embedding request, so the model sees rank-related information instead of only the texts being compared.
      src/acceptance/defects/pair_ranking.py#0
      src/acceptance/defects/pair_mapping.py#5
      src/acceptance/cli.py#2
      src/acceptance/pipeline.py#1
      pairs: 12 put to the model, 480 skipped once the defect was covered
    [other] ranking-not-exposed-to-model/ranking-leaks-via-walked-pair-order
      The ranked walk can expose ordering information to the model by changing which pairs are bundled into a request based on similarity rank, rather than keeping rank entirely internal.
      src/acceptance/defects/pair_mapping.py#4
      src/acceptance/defects/pair_mapping.py#5
      src/acceptance/defects/pair_ranking.py#0
      pairs: 60 put to the model, 58 skipped once the defect was covered

  test-rank-not-exposed-to-model  (reused from an earlier run)
    [other] test-rank-not-exposed-to-model/rank-field-added-to-unjudged-pair
      The ranked-stop path stores each skipped pair's rank in `UnjudgedPair`, and that rank can be carried into reporting or other downstream uses instead of staying out of the model-facing data flow.
      src/acceptance/review_state.py#2
      src/acceptance/review_state.py#3
      src/acceptance/report.py#1
      src/acceptance/report.py#4
      pairs: 4 put to the model, 488 skipped once the defect was covered
    [other] test-rank-not-exposed-to-model/rank-used-in-skip-reason
      The skip reason for already-covered pairs includes the pair's numeric rank, so rank is surfaced in review output instead of being kept out of the model-facing path.
      src/acceptance/defects/pair_mapping.py#5
      src/acceptance/report.py#1
      src/acceptance/review_state.py#2
      src/acceptance/review_state.py#3
      pairs: 4 put to the model, 488 skipped once the defect was covered
    [other] test-rank-not-exposed-to-model/rank-passed-into-walked-ask-path
      The ranked walk can hand rank-bearing skipped pairs back through the ask callback path, so a model-facing request path could receive rank-bearing pair objects instead of plain pairs.
      src/acceptance/defects/pair_mapping.py#5
      src/acceptance/review_state.py#3
      src/acceptance/pipeline.py#1
      pairs: 4 put to the model, 488 skipped once the defect was covered

  prior-catches-not-exposed-to-model  (reused from an earlier run)
    [other] prior-catches-not-exposed-to-model/covered-by-leaks-into-prompt
      The early-stop path records which tests already caught a defect and could pass that information into the model-facing request, exposing prior catches to the judge.
      src/acceptance/defects/pair_mapping.py#5
      src/acceptance/review_state.py#2
      src/acceptance/review_state.py#3
      src/acceptance/report.py#1
      src/acceptance/report.py#2
      pairs: 12 put to the model, 480 skipped once the defect was covered
    [other] prior-catches-not-exposed-to-model/ranked-stop-ask-path-forwards-covered-by
      The ranked walk could hand the model a pair object or request payload that still contains the covered-by metadata, so the stop condition is enforced but the prompt is not actually stripped of prior-catch information.
      src/acceptance/defects/pair_mapping.py#5
      src/acceptance/defects/pair_mapping.py#4
      src/acceptance/review_state.py#3
      pairs: 4 put to the model, 121 skipped once the defect was covered

  leftover-pairs-only  (reused from an earlier run)
    [qualifier_ignored] leftover-pairs-only/stop-rule-ignores-preexisting-skips
      The ranked walk can still ask pairs that earlier review logic already set aside, because it only stops on newly observed kills and does not treat preexisting skipped pairs as already removed from the remaining set.
      src/acceptance/defects/pair_mapping.py#3
      src/acceptance/defects/pair_mapping.py#4
      src/acceptance/defects/pair_mapping.py#5
      pairs: 12 put to the model, 480 skipped once the defect was covered
    [not_wired] leftover-pairs-only/full-sweep-path-bypasses-leftover-filter
      The full-pair-sweep path can bypass the leftover-pairs-only behavior entirely, because it explicitly overrides the stop rule and asks every pair without the ranked walk.
      src/acceptance/cli.py#2
      src/acceptance/cli.py#3
      src/acceptance/pipeline.py#1
      src/acceptance/pipeline.py#2
      pairs: 12 put to the model, 480 skipped once the defect was covered
    [other] leftover-pairs-only/already-covered-skips-not-preserved-through-support
      Pairs skipped because a defect was already covered are only safe if they remain excluded all the way through support derivation; if that exclusion is not preserved, the step is effectively applied to more than the leftover pairs.
      src/acceptance/defects/support.py#0
      src/acceptance/review_state.py#1
      src/acceptance/review_state.py#2
      src/acceptance/report.py#1
      src/acceptance/report.py#2
      src/acceptance/report.py#3
      src/acceptance/report.py#4
      src/acceptance/report.py#5
      src/acceptance/report.py#6
      pairs: 4 put to the model, 488 skipped once the defect was covered

  embedding-request-unchanged  (reused from an earlier run)
    [other] embedding-request-unchanged/stop-after-kills-changes-request-set
      Adding ranked early-stop can change which pairs are included in embedding requests, so the request payload is no longer the same as the full sweep for reviews that stop before exhausting all pairs.
      src/acceptance/defects/pair_mapping.py#2
      src/acceptance/defects/pair_mapping.py#4
      src/acceptance/defects/pair_mapping.py#5
      src/acceptance/pipeline.py#1
      src/acceptance/pipeline.py#2
      pairs: 4 put to the model, 488 skipped once the defect was covered
    [default_disagrees_with_docs] embedding-request-unchanged/ranking-uses-symmetric-default-instead-of-written-asymmetric-form
      The new ranking path defaults to the symmetric embedding form, while the surrounding docs and experiment notes describe the asymmetric query/document form as the original measurement and the symmetric form as a later re-score, so the delivered default could diverge from what is written down for the embedding request shape.
      src/acceptance/defects/pair_ranking.py#0
      docs/experiments/rank-prefilter/score_rank.py#0
      docs/experiments/rank-prefilter/FINDINGS.md#0
      pairs: 492 put to the model, 0 skipped once the defect was covered
    [not_wired] embedding-request-unchanged/embedding-request-unchanged-criterion-not-applied-to-ranking-path
      The new ranking code exists, but the criterion can still fail if the delivered path that builds embedding requests bypasses it or uses a different request builder than the one the ranking code assumes.
      src/acceptance/defects/pair_ranking.py#0
      src/acceptance/defects/pair_mapping.py#2
      src/acceptance/pipeline.py#1
      src/acceptance/cli.py#2
      pairs: 12 put to the model, 480 skipped once the defect was covered

  skip-uncaught-pairs-by-rank-or-cheaper-check  (reused from an earlier run)
    [missing_case] skip-uncaught-pairs-by-rank-or-cheaper-check/ranked-walk-skips-uncaught-defects
      The ranked walk can omit every pair for a defect that has no catching tests, because the early-stop loop only keeps asking while the defect has fewer than the stop threshold kills and then marks the remaining pairs as already covered.
      src/acceptance/defects/pair_mapping.py#5
      src/acceptance/defects/pair_mapping.py#4
      src/acceptance/review_state.py#2
      src/acceptance/defects/support.py#0
      pairs: 12 put to the model, 480 skipped once the defect was covered
    [other] skip-uncaught-pairs-by-rank-or-cheaper-check/support-accepts-skip-without-kills
      The support reduction can silently accept a skipped pair as already covered without proving that the defect actually has a recorded kill, so a no-kill defect could lose pairs from the asked set.
      src/acceptance/defects/support.py#0
      src/acceptance/review_state.py#2
      src/acceptance/review_state.py#3
      pairs: 4 put to the model, 488 skipped once the defect was covered
    [other] skip-uncaught-pairs-by-rank-or-cheaper-check/reporting-hides-uncaught-skips
      The reporting path can present skipped pairs as covered without making it obvious that uncaught defects were omitted, which would let the change appear to satisfy the criterion while still dropping pairs.
      src/acceptance/report.py#1
      src/acceptance/report.py#2
      src/acceptance/report.py#3
      src/acceptance/report.py#4
      src/acceptance/report.py#5
      src/acceptance/report.py#6
      pairs: 4 put to the model, 488 skipped once the defect was covered

  preserve-candidate-test-set  (reused from an earlier run)
    [scope_too_narrow] preserve-candidate-test-set/ranking-excludes-tests-not-in-review
      The ranked walk only builds candidate pairs from tests already present in the review's static verdicts or unanswered pairs, so any defect/test pair that was never in those recorded sets is never considered as a candidate.
      docs/experiments/rank-prefilter/replay_stop_rule.py#0
      src/acceptance/defects/pair_mapping.py#5
      src/acceptance/defects/pair_ranking.py#0
      pairs: 12 put to the model, 480 skipped once the defect was covered
    [established_not_maintained] preserve-candidate-test-set/early-stop-drops-unasked-candidates
      Once a defect reaches the stop-after-kills threshold, the remaining tests for that defect are converted into `DEFECT_ALREADY_COVERED` and never asked, so the later walk no longer considers the same candidate set as the full sweep.
      src/acceptance/defects/pair_mapping.py#4
      src/acceptance/defects/pair_mapping.py#5
      src/acceptance/defects/pair_ranking.py#0
      src/acceptance/config.py#0
      src/acceptance/config.py#1
      src/acceptance/cli.py#2
      src/acceptance/cli.py#3
      pairs: 4 put to the model, 113 skipped once the defect was covered

  docs-ranking-experiment-findings  (reused from an earlier run)
    [documented_not_implemented] docs-ranking-experiment-findings/missing-review-sent-embedding-result
      The findings text records the asymmetric re-score and the stop-rule costs, but it never actually documents the ranking validity for the embedding request the review can send if the symmetric run is the one that matters for the criterion.
      docs/experiments/rank-prefilter/FINDINGS.md#0
      pairs: 492 put to the model, 0 skipped once the defect was covered
    [documented_not_implemented] docs-ranking-experiment-findings/stop-rule-results-not-reflected-in-findings
      The findings text may summarize the replayed walk, but it could still fail to record the concrete costs and savings of stopping early on recorded reviews in the form the criterion asks for.
      docs/experiments/rank-prefilter/FINDINGS.md#0
      pairs: 492 put to the model, 0 skipped once the defect was covered

Pairs left unjudged (a criterion's rating cannot account for these):
  [prefiltered] batch-questions-in-existing-group-sizes/fixed-round-size-ignores-existing-batch-size x tests/test_decision_records.py::test_dr_202_no_longer_lists_requirement_id_stability_as_open
    the test's module imports no first-party module, the test takes no fixture, and it references no name defined in src/acceptance/config.py, src/acceptance/defects/pair_mapping.py, src/acceptance/pipeline.py — no path to the defect exists
  [prefiltered] batch-questions-in-existing-group-sizes/fixed-round-size-ignores-existing-batch-size x tests/test_decision_records.py::test_dr_202_records_the_requirement_id_decision_as_resolved
    the test's module imports no first-party module, the test takes no fixture, and it references no name defined in src/acceptance/config.py, src/acceptance/defects/pair_mapping.py, src/acceptance/pipeline.py — no path to the defect exists
  [prefiltered] batch-questions-in-existing-group-sizes/fixed-round-size-ignores-existing-batch-size x tests/test_rank_prefilter_findings.py::test_the_findings_record_that_the_ranking_holds_without_input_type
    the test's module imports no first-party module, the test takes no fixture, and it references no name defined in src/acceptance/config.py, src/acceptance/defects/pair_mapping.py, src/acceptance/pipeline.py — no path to the defect exists
  [prefiltered] batch-questions-in-existing-group-sizes/fixed-round-size-ignores-existing-batch-size x tests/test_rank_prefilter_findings.py::test_the_findings_record_the_embedding_model_the_review_ranks_with
    the test's module imports no first-party module, the test takes no fixture, and it references no name defined in src/acceptance/config.py, src/acceptance/defects/pair_mapping.py, src/acceptance/pipeline.py — no path to the defect exists
  [prefiltered] batch-questions-in-existing-group-sizes/fixed-round-size-ignores-existing-batch-size x tests/test_rank_prefilter_findings.py::test_the_findings_record_what_stopping_early_costs_per_covered_defect
    the test's module imports no first-party module, the test takes no fixture, and it references no name defined in src/acceptance/config.py, src/acceptance/defects/pair_mapping.py, src/acceptance/pipeline.py — no path to the defect exists
  [prefiltered] batch-questions-in-existing-group-sizes/fixed-round-size-ignores-existing-batch-size x tests/test_rank_prefilter_findings.py::test_the_replay_figures_in_the_findings_are_the_ones_the_replay_printed
    the test's module imports no first-party module, the test takes no fixture, and it references no name defined in src/acceptance/config.py, src/acceptance/defects/pair_mapping.py, src/acceptance/pipeline.py — no path to the defect exists
  [prefiltered] batch-questions-in-existing-group-sizes/ranked-walk-bypasses-batch-boundaries-for-covered-defects x tests/test_decision_records.py::test_dr_202_no_longer_lists_requirement_id_stability_as_open
    the test's module imports no first-party module, the test takes no fixture, and it references no name defined in src/acceptance/defects/pair_mapping.py — no path to the defect exists
  [prefiltered] batch-questions-in-existing-group-sizes/ranked-walk-bypasses-batch-boundaries-for-covered-defects x tests/test_decision_records.py::test_dr_202_records_the_requirement_id_decision_as_resolved
    the test's module imports no first-party module, the test takes no fixture, and it references no name defined in src/acceptance/defects/pair_mapping.py — no path to the defect exists
  [prefiltered] batch-questions-in-existing-group-sizes/ranked-walk-bypasses-batch-boundaries-for-covered-defects x tests/test_rank_prefilter_findings.py::test_the_findings_record_that_the_ranking_holds_without_input_type
    the test's module imports no first-party module, the test takes no fixture, and it references no name defined in src/acceptance/defects/pair_mapping.py — no path to the defect exists
  [prefiltered] batch-questions-in-existing-group-sizes/ranked-walk-bypasses-batch-boundaries-for-covered-defects x tests/test_rank_prefilter_findings.py::test_the_findings_record_the_embedding_model_the_review_ranks_with
    the test's module imports no first-party module, the test takes no fixture, and it references no name defined in src/acceptance/defects/pair_mapping.py — no path to the defect exists
  [prefiltered] batch-questions-in-existing-group-sizes/ranked-walk-bypasses-batch-boundaries-for-covered-defects x tests/test_rank_prefilter_findings.py::test_the_findings_record_what_stopping_early_costs_per_covered_defect
    the test's module imports no first-party module, the test takes no fixture, and it references no name defined in src/acceptance/defects/pair_mapping.py — no path to the defect exists
  [prefiltered] batch-questions-in-existing-group-sizes/ranked-walk-bypasses-batch-boundaries-for-covered-defects x tests/test_rank_prefilter_findings.py::test_the_replay_figures_in_the_findings_are_the_ones_the_replay_printed
    the test's module imports no first-party module, the test takes no fixture, and it references no name defined in src/acceptance/defects/pair_mapping.py — no path to the defect exists
  [prefiltered] batch-questions-in-existing-group-sizes/stop-after-kills-not-threaded-through-all-callers x tests/test_decision_records.py::test_dr_202_no_longer_lists_requirement_id_stability_as_open
    the test's module imports no first-party module, the test takes no fixture, and it references no name defined in src/acceptance/cli.py, src/acceptance/pipeline.py — no path to the defect exists
  [prefiltered] batch-questions-in-existing-group-sizes/stop-after-kills-not-threaded-through-all-callers x tests/test_decision_records.py::test_dr_202_records_the_requirement_id_decision_as_resolved
    the test's module imports no first-party module, the test takes no fixture, and it references no name defined in src/acceptance/cli.py, src/acceptance/pipeline.py — no path to the defect exists
  [prefiltered] batch-questions-in-existing-group-sizes/stop-after-kills-not-threaded-through-all-callers x tests/test_rank_prefilter_findings.py::test_the_findings_record_that_the_ranking_holds_without_input_type
    the test's module imports no first-party module, the test takes no fixture, and it references no name defined in src/acceptance/cli.py, src/acceptance/pipeline.py — no path to the defect exists
  [prefiltered] batch-questions-in-existing-group-sizes/stop-after-kills-not-threaded-through-all-callers x tests/test_rank_prefilter_findings.py::test_the_findings_record_the_embedding_model_the_review_ranks_with
    the test's module imports no first-party module, the test takes no fixture, and it references no name defined in src/acceptance/cli.py, src/acceptance/pipeline.py — no path to the defect exists
  [prefiltered] batch-questions-in-existing-group-sizes/stop-after-kills-not-threaded-through-all-callers x tests/test_rank_prefilter_findings.py::test_the_findings_record_what_stopping_early_costs_per_covered_defect
    the test's module imports no first-party module, the test takes no fixture, and it references no name defined in src/acceptance/cli.py, src/acceptance/pipeline.py — no path to the defect exists
  [prefiltered] batch-questions-in-existing-group-sizes/stop-after-kills-not-threaded-through-all-callers x tests/test_rank_prefilter_findings.py::test_the_replay_figures_in_the_findings_are_the_ones_the_replay_printed
    the test's module imports no first-party module, the test takes no fixture, and it references no name defined in src/acceptance/cli.py, src/acceptance/pipeline.py — no path to the defect exists
  [prefiltered] cause-names-rank-and-tests/rank-and-covered-tests-not-stored-on-unjudged-pairs x tests/test_decision_records.py::test_dr_202_no_longer_lists_requirement_id_stability_as_open
    the test's module imports no first-party module, the test takes no fixture, and it references no name defined in src/acceptance/defects/pair_mapping.py, src/acceptance/review_state.py — no path to the defect exists
  [prefiltered] cause-names-rank-and-tests/rank-and-covered-tests-not-stored-on-unjudged-pairs x tests/test_decision_records.py::test_dr_202_records_the_requirement_id_decision_as_resolved
    the test's module imports no first-party module, the test takes no fixture, and it references no name defined in src/acceptance/defects/pair_mapping.py, src/acceptance/review_state.py — no path to the defect exists
  [prefiltered] cause-names-rank-and-tests/rank-and-covered-tests-not-stored-on-unjudged-pairs x tests/test_rank_prefilter_findings.py::test_the_findings_record_that_the_ranking_holds_without_input_type
    the test's module imports no first-party module, the test takes no fixture, and it references no name defined in src/acceptance/defects/pair_mapping.py, src/acceptance/review_state.py — no path to the defect exists
  [prefiltered] cause-names-rank-and-tests/rank-and-covered-tests-not-stored-on-unjudged-pairs x tests/test_rank_prefilter_findings.py::test_the_findings_record_the_embedding_model_the_review_ranks_with
    the test's module imports no first-party module, the test takes no fixture, and it references no name defined in src/acceptance/defects/pair_mapping.py, src/acceptance/review_state.py — no path to the defect exists
  [prefiltered] cause-names-rank-and-tests/rank-and-covered-tests-not-stored-on-unjudged-pairs x tests/test_rank_prefilter_findings.py::test_the_findings_record_what_stopping_early_costs_per_covered_defect
    the test's module imports no first-party module, the test takes no fixture, and it references no name defined in src/acceptance/defects/pair_mapping.py, src/acceptance/review_state.py — no path to the defect exists
  [prefiltered] cause-names-rank-and-tests/rank-and-covered-tests-not-stored-on-unjudged-pairs x tests/test_rank_prefilter_findings.py::test_the_replay_figures_in_the_findings_are_the_ones_the_replay_printed
    the test's module imports no first-party module, the test takes no fixture, and it references no name defined in src/acceptance/defects/pair_mapping.py, src/acceptance/review_state.py — no path to the defect exists
  [prefiltered] cause-names-rank-and-tests/report-omits-rank-or-covered-tests-for-covered-skips x tests/test_decision_records.py::test_dr_202_no_longer_lists_requirement_id_stability_as_open
    the test's module imports no first-party module, the test takes no fixture, and it references no name defined in src/acceptance/report.py — no path to the defect exists
  [prefiltered] cause-names-rank-and-tests/report-omits-rank-or-covered-tests-for-covered-skips x tests/test_decision_records.py::test_dr_202_records_the_requirement_id_decision_as_resolved
    the test's module imports no first-party module, the test takes no fixture, and it references no name defined in src/acceptance/report.py — no path to the defect exists
  [prefiltered] cause-names-rank-and-tests/report-omits-rank-or-covered-tests-for-covered-skips x tests/test_rank_prefilter_findings.py::test_the_findings_record_that_the_ranking_holds_without_input_type
    the test's module imports no first-party module, the test takes no fixture, and it references no name defined in src/acceptance/report.py — no path to the defect exists
  [prefiltered] cause-names-rank-and-tests/report-omits-rank-or-covered-tests-for-covered-skips x tests/test_rank_prefilter_findings.py::test_the_findings_record_the_embedding_model_the_review_ranks_with
    the test's module imports no first-party module, the test takes no fixture, and it references no name defined in src/acceptance/report.py — no path to the defect exists
  [prefiltered] cause-names-rank-and-tests/report-omits-rank-or-covered-tests-for-covered-skips x tests/test_rank_prefilter_findings.py::test_the_findings_record_what_stopping_early_costs_per_covered_defect
    the test's module imports no first-party module, the test takes no fixture, and it references no name defined in src/acceptance/report.py — no path to the defect exists
  [prefiltered] cause-names-rank-and-tests/report-omits-rank-or-covered-tests-for-covered-skips x tests/test_rank_prefilter_findings.py::test_the_replay_figures_in_the_findings_are_the_ones_the_replay_printed
    the test's module imports no first-party module, the test takes no fixture, and it references no name defined in src/acceptance/report.py — no path to the defect exists
  [prefiltered] cause-only-on-defects-with-configured-catching-tests/missing-coverage-check-on-unjudged-cause x tests/test_decision_records.py::test_dr_202_no_longer_lists_requirement_id_stability_as_open
    the test's module imports no first-party module, the test takes no fixture, and it references no name defined in src/acceptance/defects/support.py, src/acceptance/review_state.py — no path to the defect exists
  [prefiltered] cause-only-on-defects-with-configured-catching-tests/missing-coverage-check-on-unjudged-cause x tests/test_decision_records.py::test_dr_202_records_the_requirement_id_decision_as_resolved
    the test's module imports no first-party module, the test takes no fixture, and it references no name defined in src/acceptance/defects/support.py, src/acceptance/review_state.py — no path to the defect exists
  [prefiltered] cause-only-on-defects-with-configured-catching-tests/missing-coverage-check-on-unjudged-cause x tests/test_rank_prefilter_findings.py::test_the_findings_record_that_the_ranking_holds_without_input_type
    the test's module imports no first-party module, the test takes no fixture, and it references no name defined in src/acceptance/defects/support.py, src/acceptance/review_state.py — no path to the defect exists
  [prefiltered] cause-only-on-defects-with-configured-catching-tests/missing-coverage-check-on-unjudged-cause x tests/test_rank_prefilter_findings.py::test_the_findings_record_the_embedding_model_the_review_ranks_with
    the test's module imports no first-party module, the test takes no fixture, and it references no name defined in src/acceptance/defects/support.py, src/acceptance/review_state.py — no path to the defect exists
  [prefiltered] cause-only-on-defects-with-configured-catching-tests/missing-coverage-check-on-unjudged-cause x tests/test_rank_prefilter_findings.py::test_the_findings_record_what_stopping_early_costs_per_covered_defect
    the test's module imports no first-party module, the test takes no fixture, and it references no name defined in src/acceptance/defects/support.py, src/acceptance/review_state.py — no path to the defect exists
  [prefiltered] cause-only-on-defects-with-configured-catching-tests/missing-coverage-check-on-unjudged-cause x tests/test_rank_prefilter_findings.py::test_the_replay_figures_in_the_findings_are_the_ones_the_replay_printed
    the test's module imports no first-party module, the test takes no fixture, and it references no name defined in src/acceptance/defects/support.py, src/acceptance/review_state.py — no path to the defect exists
  [prefiltered] default-number-is-one/default-stop-count-not-one x tests/test_decision_records.py::test_dr_202_no_longer_lists_requirement_id_stability_as_open
    the test's module imports no first-party module, the test takes no fixture, and it references no name defined in src/acceptance/cli.py, src/acceptance/config.py, src/acceptance/defects/pair_ranking.py, src/acceptance/pipeline.py — no path to the defect exists
  [prefiltered] default-number-is-one/default-stop-count-not-one x tests/test_decision_records.py::test_dr_202_records_the_requirement_id_decision_as_resolved
    the test's module imports no first-party module, the test takes no fixture, and it references no name defined in src/acceptance/cli.py, src/acceptance/config.py, src/acceptance/defects/pair_ranking.py, src/acceptance/pipeline.py — no path to the defect exists
  [prefiltered] default-number-is-one/default-stop-count-not-one x tests/test_rank_prefilter_findings.py::test_the_findings_record_that_the_ranking_holds_without_input_type
    the test's module imports no first-party module, the test takes no fixture, and it references no name defined in src/acceptance/cli.py, src/acceptance/config.py, src/acceptance/defects/pair_ranking.py, src/acceptance/pipeline.py — no path to the defect exists
  [prefiltered] default-number-is-one/default-stop-count-not-one x tests/test_rank_prefilter_findings.py::test_the_findings_record_the_embedding_model_the_review_ranks_with
    the test's module imports no first-party module, the test takes no fixture, and it references no name defined in src/acceptance/cli.py, src/acceptance/config.py, src/acceptance/defects/pair_ranking.py, src/acceptance/pipeline.py — no path to the defect exists
  [prefiltered] default-number-is-one/default-stop-count-not-one x tests/test_rank_prefilter_findings.py::test_the_findings_record_what_stopping_early_costs_per_covered_defect
    the test's module imports no first-party module, the test takes no fixture, and it references no name defined in src/acceptance/cli.py, src/acceptance/config.py, src/acceptance/defects/pair_ranking.py, src/acceptance/pipeline.py — no path to the defect exists
  [prefiltered] default-number-is-one/default-stop-count-not-one x tests/test_rank_prefilter_findings.py::test_the_replay_figures_in_the_findings_are_the_ones_the_replay_printed
    the test's module imports no first-party module, the test takes no fixture, and it references no name defined in src/acceptance/cli.py, src/acceptance/config.py, src/acceptance/defects/pair_ranking.py, src/acceptance/pipeline.py — no path to the defect exists
  [prefiltered] defect-rating-unchanged/covered-skip-counted-as-unknown x tests/test_decision_records.py::test_dr_202_no_longer_lists_requirement_id_stability_as_open
    the test's module imports no first-party module, the test takes no fixture, and it references no name defined in src/acceptance/defects/support.py, src/acceptance/report.py, src/acceptance/review_state.py — no path to the defect exists
  [prefiltered] defect-rating-unchanged/covered-skip-counted-as-unknown x tests/test_decision_records.py::test_dr_202_records_the_requirement_id_decision_as_resolved
    the test's module imports no first-party module, the test takes no fixture, and it references no name defined in src/acceptance/defects/support.py, src/acceptance/report.py, src/acceptance/review_state.py — no path to the defect exists
  [prefiltered] defect-rating-unchanged/covered-skip-counted-as-unknown x tests/test_rank_prefilter_findings.py::test_the_findings_record_that_the_ranking_holds_without_input_type
    the test's module imports no first-party module, the test takes no fixture, and it references no name defined in src/acceptance/defects/support.py, src/acceptance/report.py, src/acceptance/review_state.py — no path to the defect exists
  [prefiltered] defect-rating-unchanged/covered-skip-counted-as-unknown x tests/test_rank_prefilter_findings.py::test_the_findings_record_the_embedding_model_the_review_ranks_with
    the test's module imports no first-party module, the test takes no fixture, and it references no name defined in src/acceptance/defects/support.py, src/acceptance/report.py, src/acceptance/review_state.py — no path to the defect exists
  [prefiltered] defect-rating-unchanged/covered-skip-counted-as-unknown x tests/test_rank_prefilter_findings.py::test_the_findings_record_what_stopping_early_costs_per_covered_defect
    the test's module imports no first-party module, the test takes no fixture, and it references no name defined in src/acceptance/defects/support.py, src/acceptance/report.py, src/acceptance/review_state.py — no path to the defect exists
  [prefiltered] defect-rating-unchanged/covered-skip-counted-as-unknown x tests/test_rank_prefilter_findings.py::test_the_replay_figures_in_the_findings_are_the_ones_the_replay_printed
    the test's module imports no first-party module, the test takes no fixture, and it references no name defined in src/acceptance/defects/support.py, src/acceptance/report.py, src/acceptance/review_state.py — no path to the defect exists
  [prefiltered] defect-rating-unchanged/covered-skip-not-validated-against-kills x tests/test_decision_records.py::test_dr_202_no_longer_lists_requirement_id_stability_as_open
    the test's module imports no first-party module, the test takes no fixture, and it references no name defined in src/acceptance/defects/pair_mapping.py, src/acceptance/defects/support.py, src/acceptance/review_state.py — no path to the defect exists
  [prefiltered] defect-rating-unchanged/covered-skip-not-validated-against-kills x tests/test_decision_records.py::test_dr_202_records_the_requirement_id_decision_as_resolved
    the test's module imports no first-party module, the test takes no fixture, and it references no name defined in src/acceptance/defects/pair_mapping.py, src/acceptance/defects/support.py, src/acceptance/review_state.py — no path to the defect exists
  [prefiltered] defect-rating-unchanged/covered-skip-not-validated-against-kills x tests/test_rank_prefilter_findings.py::test_the_findings_record_that_the_ranking_holds_without_input_type
    the test's module imports no first-party module, the test takes no fixture, and it references no name defined in src/acceptance/defects/pair_mapping.py, src/acceptance/defects/support.py, src/acceptance/review_state.py — no path to the defect exists
  [prefiltered] defect-rating-unchanged/covered-skip-not-validated-against-kills x tests/test_rank_prefilter_findings.py::test_the_findings_record_the_embedding_model_the_review_ranks_with
    the test's module imports no first-party module, the test takes no fixture, and it references no name defined in src/acceptance/defects/pair_mapping.py, src/acceptance/defects/support.py, src/acceptance/review_state.py — no path to the defect exists
  [prefiltered] defect-rating-unchanged/covered-skip-not-validated-against-kills x tests/test_rank_prefilter_findings.py::test_the_findings_record_what_stopping_early_costs_per_covered_defect
    the test's module imports no first-party module, the test takes no fixture, and it references no name defined in src/acceptance/defects/pair_mapping.py, src/acceptance/defects/support.py, src/acceptance/review_state.py — no path to the defect exists
  [prefiltered] defect-rating-unchanged/covered-skip-not-validated-against-kills x tests/test_rank_prefilter_findings.py::test_the_replay_figures_in_the_findings_are_the_ones_the_replay_printed
    the test's module imports no first-party module, the test takes no fixture, and it references no name defined in src/acceptance/defects/pair_mapping.py, src/acceptance/defects/support.py, src/acceptance/review_state.py — no path to the defect exists
  [prefiltered] deterministic-embedding-replay/embedding-cache-not-replayed-in-record-mode x tests/test_decision_records.py::test_dr_202_no_longer_lists_requirement_id_stability_as_open
    the test's module imports no first-party module, the test takes no fixture, and it references no name defined in docs/experiments/rank-prefilter/replay_stop_rule.py, src/acceptance/defects/pair_ranking.py — no path to the defect exists
  [prefiltered] deterministic-embedding-replay/embedding-cache-not-replayed-in-record-mode x tests/test_decision_records.py::test_dr_202_records_the_requirement_id_decision_as_resolved
    the test's module imports no first-party module, the test takes no fixture, and it references no name defined in docs/experiments/rank-prefilter/replay_stop_rule.py, src/acceptance/defects/pair_ranking.py — no path to the defect exists
  [prefiltered] deterministic-embedding-replay/embedding-cache-not-replayed-in-record-mode x tests/test_rank_prefilter_findings.py::test_the_findings_record_that_the_ranking_holds_without_input_type
    the test's module imports no first-party module, the test takes no fixture, and it references no name defined in docs/experiments/rank-prefilter/replay_stop_rule.py, src/acceptance/defects/pair_ranking.py — no path to the defect exists
  [prefiltered] deterministic-embedding-replay/embedding-cache-not-replayed-in-record-mode x tests/test_rank_prefilter_findings.py::test_the_findings_record_the_embedding_model_the_review_ranks_with
    the test's module imports no first-party module, the test takes no fixture, and it references no name defined in docs/experiments/rank-prefilter/replay_stop_rule.py, src/acceptance/defects/pair_ranking.py — no path to the defect exists
  [prefiltered] deterministic-embedding-replay/embedding-cache-not-replayed-in-record-mode x tests/test_rank_prefilter_findings.py::test_the_findings_record_what_stopping_early_costs_per_covered_defect
    the test's module imports no first-party module, the test takes no fixture, and it references no name defined in docs/experiments/rank-prefilter/replay_stop_rule.py, src/acceptance/defects/pair_ranking.py — no path to the defect exists
  [prefiltered] deterministic-embedding-replay/embedding-cache-not-replayed-in-record-mode x tests/test_rank_prefilter_findings.py::test_the_replay_figures_in_the_findings_are_the_ones_the_replay_printed
    the test's module imports no first-party module, the test takes no fixture, and it references no name defined in docs/experiments/rank-prefilter/replay_stop_rule.py, src/acceptance/defects/pair_ranking.py — no path to the defect exists
  [prefiltered] deterministic-embedding-replay/embedding-request-shape-not-stable x tests/test_decision_records.py::test_dr_202_no_longer_lists_requirement_id_stability_as_open
    the test's module imports no first-party module, the test takes no fixture, and it references no name defined in docs/experiments/rank-prefilter/score_rank.py, src/acceptance/defects/pair_mapping.py, src/acceptance/defects/pair_ranking.py — no path to the defect exists
  [prefiltered] deterministic-embedding-replay/embedding-request-shape-not-stable x tests/test_decision_records.py::test_dr_202_records_the_requirement_id_decision_as_resolved
    the test's module imports no first-party module, the test takes no fixture, and it references no name defined in docs/experiments/rank-prefilter/score_rank.py, src/acceptance/defects/pair_mapping.py, src/acceptance/defects/pair_ranking.py — no path to the defect exists
  [prefiltered] deterministic-embedding-replay/embedding-request-shape-not-stable x tests/test_rank_prefilter_findings.py::test_the_findings_record_that_the_ranking_holds_without_input_type
    the test's module imports no first-party module, the test takes no fixture, and it references no name defined in docs/experiments/rank-prefilter/score_rank.py, src/acceptance/defects/pair_mapping.py, src/acceptance/defects/pair_ranking.py — no path to the defect exists
  [prefiltered] deterministic-embedding-replay/embedding-request-shape-not-stable x tests/test_rank_prefilter_findings.py::test_the_findings_record_the_embedding_model_the_review_ranks_with
    the test's module imports no first-party module, the test takes no fixture, and it references no name defined in docs/experiments/rank-prefilter/score_rank.py, src/acceptance/defects/pair_mapping.py, src/acceptance/defects/pair_ranking.py — no path to the defect exists
  [prefiltered] deterministic-embedding-replay/embedding-request-shape-not-stable x tests/test_rank_prefilter_findings.py::test_the_findings_record_what_stopping_early_costs_per_covered_defect
    the test's module imports no first-party module, the test takes no fixture, and it references no name defined in docs/experiments/rank-prefilter/score_rank.py, src/acceptance/defects/pair_mapping.py, src/acceptance/defects/pair_ranking.py — no path to the defect exists
  [prefiltered] deterministic-embedding-replay/embedding-request-shape-not-stable x tests/test_rank_prefilter_findings.py::test_the_replay_figures_in_the_findings_are_the_ones_the_replay_printed
    the test's module imports no first-party module, the test takes no fixture, and it references no name defined in docs/experiments/rank-prefilter/score_rank.py, src/acceptance/defects/pair_mapping.py, src/acceptance/defects/pair_ranking.py — no path to the defect exists
  [prefiltered] docs-ranking-experiment-findings/missing-review-sent-embedding-result x tests/test_decision_records.py::test_dr_202_no_longer_lists_requirement_id_stability_as_open
    the test's module imports no first-party module, the test takes no fixture, and it references no name defined in docs/experiments/rank-prefilter/FINDINGS.md — no path to the defect exists
  [prefiltered] docs-ranking-experiment-findings/missing-review-sent-embedding-result x tests/test_decision_records.py::test_dr_202_records_the_requirement_id_decision_as_resolved
    the test's module imports no first-party module, the test takes no fixture, and it references no name defined in docs/experiments/rank-prefilter/FINDINGS.md — no path to the defect exists
  [prefiltered] docs-ranking-experiment-findings/missing-review-sent-embedding-result x tests/test_rank_prefilter_findings.py::test_the_findings_record_that_the_ranking_holds_without_input_type
    the test's module imports no first-party module, the test takes no fixture, and it references no name defined in docs/experiments/rank-prefilter/FINDINGS.md — no path to the defect exists
  [prefiltered] docs-ranking-experiment-findings/missing-review-sent-embedding-result x tests/test_rank_prefilter_findings.py::test_the_findings_record_the_embedding_model_the_review_ranks_with
    the test's module imports no first-party module, the test takes no fixture, and it references no name defined in docs/experiments/rank-prefilter/FINDINGS.md — no path to the defect exists
  [prefiltered] docs-ranking-experiment-findings/missing-review-sent-embedding-result x tests/test_rank_prefilter_findings.py::test_the_findings_record_what_stopping_early_costs_per_covered_defect
    the test's module imports no first-party module, the test takes no fixture, and it references no name defined in docs/experiments/rank-prefilter/FINDINGS.md — no path to the defect exists
  [prefiltered] docs-ranking-experiment-findings/missing-review-sent-embedding-result x tests/test_rank_prefilter_findings.py::test_the_replay_figures_in_the_findings_are_the_ones_the_replay_printed
    the test's module imports no first-party module, the test takes no fixture, and it references no name defined in docs/experiments/rank-prefilter/FINDINGS.md — no path to the defect exists
  [prefiltered] docs-ranking-experiment-findings/stop-rule-results-not-reflected-in-findings x tests/test_decision_records.py::test_dr_202_no_longer_lists_requirement_id_stability_as_open
    the test's module imports no first-party module, the test takes no fixture, and it references no name defined in docs/experiments/rank-prefilter/FINDINGS.md — no path to the defect exists
  [prefiltered] docs-ranking-experiment-findings/stop-rule-results-not-reflected-in-findings x tests/test_decision_records.py::test_dr_202_records_the_requirement_id_decision_as_resolved
    the test's module imports no first-party module, the test takes no fixture, and it references no name defined in docs/experiments/rank-prefilter/FINDINGS.md — no path to the defect exists
  [prefiltered] docs-ranking-experiment-findings/stop-rule-results-not-reflected-in-findings x tests/test_rank_prefilter_findings.py::test_the_findings_record_that_the_ranking_holds_without_input_type
    the test's module imports no first-party module, the test takes no fixture, and it references no name defined in docs/experiments/rank-prefilter/FINDINGS.md — no path to the defect exists
  [prefiltered] docs-ranking-experiment-findings/stop-rule-results-not-reflected-in-findings x tests/test_rank_prefilter_findings.py::test_the_findings_record_the_embedding_model_the_review_ranks_with
    the test's module imports no first-party module, the test takes no fixture, and it references no name defined in docs/experiments/rank-prefilter/FINDINGS.md — no path to the defect exists
  [prefiltered] docs-ranking-experiment-findings/stop-rule-results-not-reflected-in-findings x tests/test_rank_prefilter_findings.py::test_the_findings_record_what_stopping_early_costs_per_covered_defect
    the test's module imports no first-party module, the test takes no fixture, and it references no name defined in docs/experiments/rank-prefilter/FINDINGS.md — no path to the defect exists
  [prefiltered] docs-ranking-experiment-findings/stop-rule-results-not-reflected-in-findings x tests/test_rank_prefilter_findings.py::test_the_replay_figures_in_the_findings_are_the_ones_the_replay_printed
    the test's module imports no first-party module, the test takes no fixture, and it references no name defined in docs/experiments/rank-prefilter/FINDINGS.md — no path to the defect exists
  [prefiltered] embedding-request-unchanged/embedding-request-unchanged-criterion-not-applied-to-ranking-path x tests/test_decision_records.py::test_dr_202_no_longer_lists_requirement_id_stability_as_open
    the test's module imports no first-party module, the test takes no fixture, and it references no name defined in src/acceptance/cli.py, src/acceptance/defects/pair_mapping.py, src/acceptance/defects/pair_ranking.py, src/acceptance/pipeline.py — no path to the defect exists
  [prefiltered] embedding-request-unchanged/embedding-request-unchanged-criterion-not-applied-to-ranking-path x tests/test_decision_records.py::test_dr_202_records_the_requirement_id_decision_as_resolved
    the test's module imports no first-party module, the test takes no fixture, and it references no name defined in src/acceptance/cli.py, src/acceptance/defects/pair_mapping.py, src/acceptance/defects/pair_ranking.py, src/acceptance/pipeline.py — no path to the defect exists
  [prefiltered] embedding-request-unchanged/embedding-request-unchanged-criterion-not-applied-to-ranking-path x tests/test_rank_prefilter_findings.py::test_the_findings_record_that_the_ranking_holds_without_input_type
    the test's module imports no first-party module, the test takes no fixture, and it references no name defined in src/acceptance/cli.py, src/acceptance/defects/pair_mapping.py, src/acceptance/defects/pair_ranking.py, src/acceptance/pipeline.py — no path to the defect exists
  [prefiltered] embedding-request-unchanged/embedding-request-unchanged-criterion-not-applied-to-ranking-path x tests/test_rank_prefilter_findings.py::test_the_findings_record_the_embedding_model_the_review_ranks_with
    the test's module imports no first-party module, the test takes no fixture, and it references no name defined in src/acceptance/cli.py, src/acceptance/defects/pair_mapping.py, src/acceptance/defects/pair_ranking.py, src/acceptance/pipeline.py — no path to the defect exists
  [prefiltered] embedding-request-unchanged/embedding-request-unchanged-criterion-not-applied-to-ranking-path x tests/test_rank_prefilter_findings.py::test_the_findings_record_what_stopping_early_costs_per_covered_defect
    the test's module imports no first-party module, the test takes no fixture, and it references no name defined in src/acceptance/cli.py, src/acceptance/defects/pair_mapping.py, src/acceptance/defects/pair_ranking.py, src/acceptance/pipeline.py — no path to the defect exists
  [prefiltered] embedding-request-unchanged/embedding-request-unchanged-criterion-not-applied-to-ranking-path x tests/test_rank_prefilter_findings.py::test_the_replay_figures_in_the_findings_are_the_ones_the_replay_printed
    the test's module imports no first-party module, the test takes no fixture, and it references no name defined in src/acceptance/cli.py, src/acceptance/defects/pair_mapping.py, src/acceptance/defects/pair_ranking.py, src/acceptance/pipeline.py — no path to the defect exists
  [prefiltered] embedding-request-unchanged/ranking-uses-symmetric-default-instead-of-written-asymmetric-form x tests/test_decision_records.py::test_dr_202_no_longer_lists_requirement_id_stability_as_open
    the test's module imports no first-party module, the test takes no fixture, and it references no name defined in docs/experiments/rank-prefilter/FINDINGS.md, docs/experiments/rank-prefilter/score_rank.py, src/acceptance/defects/pair_ranking.py — no path to the defect exists
  [prefiltered] embedding-request-unchanged/ranking-uses-symmetric-default-instead-of-written-asymmetric-form x tests/test_decision_records.py::test_dr_202_records_the_requirement_id_decision_as_resolved
    the test's module imports no first-party module, the test takes no fixture, and it references no name defined in docs/experiments/rank-prefilter/FINDINGS.md, docs/experiments/rank-prefilter/score_rank.py, src/acceptance/defects/pair_ranking.py — no path to the defect exists
  [prefiltered] embedding-request-unchanged/ranking-uses-symmetric-default-instead-of-written-asymmetric-form x tests/test_rank_prefilter_findings.py::test_the_findings_record_that_the_ranking_holds_without_input_type
    the test's module imports no first-party module, the test takes no fixture, and it references no name defined in docs/experiments/rank-prefilter/FINDINGS.md, docs/experiments/rank-prefilter/score_rank.py, src/acceptance/defects/pair_ranking.py — no path to the defect exists
  [prefiltered] embedding-request-unchanged/ranking-uses-symmetric-default-instead-of-written-asymmetric-form x tests/test_rank_prefilter_findings.py::test_the_findings_record_the_embedding_model_the_review_ranks_with
    the test's module imports no first-party module, the test takes no fixture, and it references no name defined in docs/experiments/rank-prefilter/FINDINGS.md, docs/experiments/rank-prefilter/score_rank.py, src/acceptance/defects/pair_ranking.py — no path to the defect exists
  [prefiltered] embedding-request-unchanged/ranking-uses-symmetric-default-instead-of-written-asymmetric-form x tests/test_rank_prefilter_findings.py::test_the_findings_record_what_stopping_early_costs_per_covered_defect
    the test's module imports no first-party module, the test takes no fixture, and it references no name defined in docs/experiments/rank-prefilter/FINDINGS.md, docs/experiments/rank-prefilter/score_rank.py, src/acceptance/defects/pair_ranking.py — no path to the defect exists
  [prefiltered] embedding-request-unchanged/ranking-uses-symmetric-default-instead-of-written-asymmetric-form x tests/test_rank_prefilter_findings.py::test_the_replay_figures_in_the_findings_are_the_ones_the_replay_printed
    the test's module imports no first-party module, the test takes no fixture, and it references no name defined in docs/experiments/rank-prefilter/FINDINGS.md, docs/experiments/rank-prefilter/score_rank.py, src/acceptance/defects/pair_ranking.py — no path to the defect exists
  [prefiltered] embedding-request-unchanged/stop-after-kills-changes-request-set x tests/test_decision_records.py::test_dr_202_no_longer_lists_requirement_id_stability_as_open
    the test's module imports no first-party module, the test takes no fixture, and it references no name defined in src/acceptance/defects/pair_mapping.py, src/acceptance/pipeline.py — no path to the defect exists
  [prefiltered] embedding-request-unchanged/stop-after-kills-changes-request-set x tests/test_decision_records.py::test_dr_202_records_the_requirement_id_decision_as_resolved
    the test's module imports no first-party module, the test takes no fixture, and it references no name defined in src/acceptance/defects/pair_mapping.py, src/acceptance/pipeline.py — no path to the defect exists
  [prefiltered] embedding-request-unchanged/stop-after-kills-changes-request-set x tests/test_rank_prefilter_findings.py::test_the_findings_record_that_the_ranking_holds_without_input_type
    the test's module imports no first-party module, the test takes no fixture, and it references no name defined in src/acceptance/defects/pair_mapping.py, src/acceptance/pipeline.py — no path to the defect exists
  [prefiltered] embedding-request-unchanged/stop-after-kills-changes-request-set x tests/test_rank_prefilter_findings.py::test_the_findings_record_the_embedding_model_the_review_ranks_with
    the test's module imports no first-party module, the test takes no fixture, and it references no name defined in src/acceptance/defects/pair_mapping.py, src/acceptance/pipeline.py — no path to the defect exists
  [prefiltered] embedding-request-unchanged/stop-after-kills-changes-request-set x tests/test_rank_prefilter_findings.py::test_the_findings_record_what_stopping_early_costs_per_covered_defect
    the test's module imports no first-party module, the test takes no fixture, and it references no name defined in src/acceptance/defects/pair_mapping.py, src/acceptance/pipeline.py — no path to the defect exists
  [prefiltered] embedding-request-unchanged/stop-after-kills-changes-request-set x tests/test_rank_prefilter_findings.py::test_the_replay_figures_in_the_findings_are_the_ones_the_replay_printed
    the test's module imports no first-party module, the test takes no fixture, and it references no name defined in src/acceptance/defects/pair_mapping.py, src/acceptance/pipeline.py — no path to the defect exists
  [prefiltered] leftover-pairs-only/already-covered-skips-not-preserved-through-support x tests/test_decision_records.py::test_dr_202_no_longer_lists_requirement_id_stability_as_open
    the test's module imports no first-party module, the test takes no fixture, and it references no name defined in src/acceptance/defects/support.py, src/acceptance/report.py, src/acceptance/review_state.py — no path to the defect exists
  [prefiltered] leftover-pairs-only/already-covered-skips-not-preserved-through-support x tests/test_decision_records.py::test_dr_202_records_the_requirement_id_decision_as_resolved
    the test's module imports no first-party module, the test takes no fixture, and it references no name defined in src/acceptance/defects/support.py, src/acceptance/report.py, src/acceptance/review_state.py — no path to the defect exists
  [prefiltered] leftover-pairs-only/already-covered-skips-not-preserved-through-support x tests/test_rank_prefilter_findings.py::test_the_findings_record_that_the_ranking_holds_without_input_type
    the test's module imports no first-party module, the test takes no fixture, and it references no name defined in src/acceptance/defects/support.py, src/acceptance/report.py, src/acceptance/review_state.py — no path to the defect exists
  [prefiltered] leftover-pairs-only/already-covered-skips-not-preserved-through-support x tests/test_rank_prefilter_findings.py::test_the_findings_record_the_embedding_model_the_review_ranks_with
    the test's module imports no first-party module, the test takes no fixture, and it references no name defined in src/acceptance/defects/support.py, src/acceptance/report.py, src/acceptance/review_state.py — no path to the defect exists
  [prefiltered] leftover-pairs-only/already-covered-skips-not-preserved-through-support x tests/test_rank_prefilter_findings.py::test_the_findings_record_what_stopping_early_costs_per_covered_defect
    the test's module imports no first-party module, the test takes no fixture, and it references no name defined in src/acceptance/defects/support.py, src/acceptance/report.py, src/acceptance/review_state.py — no path to the defect exists
  [prefiltered] leftover-pairs-only/already-covered-skips-not-preserved-through-support x tests/test_rank_prefilter_findings.py::test_the_replay_figures_in_the_findings_are_the_ones_the_replay_printed
    the test's module imports no first-party module, the test takes no fixture, and it references no name defined in src/acceptance/defects/support.py, src/acceptance/report.py, src/acceptance/review_state.py — no path to the defect exists
  [prefiltered] leftover-pairs-only/full-sweep-path-bypasses-leftover-filter x tests/test_decision_records.py::test_dr_202_no_longer_lists_requirement_id_stability_as_open
    the test's module imports no first-party module, the test takes no fixture, and it references no name defined in src/acceptance/cli.py, src/acceptance/pipeline.py — no path to the defect exists
  [prefiltered] leftover-pairs-only/full-sweep-path-bypasses-leftover-filter x tests/test_decision_records.py::test_dr_202_records_the_requirement_id_decision_as_resolved
    the test's module imports no first-party module, the test takes no fixture, and it references no name defined in src/acceptance/cli.py, src/acceptance/pipeline.py — no path to the defect exists
  [prefiltered] leftover-pairs-only/full-sweep-path-bypasses-leftover-filter x tests/test_rank_prefilter_findings.py::test_the_findings_record_that_the_ranking_holds_without_input_type
    the test's module imports no first-party module, the test takes no fixture, and it references no name defined in src/acceptance/cli.py, src/acceptance/pipeline.py — no path to the defect exists
  [prefiltered] leftover-pairs-only/full-sweep-path-bypasses-leftover-filter x tests/test_rank_prefilter_findings.py::test_the_findings_record_the_embedding_model_the_review_ranks_with
    the test's module imports no first-party module, the test takes no fixture, and it references no name defined in src/acceptance/cli.py, src/acceptance/pipeline.py — no path to the defect exists
  [prefiltered] leftover-pairs-only/full-sweep-path-bypasses-leftover-filter x tests/test_rank_prefilter_findings.py::test_the_findings_record_what_stopping_early_costs_per_covered_defect
    the test's module imports no first-party module, the test takes no fixture, and it references no name defined in src/acceptance/cli.py, src/acceptance/pipeline.py — no path to the defect exists
  [prefiltered] leftover-pairs-only/full-sweep-path-bypasses-leftover-filter x tests/test_rank_prefilter_findings.py::test_the_replay_figures_in_the_findings_are_the_ones_the_replay_printed
    the test's module imports no first-party module, the test takes no fixture, and it references no name defined in src/acceptance/cli.py, src/acceptance/pipeline.py — no path to the defect exists
  [prefiltered] leftover-pairs-only/stop-rule-ignores-preexisting-skips x tests/test_decision_records.py::test_dr_202_no_longer_lists_requirement_id_stability_as_open
    the test's module imports no first-party module, the test takes no fixture, and it references no name defined in src/acceptance/defects/pair_mapping.py — no path to the defect exists
  [prefiltered] leftover-pairs-only/stop-rule-ignores-preexisting-skips x tests/test_decision_records.py::test_dr_202_records_the_requirement_id_decision_as_resolved
    the test's module imports no first-party module, the test takes no fixture, and it references no name defined in src/acceptance/defects/pair_mapping.py — no path to the defect exists
  [prefiltered] leftover-pairs-only/stop-rule-ignores-preexisting-skips x tests/test_rank_prefilter_findings.py::test_the_findings_record_that_the_ranking_holds_without_input_type
    the test's module imports no first-party module, the test takes no fixture, and it references no name defined in src/acceptance/defects/pair_mapping.py — no path to the defect exists
  [prefiltered] leftover-pairs-only/stop-rule-ignores-preexisting-skips x tests/test_rank_prefilter_findings.py::test_the_findings_record_the_embedding_model_the_review_ranks_with
    the test's module imports no first-party module, the test takes no fixture, and it references no name defined in src/acceptance/defects/pair_mapping.py — no path to the defect exists
  [prefiltered] leftover-pairs-only/stop-rule-ignores-preexisting-skips x tests/test_rank_prefilter_findings.py::test_the_findings_record_what_stopping_early_costs_per_covered_defect
    the test's module imports no first-party module, the test takes no fixture, and it references no name defined in src/acceptance/defects/pair_mapping.py — no path to the defect exists
  [prefiltered] leftover-pairs-only/stop-rule-ignores-preexisting-skips x tests/test_rank_prefilter_findings.py::test_the_replay_figures_in_the_findings_are_the_ones_the_replay_printed
    the test's module imports no first-party module, the test takes no fixture, and it references no name defined in src/acceptance/defects/pair_mapping.py — no path to the defect exists
  [prefiltered] pairs-asked-about-count-per-defect/asked-count-excludes-unanswered-pairs x tests/test_decision_records.py::test_dr_202_no_longer_lists_requirement_id_stability_as_open
    the test's module imports no first-party module, the test takes no fixture, and it references no name defined in src/acceptance/report.py — no path to the defect exists
  [prefiltered] pairs-asked-about-count-per-defect/asked-count-excludes-unanswered-pairs x tests/test_decision_records.py::test_dr_202_records_the_requirement_id_decision_as_resolved
    the test's module imports no first-party module, the test takes no fixture, and it references no name defined in src/acceptance/report.py — no path to the defect exists
  [prefiltered] pairs-asked-about-count-per-defect/asked-count-excludes-unanswered-pairs x tests/test_rank_prefilter_findings.py::test_the_findings_record_that_the_ranking_holds_without_input_type
    the test's module imports no first-party module, the test takes no fixture, and it references no name defined in src/acceptance/report.py — no path to the defect exists
  [prefiltered] pairs-asked-about-count-per-defect/asked-count-excludes-unanswered-pairs x tests/test_rank_prefilter_findings.py::test_the_findings_record_the_embedding_model_the_review_ranks_with
    the test's module imports no first-party module, the test takes no fixture, and it references no name defined in src/acceptance/report.py — no path to the defect exists
  [prefiltered] pairs-asked-about-count-per-defect/asked-count-excludes-unanswered-pairs x tests/test_rank_prefilter_findings.py::test_the_findings_record_what_stopping_early_costs_per_covered_defect
    the test's module imports no first-party module, the test takes no fixture, and it references no name defined in src/acceptance/report.py — no path to the defect exists
  [prefiltered] pairs-asked-about-count-per-defect/asked-count-excludes-unanswered-pairs x tests/test_rank_prefilter_findings.py::test_the_replay_figures_in_the_findings_are_the_ones_the_replay_printed
    the test's module imports no first-party module, the test takes no fixture, and it references no name defined in src/acceptance/report.py — no path to the defect exists
  [prefiltered] pairs-asked-about-count-per-defect/count-not-shown-for-defects-with-no-verdicts x tests/test_decision_records.py::test_dr_202_no_longer_lists_requirement_id_stability_as_open
    the test's module imports no first-party module, the test takes no fixture, and it references no name defined in src/acceptance/report.py — no path to the defect exists
  [prefiltered] pairs-asked-about-count-per-defect/count-not-shown-for-defects-with-no-verdicts x tests/test_decision_records.py::test_dr_202_records_the_requirement_id_decision_as_resolved
    the test's module imports no first-party module, the test takes no fixture, and it references no name defined in src/acceptance/report.py — no path to the defect exists
  [prefiltered] pairs-asked-about-count-per-defect/count-not-shown-for-defects-with-no-verdicts x tests/test_rank_prefilter_findings.py::test_the_findings_record_that_the_ranking_holds_without_input_type
    the test's module imports no first-party module, the test takes no fixture, and it references no name defined in src/acceptance/report.py — no path to the defect exists
  [prefiltered] pairs-asked-about-count-per-defect/count-not-shown-for-defects-with-no-verdicts x tests/test_rank_prefilter_findings.py::test_the_findings_record_the_embedding_model_the_review_ranks_with
    the test's module imports no first-party module, the test takes no fixture, and it references no name defined in src/acceptance/report.py — no path to the defect exists
  [prefiltered] pairs-asked-about-count-per-defect/count-not-shown-for-defects-with-no-verdicts x tests/test_rank_prefilter_findings.py::test_the_findings_record_what_stopping_early_costs_per_covered_defect
    the test's module imports no first-party module, the test takes no fixture, and it references no name defined in src/acceptance/report.py — no path to the defect exists
  [prefiltered] pairs-asked-about-count-per-defect/count-not-shown-for-defects-with-no-verdicts x tests/test_rank_prefilter_findings.py::test_the_replay_figures_in_the_findings_are_the_ones_the_replay_printed
    the test's module imports no first-party module, the test takes no fixture, and it references no name defined in src/acceptance/report.py — no path to the defect exists
  [prefiltered] pairs-asked-about-count-per-defect/count-only-shown-when-review-exists x tests/test_decision_records.py::test_dr_202_no_longer_lists_requirement_id_stability_as_open
    the test's module imports no first-party module, the test takes no fixture, and it references no name defined in src/acceptance/report.py — no path to the defect exists
  [prefiltered] pairs-asked-about-count-per-defect/count-only-shown-when-review-exists x tests/test_decision_records.py::test_dr_202_records_the_requirement_id_decision_as_resolved
    the test's module imports no first-party module, the test takes no fixture, and it references no name defined in src/acceptance/report.py — no path to the defect exists
  [prefiltered] pairs-asked-about-count-per-defect/count-only-shown-when-review-exists x tests/test_rank_prefilter_findings.py::test_the_findings_record_that_the_ranking_holds_without_input_type
    the test's module imports no first-party module, the test takes no fixture, and it references no name defined in src/acceptance/report.py — no path to the defect exists
  [prefiltered] pairs-asked-about-count-per-defect/count-only-shown-when-review-exists x tests/test_rank_prefilter_findings.py::test_the_findings_record_the_embedding_model_the_review_ranks_with
    the test's module imports no first-party module, the test takes no fixture, and it references no name defined in src/acceptance/report.py — no path to the defect exists
  [prefiltered] pairs-asked-about-count-per-defect/count-only-shown-when-review-exists x tests/test_rank_prefilter_findings.py::test_the_findings_record_what_stopping_early_costs_per_covered_defect
    the test's module imports no first-party module, the test takes no fixture, and it references no name defined in src/acceptance/report.py — no path to the defect exists
  [prefiltered] pairs-asked-about-count-per-defect/count-only-shown-when-review-exists x tests/test_rank_prefilter_findings.py::test_the_replay_figures_in_the_findings_are_the_ones_the_replay_printed
    the test's module imports no first-party module, the test takes no fixture, and it references no name defined in src/acceptance/report.py — no path to the defect exists
  [prefiltered] preserve-candidate-test-set/early-stop-drops-unasked-candidates x tests/test_decision_records.py::test_dr_202_no_longer_lists_requirement_id_stability_as_open
    the test's module imports no first-party module, the test takes no fixture, and it references no name defined in src/acceptance/cli.py, src/acceptance/config.py, src/acceptance/defects/pair_mapping.py, src/acceptance/defects/pair_ranking.py — no path to the defect exists
  [prefiltered] preserve-candidate-test-set/early-stop-drops-unasked-candidates x tests/test_decision_records.py::test_dr_202_records_the_requirement_id_decision_as_resolved
    the test's module imports no first-party module, the test takes no fixture, and it references no name defined in src/acceptance/cli.py, src/acceptance/config.py, src/acceptance/defects/pair_mapping.py, src/acceptance/defects/pair_ranking.py — no path to the defect exists
  [prefiltered] preserve-candidate-test-set/early-stop-drops-unasked-candidates x tests/test_rank_prefilter_findings.py::test_the_findings_record_that_the_ranking_holds_without_input_type
    the test's module imports no first-party module, the test takes no fixture, and it references no name defined in src/acceptance/cli.py, src/acceptance/config.py, src/acceptance/defects/pair_mapping.py, src/acceptance/defects/pair_ranking.py — no path to the defect exists
  [prefiltered] preserve-candidate-test-set/early-stop-drops-unasked-candidates x tests/test_rank_prefilter_findings.py::test_the_findings_record_the_embedding_model_the_review_ranks_with
    the test's module imports no first-party module, the test takes no fixture, and it references no name defined in src/acceptance/cli.py, src/acceptance/config.py, src/acceptance/defects/pair_mapping.py, src/acceptance/defects/pair_ranking.py — no path to the defect exists
  [prefiltered] preserve-candidate-test-set/early-stop-drops-unasked-candidates x tests/test_rank_prefilter_findings.py::test_the_findings_record_what_stopping_early_costs_per_covered_defect
    the test's module imports no first-party module, the test takes no fixture, and it references no name defined in src/acceptance/cli.py, src/acceptance/config.py, src/acceptance/defects/pair_mapping.py, src/acceptance/defects/pair_ranking.py — no path to the defect exists
  [prefiltered] preserve-candidate-test-set/early-stop-drops-unasked-candidates x tests/test_rank_prefilter_findings.py::test_the_replay_figures_in_the_findings_are_the_ones_the_replay_printed
    the test's module imports no first-party module, the test takes no fixture, and it references no name defined in src/acceptance/cli.py, src/acceptance/config.py, src/acceptance/defects/pair_mapping.py, src/acceptance/defects/pair_ranking.py — no path to the defect exists
  [prefiltered] preserve-candidate-test-set/ranking-excludes-tests-not-in-review x tests/test_decision_records.py::test_dr_202_no_longer_lists_requirement_id_stability_as_open
    the test's module imports no first-party module, the test takes no fixture, and it references no name defined in docs/experiments/rank-prefilter/replay_stop_rule.py, src/acceptance/defects/pair_mapping.py, src/acceptance/defects/pair_ranking.py — no path to the defect exists
  [prefiltered] preserve-candidate-test-set/ranking-excludes-tests-not-in-review x tests/test_decision_records.py::test_dr_202_records_the_requirement_id_decision_as_resolved
    the test's module imports no first-party module, the test takes no fixture, and it references no name defined in docs/experiments/rank-prefilter/replay_stop_rule.py, src/acceptance/defects/pair_mapping.py, src/acceptance/defects/pair_ranking.py — no path to the defect exists
  [prefiltered] preserve-candidate-test-set/ranking-excludes-tests-not-in-review x tests/test_rank_prefilter_findings.py::test_the_findings_record_that_the_ranking_holds_without_input_type
    the test's module imports no first-party module, the test takes no fixture, and it references no name defined in docs/experiments/rank-prefilter/replay_stop_rule.py, src/acceptance/defects/pair_mapping.py, src/acceptance/defects/pair_ranking.py — no path to the defect exists
  [prefiltered] preserve-candidate-test-set/ranking-excludes-tests-not-in-review x tests/test_rank_prefilter_findings.py::test_the_findings_record_the_embedding_model_the_review_ranks_with
    the test's module imports no first-party module, the test takes no fixture, and it references no name defined in docs/experiments/rank-prefilter/replay_stop_rule.py, src/acceptance/defects/pair_mapping.py, src/acceptance/defects/pair_ranking.py — no path to the defect exists
  [prefiltered] preserve-candidate-test-set/ranking-excludes-tests-not-in-review x tests/test_rank_prefilter_findings.py::test_the_findings_record_what_stopping_early_costs_per_covered_defect
    the test's module imports no first-party module, the test takes no fixture, and it references no name defined in docs/experiments/rank-prefilter/replay_stop_rule.py, src/acceptance/defects/pair_mapping.py, src/acceptance/defects/pair_ranking.py — no path to the defect exists
  [prefiltered] preserve-candidate-test-set/ranking-excludes-tests-not-in-review x tests/test_rank_prefilter_findings.py::test_the_replay_figures_in_the_findings_are_the_ones_the_replay_printed
    the test's module imports no first-party module, the test takes no fixture, and it references no name defined in docs/experiments/rank-prefilter/replay_stop_rule.py, src/acceptance/defects/pair_mapping.py, src/acceptance/defects/pair_ranking.py — no path to the defect exists
  [prefiltered] prior-catches-not-exposed-to-model/covered-by-leaks-into-prompt x tests/test_decision_records.py::test_dr_202_no_longer_lists_requirement_id_stability_as_open
    the test's module imports no first-party module, the test takes no fixture, and it references no name defined in src/acceptance/defects/pair_mapping.py, src/acceptance/report.py, src/acceptance/review_state.py — no path to the defect exists
  [prefiltered] prior-catches-not-exposed-to-model/covered-by-leaks-into-prompt x tests/test_decision_records.py::test_dr_202_records_the_requirement_id_decision_as_resolved
    the test's module imports no first-party module, the test takes no fixture, and it references no name defined in src/acceptance/defects/pair_mapping.py, src/acceptance/report.py, src/acceptance/review_state.py — no path to the defect exists
  [prefiltered] prior-catches-not-exposed-to-model/covered-by-leaks-into-prompt x tests/test_rank_prefilter_findings.py::test_the_findings_record_that_the_ranking_holds_without_input_type
    the test's module imports no first-party module, the test takes no fixture, and it references no name defined in src/acceptance/defects/pair_mapping.py, src/acceptance/report.py, src/acceptance/review_state.py — no path to the defect exists
  [prefiltered] prior-catches-not-exposed-to-model/covered-by-leaks-into-prompt x tests/test_rank_prefilter_findings.py::test_the_findings_record_the_embedding_model_the_review_ranks_with
    the test's module imports no first-party module, the test takes no fixture, and it references no name defined in src/acceptance/defects/pair_mapping.py, src/acceptance/report.py, src/acceptance/review_state.py — no path to the defect exists
  [prefiltered] prior-catches-not-exposed-to-model/covered-by-leaks-into-prompt x tests/test_rank_prefilter_findings.py::test_the_findings_record_what_stopping_early_costs_per_covered_defect
    the test's module imports no first-party module, the test takes no fixture, and it references no name defined in src/acceptance/defects/pair_mapping.py, src/acceptance/report.py, src/acceptance/review_state.py — no path to the defect exists
  [prefiltered] prior-catches-not-exposed-to-model/covered-by-leaks-into-prompt x tests/test_rank_prefilter_findings.py::test_the_replay_figures_in_the_findings_are_the_ones_the_replay_printed
    the test's module imports no first-party module, the test takes no fixture, and it references no name defined in src/acceptance/defects/pair_mapping.py, src/acceptance/report.py, src/acceptance/review_state.py — no path to the defect exists
  [prefiltered] prior-catches-not-exposed-to-model/ranked-stop-ask-path-forwards-covered-by x tests/test_decision_records.py::test_dr_202_no_longer_lists_requirement_id_stability_as_open
    the test's module imports no first-party module, the test takes no fixture, and it references no name defined in src/acceptance/defects/pair_mapping.py, src/acceptance/review_state.py — no path to the defect exists
  [prefiltered] prior-catches-not-exposed-to-model/ranked-stop-ask-path-forwards-covered-by x tests/test_decision_records.py::test_dr_202_records_the_requirement_id_decision_as_resolved
    the test's module imports no first-party module, the test takes no fixture, and it references no name defined in src/acceptance/defects/pair_mapping.py, src/acceptance/review_state.py — no path to the defect exists
  [prefiltered] prior-catches-not-exposed-to-model/ranked-stop-ask-path-forwards-covered-by x tests/test_rank_prefilter_findings.py::test_the_findings_record_that_the_ranking_holds_without_input_type
    the test's module imports no first-party module, the test takes no fixture, and it references no name defined in src/acceptance/defects/pair_mapping.py, src/acceptance/review_state.py — no path to the defect exists
  [prefiltered] prior-catches-not-exposed-to-model/ranked-stop-ask-path-forwards-covered-by x tests/test_rank_prefilter_findings.py::test_the_findings_record_the_embedding_model_the_review_ranks_with
    the test's module imports no first-party module, the test takes no fixture, and it references no name defined in src/acceptance/defects/pair_mapping.py, src/acceptance/review_state.py — no path to the defect exists
  [prefiltered] prior-catches-not-exposed-to-model/ranked-stop-ask-path-forwards-covered-by x tests/test_rank_prefilter_findings.py::test_the_findings_record_what_stopping_early_costs_per_covered_defect
    the test's module imports no first-party module, the test takes no fixture, and it references no name defined in src/acceptance/defects/pair_mapping.py, src/acceptance/review_state.py — no path to the defect exists
  [prefiltered] prior-catches-not-exposed-to-model/ranked-stop-ask-path-forwards-covered-by x tests/test_rank_prefilter_findings.py::test_the_replay_figures_in_the_findings_are_the_ones_the_replay_printed
    the test's module imports no first-party module, the test takes no fixture, and it references no name defined in src/acceptance/defects/pair_mapping.py, src/acceptance/review_state.py — no path to the defect exists
  [prefiltered] question-input-unchanged/ranked-walk-leaks-ranking-into-asked-pairs x tests/test_decision_records.py::test_dr_202_no_longer_lists_requirement_id_stability_as_open
    the test's module imports no first-party module, the test takes no fixture, and it references no name defined in src/acceptance/defects/pair_mapping.py, src/acceptance/defects/pair_ranking.py — no path to the defect exists
  [prefiltered] question-input-unchanged/ranked-walk-leaks-ranking-into-asked-pairs x tests/test_decision_records.py::test_dr_202_records_the_requirement_id_decision_as_resolved
    the test's module imports no first-party module, the test takes no fixture, and it references no name defined in src/acceptance/defects/pair_mapping.py, src/acceptance/defects/pair_ranking.py — no path to the defect exists
  [prefiltered] question-input-unchanged/ranked-walk-leaks-ranking-into-asked-pairs x tests/test_rank_prefilter_findings.py::test_the_findings_record_that_the_ranking_holds_without_input_type
    the test's module imports no first-party module, the test takes no fixture, and it references no name defined in src/acceptance/defects/pair_mapping.py, src/acceptance/defects/pair_ranking.py — no path to the defect exists
  [prefiltered] question-input-unchanged/ranked-walk-leaks-ranking-into-asked-pairs x tests/test_rank_prefilter_findings.py::test_the_findings_record_the_embedding_model_the_review_ranks_with
    the test's module imports no first-party module, the test takes no fixture, and it references no name defined in src/acceptance/defects/pair_mapping.py, src/acceptance/defects/pair_ranking.py — no path to the defect exists
  [prefiltered] question-input-unchanged/ranked-walk-leaks-ranking-into-asked-pairs x tests/test_rank_prefilter_findings.py::test_the_findings_record_what_stopping_early_costs_per_covered_defect
    the test's module imports no first-party module, the test takes no fixture, and it references no name defined in src/acceptance/defects/pair_mapping.py, src/acceptance/defects/pair_ranking.py — no path to the defect exists
  [prefiltered] question-input-unchanged/ranked-walk-leaks-ranking-into-asked-pairs x tests/test_rank_prefilter_findings.py::test_the_replay_figures_in_the_findings_are_the_ones_the_replay_printed
    the test's module imports no first-party module, the test takes no fixture, and it references no name defined in src/acceptance/defects/pair_mapping.py, src/acceptance/defects/pair_ranking.py — no path to the defect exists
  [prefiltered] question-input-unchanged/ranking-stage-uses-different-embedding-inputs-than-judge-prompt x tests/test_decision_records.py::test_dr_202_no_longer_lists_requirement_id_stability_as_open
    the test's module imports no first-party module, the test takes no fixture, and it references no name defined in src/acceptance/defects/pair_mapping.py, src/acceptance/defects/pair_ranking.py — no path to the defect exists
  [prefiltered] question-input-unchanged/ranking-stage-uses-different-embedding-inputs-than-judge-prompt x tests/test_decision_records.py::test_dr_202_records_the_requirement_id_decision_as_resolved
    the test's module imports no first-party module, the test takes no fixture, and it references no name defined in src/acceptance/defects/pair_mapping.py, src/acceptance/defects/pair_ranking.py — no path to the defect exists
  [prefiltered] question-input-unchanged/ranking-stage-uses-different-embedding-inputs-than-judge-prompt x tests/test_rank_prefilter_findings.py::test_the_findings_record_that_the_ranking_holds_without_input_type
    the test's module imports no first-party module, the test takes no fixture, and it references no name defined in src/acceptance/defects/pair_mapping.py, src/acceptance/defects/pair_ranking.py — no path to the defect exists
  [prefiltered] question-input-unchanged/ranking-stage-uses-different-embedding-inputs-than-judge-prompt x tests/test_rank_prefilter_findings.py::test_the_findings_record_the_embedding_model_the_review_ranks_with
    the test's module imports no first-party module, the test takes no fixture, and it references no name defined in src/acceptance/defects/pair_mapping.py, src/acceptance/defects/pair_ranking.py — no path to the defect exists
  [prefiltered] question-input-unchanged/ranking-stage-uses-different-embedding-inputs-than-judge-prompt x tests/test_rank_prefilter_findings.py::test_the_findings_record_what_stopping_early_costs_per_covered_defect
    the test's module imports no first-party module, the test takes no fixture, and it references no name defined in src/acceptance/defects/pair_mapping.py, src/acceptance/defects/pair_ranking.py — no path to the defect exists
  [prefiltered] question-input-unchanged/ranking-stage-uses-different-embedding-inputs-than-judge-prompt x tests/test_rank_prefilter_findings.py::test_the_replay_figures_in_the_findings_are_the_ones_the_replay_printed
    the test's module imports no first-party module, the test takes no fixture, and it references no name defined in src/acceptance/defects/pair_mapping.py, src/acceptance/defects/pair_ranking.py — no path to the defect exists
  [prefiltered] question-input-unchanged/stop-rule-path-adds-coverage-reason-to-model-request x tests/test_decision_records.py::test_dr_202_no_longer_lists_requirement_id_stability_as_open
    the test's module imports no first-party module, the test takes no fixture, and it references no name defined in src/acceptance/defects/pair_mapping.py, src/acceptance/report.py, src/acceptance/review_state.py — no path to the defect exists
  [prefiltered] question-input-unchanged/stop-rule-path-adds-coverage-reason-to-model-request x tests/test_decision_records.py::test_dr_202_records_the_requirement_id_decision_as_resolved
    the test's module imports no first-party module, the test takes no fixture, and it references no name defined in src/acceptance/defects/pair_mapping.py, src/acceptance/report.py, src/acceptance/review_state.py — no path to the defect exists
  [prefiltered] question-input-unchanged/stop-rule-path-adds-coverage-reason-to-model-request x tests/test_rank_prefilter_findings.py::test_the_findings_record_that_the_ranking_holds_without_input_type
    the test's module imports no first-party module, the test takes no fixture, and it references no name defined in src/acceptance/defects/pair_mapping.py, src/acceptance/report.py, src/acceptance/review_state.py — no path to the defect exists
  [prefiltered] question-input-unchanged/stop-rule-path-adds-coverage-reason-to-model-request x tests/test_rank_prefilter_findings.py::test_the_findings_record_the_embedding_model_the_review_ranks_with
    the test's module imports no first-party module, the test takes no fixture, and it references no name defined in src/acceptance/defects/pair_mapping.py, src/acceptance/report.py, src/acceptance/review_state.py — no path to the defect exists
  [prefiltered] question-input-unchanged/stop-rule-path-adds-coverage-reason-to-model-request x tests/test_rank_prefilter_findings.py::test_the_findings_record_what_stopping_early_costs_per_covered_defect
    the test's module imports no first-party module, the test takes no fixture, and it references no name defined in src/acceptance/defects/pair_mapping.py, src/acceptance/report.py, src/acceptance/review_state.py — no path to the defect exists
  [prefiltered] question-input-unchanged/stop-rule-path-adds-coverage-reason-to-model-request x tests/test_rank_prefilter_findings.py::test_the_replay_figures_in_the_findings_are_the_ones_the_replay_printed
    the test's module imports no first-party module, the test takes no fixture, and it references no name defined in src/acceptance/defects/pair_mapping.py, src/acceptance/report.py, src/acceptance/review_state.py — no path to the defect exists
  [prefiltered] rank-candidate-tests-by-similarity/ranking-not-applied-to-all-judged-pairs x tests/test_decision_records.py::test_dr_202_no_longer_lists_requirement_id_stability_as_open
    the test's module imports no first-party module, the test takes no fixture, and it references no name defined in src/acceptance/defects/pair_mapping.py — no path to the defect exists
  [prefiltered] rank-candidate-tests-by-similarity/ranking-not-applied-to-all-judged-pairs x tests/test_decision_records.py::test_dr_202_records_the_requirement_id_decision_as_resolved
    the test's module imports no first-party module, the test takes no fixture, and it references no name defined in src/acceptance/defects/pair_mapping.py — no path to the defect exists
  [prefiltered] rank-candidate-tests-by-similarity/ranking-not-applied-to-all-judged-pairs x tests/test_rank_prefilter_findings.py::test_the_findings_record_that_the_ranking_holds_without_input_type
    the test's module imports no first-party module, the test takes no fixture, and it references no name defined in src/acceptance/defects/pair_mapping.py — no path to the defect exists
  [prefiltered] rank-candidate-tests-by-similarity/ranking-not-applied-to-all-judged-pairs x tests/test_rank_prefilter_findings.py::test_the_findings_record_the_embedding_model_the_review_ranks_with
    the test's module imports no first-party module, the test takes no fixture, and it references no name defined in src/acceptance/defects/pair_mapping.py — no path to the defect exists
  [prefiltered] rank-candidate-tests-by-similarity/ranking-not-applied-to-all-judged-pairs x tests/test_rank_prefilter_findings.py::test_the_findings_record_what_stopping_early_costs_per_covered_defect
    the test's module imports no first-party module, the test takes no fixture, and it references no name defined in src/acceptance/defects/pair_mapping.py — no path to the defect exists
  [prefiltered] rank-candidate-tests-by-similarity/ranking-not-applied-to-all-judged-pairs x tests/test_rank_prefilter_findings.py::test_the_replay_figures_in_the_findings_are_the_ones_the_replay_printed
    the test's module imports no first-party module, the test takes no fixture, and it references no name defined in src/acceptance/defects/pair_mapping.py — no path to the defect exists
  [prefiltered] rank-candidate-tests-by-similarity/ranking-not-used-for-full-sweep-mode x tests/test_decision_records.py::test_dr_202_no_longer_lists_requirement_id_stability_as_open
    the test's module imports no first-party module, the test takes no fixture, and it references no name defined in src/acceptance/cli.py, src/acceptance/defects/pair_mapping.py, src/acceptance/pipeline.py — no path to the defect exists
  [prefiltered] rank-candidate-tests-by-similarity/ranking-not-used-for-full-sweep-mode x tests/test_decision_records.py::test_dr_202_records_the_requirement_id_decision_as_resolved
    the test's module imports no first-party module, the test takes no fixture, and it references no name defined in src/acceptance/cli.py, src/acceptance/defects/pair_mapping.py, src/acceptance/pipeline.py — no path to the defect exists
  [prefiltered] rank-candidate-tests-by-similarity/ranking-not-used-for-full-sweep-mode x tests/test_rank_prefilter_findings.py::test_the_findings_record_that_the_ranking_holds_without_input_type
    the test's module imports no first-party module, the test takes no fixture, and it references no name defined in src/acceptance/cli.py, src/acceptance/defects/pair_mapping.py, src/acceptance/pipeline.py — no path to the defect exists
  [prefiltered] rank-candidate-tests-by-similarity/ranking-not-used-for-full-sweep-mode x tests/test_rank_prefilter_findings.py::test_the_findings_record_the_embedding_model_the_review_ranks_with
    the test's module imports no first-party module, the test takes no fixture, and it references no name defined in src/acceptance/cli.py, src/acceptance/defects/pair_mapping.py, src/acceptance/pipeline.py — no path to the defect exists
  [prefiltered] rank-candidate-tests-by-similarity/ranking-not-used-for-full-sweep-mode x tests/test_rank_prefilter_findings.py::test_the_findings_record_what_stopping_early_costs_per_covered_defect
    the test's module imports no first-party module, the test takes no fixture, and it references no name defined in src/acceptance/cli.py, src/acceptance/defects/pair_mapping.py, src/acceptance/pipeline.py — no path to the defect exists
  [prefiltered] rank-candidate-tests-by-similarity/ranking-not-used-for-full-sweep-mode x tests/test_rank_prefilter_findings.py::test_the_replay_figures_in_the_findings_are_the_ones_the_replay_printed
    the test's module imports no first-party module, the test takes no fixture, and it references no name defined in src/acceptance/cli.py, src/acceptance/defects/pair_mapping.py, src/acceptance/pipeline.py — no path to the defect exists
  [prefiltered] rank-candidate-tests-by-similarity/ranking-uses-description-fallbacks x tests/test_decision_records.py::test_dr_202_no_longer_lists_requirement_id_stability_as_open
    the test's module imports no first-party module, the test takes no fixture, and it references no name defined in src/acceptance/defects/pair_ranking.py — no path to the defect exists
  [prefiltered] rank-candidate-tests-by-similarity/ranking-uses-description-fallbacks x tests/test_decision_records.py::test_dr_202_records_the_requirement_id_decision_as_resolved
    the test's module imports no first-party module, the test takes no fixture, and it references no name defined in src/acceptance/defects/pair_ranking.py — no path to the defect exists
  [prefiltered] rank-candidate-tests-by-similarity/ranking-uses-description-fallbacks x tests/test_rank_prefilter_findings.py::test_the_findings_record_that_the_ranking_holds_without_input_type
    the test's module imports no first-party module, the test takes no fixture, and it references no name defined in src/acceptance/defects/pair_ranking.py — no path to the defect exists
  [prefiltered] rank-candidate-tests-by-similarity/ranking-uses-description-fallbacks x tests/test_rank_prefilter_findings.py::test_the_findings_record_the_embedding_model_the_review_ranks_with
    the test's module imports no first-party module, the test takes no fixture, and it references no name defined in src/acceptance/defects/pair_ranking.py — no path to the defect exists
  [prefiltered] rank-candidate-tests-by-similarity/ranking-uses-description-fallbacks x tests/test_rank_prefilter_findings.py::test_the_findings_record_what_stopping_early_costs_per_covered_defect
    the test's module imports no first-party module, the test takes no fixture, and it references no name defined in src/acceptance/defects/pair_ranking.py — no path to the defect exists
  [prefiltered] rank-candidate-tests-by-similarity/ranking-uses-description-fallbacks x tests/test_rank_prefilter_findings.py::test_the_replay_figures_in_the_findings_are_the_ones_the_replay_printed
    the test's module imports no first-party module, the test takes no fixture, and it references no name defined in src/acceptance/defects/pair_ranking.py — no path to the defect exists
  [prefiltered] rank-tests-in-similarity-order/ranking-breaks-ties-non-deterministically x tests/test_decision_records.py::test_dr_202_no_longer_lists_requirement_id_stability_as_open
    the test's module imports no first-party module, the test takes no fixture, and it references no name defined in src/acceptance/defects/pair_ranking.py — no path to the defect exists
  [prefiltered] rank-tests-in-similarity-order/ranking-breaks-ties-non-deterministically x tests/test_decision_records.py::test_dr_202_records_the_requirement_id_decision_as_resolved
    the test's module imports no first-party module, the test takes no fixture, and it references no name defined in src/acceptance/defects/pair_ranking.py — no path to the defect exists
  [prefiltered] rank-tests-in-similarity-order/ranking-breaks-ties-non-deterministically x tests/test_rank_prefilter_findings.py::test_the_findings_record_that_the_ranking_holds_without_input_type
    the test's module imports no first-party module, the test takes no fixture, and it references no name defined in src/acceptance/defects/pair_ranking.py — no path to the defect exists
  [prefiltered] rank-tests-in-similarity-order/ranking-breaks-ties-non-deterministically x tests/test_rank_prefilter_findings.py::test_the_findings_record_the_embedding_model_the_review_ranks_with
    the test's module imports no first-party module, the test takes no fixture, and it references no name defined in src/acceptance/defects/pair_ranking.py — no path to the defect exists
  [prefiltered] rank-tests-in-similarity-order/ranking-breaks-ties-non-deterministically x tests/test_rank_prefilter_findings.py::test_the_findings_record_what_stopping_early_costs_per_covered_defect
    the test's module imports no first-party module, the test takes no fixture, and it references no name defined in src/acceptance/defects/pair_ranking.py — no path to the defect exists
  [prefiltered] rank-tests-in-similarity-order/ranking-breaks-ties-non-deterministically x tests/test_rank_prefilter_findings.py::test_the_replay_figures_in_the_findings_are_the_ones_the_replay_printed
    the test's module imports no first-party module, the test takes no fixture, and it references no name defined in src/acceptance/defects/pair_ranking.py — no path to the defect exists
  [prefiltered] rank-tests-in-similarity-order/ranking-not-applied-to-walk x tests/test_decision_records.py::test_dr_202_no_longer_lists_requirement_id_stability_as_open
    the test's module imports no first-party module, the test takes no fixture, and it references no name defined in src/acceptance/defects/pair_mapping.py — no path to the defect exists
  [prefiltered] rank-tests-in-similarity-order/ranking-not-applied-to-walk x tests/test_decision_records.py::test_dr_202_records_the_requirement_id_decision_as_resolved
    the test's module imports no first-party module, the test takes no fixture, and it references no name defined in src/acceptance/defects/pair_mapping.py — no path to the defect exists
  [prefiltered] rank-tests-in-similarity-order/ranking-not-applied-to-walk x tests/test_rank_prefilter_findings.py::test_the_findings_record_that_the_ranking_holds_without_input_type
    the test's module imports no first-party module, the test takes no fixture, and it references no name defined in src/acceptance/defects/pair_mapping.py — no path to the defect exists
  [prefiltered] rank-tests-in-similarity-order/ranking-not-applied-to-walk x tests/test_rank_prefilter_findings.py::test_the_findings_record_the_embedding_model_the_review_ranks_with
    the test's module imports no first-party module, the test takes no fixture, and it references no name defined in src/acceptance/defects/pair_mapping.py — no path to the defect exists
  [prefiltered] rank-tests-in-similarity-order/ranking-not-applied-to-walk x tests/test_rank_prefilter_findings.py::test_the_findings_record_what_stopping_early_costs_per_covered_defect
    the test's module imports no first-party module, the test takes no fixture, and it references no name defined in src/acceptance/defects/pair_mapping.py — no path to the defect exists
  [prefiltered] rank-tests-in-similarity-order/ranking-not-applied-to-walk x tests/test_rank_prefilter_findings.py::test_the_replay_figures_in_the_findings_are_the_ones_the_replay_printed
    the test's module imports no first-party module, the test takes no fixture, and it references no name defined in src/acceptance/defects/pair_mapping.py — no path to the defect exists
  [prefiltered] rank-tests-in-similarity-order/ranking-only-applies-to-stop-after-kills x tests/test_decision_records.py::test_dr_202_no_longer_lists_requirement_id_stability_as_open
    the test's module imports no first-party module, the test takes no fixture, and it references no name defined in src/acceptance/defects/pair_mapping.py, src/acceptance/pipeline.py — no path to the defect exists
  [prefiltered] rank-tests-in-similarity-order/ranking-only-applies-to-stop-after-kills x tests/test_decision_records.py::test_dr_202_records_the_requirement_id_decision_as_resolved
    the test's module imports no first-party module, the test takes no fixture, and it references no name defined in src/acceptance/defects/pair_mapping.py, src/acceptance/pipeline.py — no path to the defect exists
  [prefiltered] rank-tests-in-similarity-order/ranking-only-applies-to-stop-after-kills x tests/test_rank_prefilter_findings.py::test_the_findings_record_that_the_ranking_holds_without_input_type
    the test's module imports no first-party module, the test takes no fixture, and it references no name defined in src/acceptance/defects/pair_mapping.py, src/acceptance/pipeline.py — no path to the defect exists
  [prefiltered] rank-tests-in-similarity-order/ranking-only-applies-to-stop-after-kills x tests/test_rank_prefilter_findings.py::test_the_findings_record_the_embedding_model_the_review_ranks_with
    the test's module imports no first-party module, the test takes no fixture, and it references no name defined in src/acceptance/defects/pair_mapping.py, src/acceptance/pipeline.py — no path to the defect exists
  [prefiltered] rank-tests-in-similarity-order/ranking-only-applies-to-stop-after-kills x tests/test_rank_prefilter_findings.py::test_the_findings_record_what_stopping_early_costs_per_covered_defect
    the test's module imports no first-party module, the test takes no fixture, and it references no name defined in src/acceptance/defects/pair_mapping.py, src/acceptance/pipeline.py — no path to the defect exists
  [prefiltered] rank-tests-in-similarity-order/ranking-only-applies-to-stop-after-kills x tests/test_rank_prefilter_findings.py::test_the_replay_figures_in_the_findings_are_the_ones_the_replay_printed
    the test's module imports no first-party module, the test takes no fixture, and it references no name defined in src/acceptance/defects/pair_mapping.py, src/acceptance/pipeline.py — no path to the defect exists
  [prefiltered] rank-tests-in-similarity-order/ranking-sorted-ascending-instead-of-descending x tests/test_decision_records.py::test_dr_202_no_longer_lists_requirement_id_stability_as_open
    the test's module imports no first-party module, the test takes no fixture, and it references no name defined in src/acceptance/defects/pair_mapping.py, src/acceptance/defects/pair_ranking.py — no path to the defect exists
  [prefiltered] rank-tests-in-similarity-order/ranking-sorted-ascending-instead-of-descending x tests/test_decision_records.py::test_dr_202_records_the_requirement_id_decision_as_resolved
    the test's module imports no first-party module, the test takes no fixture, and it references no name defined in src/acceptance/defects/pair_mapping.py, src/acceptance/defects/pair_ranking.py — no path to the defect exists
  [prefiltered] rank-tests-in-similarity-order/ranking-sorted-ascending-instead-of-descending x tests/test_rank_prefilter_findings.py::test_the_findings_record_that_the_ranking_holds_without_input_type
    the test's module imports no first-party module, the test takes no fixture, and it references no name defined in src/acceptance/defects/pair_mapping.py, src/acceptance/defects/pair_ranking.py — no path to the defect exists
  [prefiltered] rank-tests-in-similarity-order/ranking-sorted-ascending-instead-of-descending x tests/test_rank_prefilter_findings.py::test_the_findings_record_the_embedding_model_the_review_ranks_with
    the test's module imports no first-party module, the test takes no fixture, and it references no name defined in src/acceptance/defects/pair_mapping.py, src/acceptance/defects/pair_ranking.py — no path to the defect exists
  [prefiltered] rank-tests-in-similarity-order/ranking-sorted-ascending-instead-of-descending x tests/test_rank_prefilter_findings.py::test_the_findings_record_what_stopping_early_costs_per_covered_defect
    the test's module imports no first-party module, the test takes no fixture, and it references no name defined in src/acceptance/defects/pair_mapping.py, src/acceptance/defects/pair_ranking.py — no path to the defect exists
  [prefiltered] rank-tests-in-similarity-order/ranking-sorted-ascending-instead-of-descending x tests/test_rank_prefilter_findings.py::test_the_replay_figures_in_the_findings_are_the_ones_the_replay_printed
    the test's module imports no first-party module, the test takes no fixture, and it references no name defined in src/acceptance/defects/pair_mapping.py, src/acceptance/defects/pair_ranking.py — no path to the defect exists
  [prefiltered] rank-tests-in-similarity-order/ranking-uses-description-text-instead-of-source x tests/test_decision_records.py::test_dr_202_no_longer_lists_requirement_id_stability_as_open
    the test's module imports no first-party module, the test takes no fixture, and it references no name defined in docs/experiments/rank-prefilter/score_rank.py, src/acceptance/defects/pair_ranking.py — no path to the defect exists
  [prefiltered] rank-tests-in-similarity-order/ranking-uses-description-text-instead-of-source x tests/test_decision_records.py::test_dr_202_records_the_requirement_id_decision_as_resolved
    the test's module imports no first-party module, the test takes no fixture, and it references no name defined in docs/experiments/rank-prefilter/score_rank.py, src/acceptance/defects/pair_ranking.py — no path to the defect exists
  [prefiltered] rank-tests-in-similarity-order/ranking-uses-description-text-instead-of-source x tests/test_rank_prefilter_findings.py::test_the_findings_record_that_the_ranking_holds_without_input_type
    the test's module imports no first-party module, the test takes no fixture, and it references no name defined in docs/experiments/rank-prefilter/score_rank.py, src/acceptance/defects/pair_ranking.py — no path to the defect exists
  [prefiltered] rank-tests-in-similarity-order/ranking-uses-description-text-instead-of-source x tests/test_rank_prefilter_findings.py::test_the_findings_record_the_embedding_model_the_review_ranks_with
    the test's module imports no first-party module, the test takes no fixture, and it references no name defined in docs/experiments/rank-prefilter/score_rank.py, src/acceptance/defects/pair_ranking.py — no path to the defect exists
  [prefiltered] rank-tests-in-similarity-order/ranking-uses-description-text-instead-of-source x tests/test_rank_prefilter_findings.py::test_the_findings_record_what_stopping_early_costs_per_covered_defect
    the test's module imports no first-party module, the test takes no fixture, and it references no name defined in docs/experiments/rank-prefilter/score_rank.py, src/acceptance/defects/pair_ranking.py — no path to the defect exists
  [prefiltered] rank-tests-in-similarity-order/ranking-uses-description-text-instead-of-source x tests/test_rank_prefilter_findings.py::test_the_replay_figures_in_the_findings_are_the_ones_the_replay_printed
    the test's module imports no first-party module, the test takes no fixture, and it references no name defined in docs/experiments/rank-prefilter/score_rank.py, src/acceptance/defects/pair_ranking.py — no path to the defect exists
  [prefiltered] ranking-and-stopping-can-be-turned-off/default-stop-limit-still-enables-ranking x tests/test_decision_records.py::test_dr_202_no_longer_lists_requirement_id_stability_as_open
    the test's module imports no first-party module, the test takes no fixture, and it references no name defined in src/acceptance/cli.py, src/acceptance/config.py, src/acceptance/pipeline.py — no path to the defect exists
  [prefiltered] ranking-and-stopping-can-be-turned-off/default-stop-limit-still-enables-ranking x tests/test_decision_records.py::test_dr_202_records_the_requirement_id_decision_as_resolved
    the test's module imports no first-party module, the test takes no fixture, and it references no name defined in src/acceptance/cli.py, src/acceptance/config.py, src/acceptance/pipeline.py — no path to the defect exists
  [prefiltered] ranking-and-stopping-can-be-turned-off/default-stop-limit-still-enables-ranking x tests/test_rank_prefilter_findings.py::test_the_findings_record_that_the_ranking_holds_without_input_type
    the test's module imports no first-party module, the test takes no fixture, and it references no name defined in src/acceptance/cli.py, src/acceptance/config.py, src/acceptance/pipeline.py — no path to the defect exists
  [prefiltered] ranking-and-stopping-can-be-turned-off/default-stop-limit-still-enables-ranking x tests/test_rank_prefilter_findings.py::test_the_findings_record_the_embedding_model_the_review_ranks_with
    the test's module imports no first-party module, the test takes no fixture, and it references no name defined in src/acceptance/cli.py, src/acceptance/config.py, src/acceptance/pipeline.py — no path to the defect exists
  [prefiltered] ranking-and-stopping-can-be-turned-off/default-stop-limit-still-enables-ranking x tests/test_rank_prefilter_findings.py::test_the_findings_record_what_stopping_early_costs_per_covered_defect
    the test's module imports no first-party module, the test takes no fixture, and it references no name defined in src/acceptance/cli.py, src/acceptance/config.py, src/acceptance/pipeline.py — no path to the defect exists
  [prefiltered] ranking-and-stopping-can-be-turned-off/default-stop-limit-still-enables-ranking x tests/test_rank_prefilter_findings.py::test_the_replay_figures_in_the_findings_are_the_ones_the_replay_printed
    the test's module imports no first-party module, the test takes no fixture, and it references no name defined in src/acceptance/cli.py, src/acceptance/config.py, src/acceptance/pipeline.py — no path to the defect exists
  [prefiltered] ranking-and-stopping-can-be-turned-off/full-pair-sweep-flag-not-propagated x tests/test_decision_records.py::test_dr_202_no_longer_lists_requirement_id_stability_as_open
    the test's module imports no first-party module, the test takes no fixture, and it references no name defined in src/acceptance/cli.py, src/acceptance/pipeline.py — no path to the defect exists
  [prefiltered] ranking-and-stopping-can-be-turned-off/full-pair-sweep-flag-not-propagated x tests/test_decision_records.py::test_dr_202_records_the_requirement_id_decision_as_resolved
    the test's module imports no first-party module, the test takes no fixture, and it references no name defined in src/acceptance/cli.py, src/acceptance/pipeline.py — no path to the defect exists
  [prefiltered] ranking-and-stopping-can-be-turned-off/full-pair-sweep-flag-not-propagated x tests/test_rank_prefilter_findings.py::test_the_findings_record_that_the_ranking_holds_without_input_type
    the test's module imports no first-party module, the test takes no fixture, and it references no name defined in src/acceptance/cli.py, src/acceptance/pipeline.py — no path to the defect exists
  [prefiltered] ranking-and-stopping-can-be-turned-off/full-pair-sweep-flag-not-propagated x tests/test_rank_prefilter_findings.py::test_the_findings_record_the_embedding_model_the_review_ranks_with
    the test's module imports no first-party module, the test takes no fixture, and it references no name defined in src/acceptance/cli.py, src/acceptance/pipeline.py — no path to the defect exists
  [prefiltered] ranking-and-stopping-can-be-turned-off/full-pair-sweep-flag-not-propagated x tests/test_rank_prefilter_findings.py::test_the_findings_record_what_stopping_early_costs_per_covered_defect
    the test's module imports no first-party module, the test takes no fixture, and it references no name defined in src/acceptance/cli.py, src/acceptance/pipeline.py — no path to the defect exists
  [prefiltered] ranking-and-stopping-can-be-turned-off/full-pair-sweep-flag-not-propagated x tests/test_rank_prefilter_findings.py::test_the_replay_figures_in_the_findings_are_the_ones_the_replay_printed
    the test's module imports no first-party module, the test takes no fixture, and it references no name defined in src/acceptance/cli.py, src/acceptance/pipeline.py — no path to the defect exists
  [prefiltered] ranking-and-stopping-can-be-turned-off/stop-after-kills-none-still-ranks x tests/test_decision_records.py::test_dr_202_no_longer_lists_requirement_id_stability_as_open
    the test's module imports no first-party module, the test takes no fixture, and it references no name defined in src/acceptance/defects/pair_mapping.py, src/acceptance/pipeline.py — no path to the defect exists
  [prefiltered] ranking-and-stopping-can-be-turned-off/stop-after-kills-none-still-ranks x tests/test_decision_records.py::test_dr_202_records_the_requirement_id_decision_as_resolved
    the test's module imports no first-party module, the test takes no fixture, and it references no name defined in src/acceptance/defects/pair_mapping.py, src/acceptance/pipeline.py — no path to the defect exists
  [prefiltered] ranking-and-stopping-can-be-turned-off/stop-after-kills-none-still-ranks x tests/test_rank_prefilter_findings.py::test_the_findings_record_that_the_ranking_holds_without_input_type
    the test's module imports no first-party module, the test takes no fixture, and it references no name defined in src/acceptance/defects/pair_mapping.py, src/acceptance/pipeline.py — no path to the defect exists
  [prefiltered] ranking-and-stopping-can-be-turned-off/stop-after-kills-none-still-ranks x tests/test_rank_prefilter_findings.py::test_the_findings_record_the_embedding_model_the_review_ranks_with
    the test's module imports no first-party module, the test takes no fixture, and it references no name defined in src/acceptance/defects/pair_mapping.py, src/acceptance/pipeline.py — no path to the defect exists
  [prefiltered] ranking-and-stopping-can-be-turned-off/stop-after-kills-none-still-ranks x tests/test_rank_prefilter_findings.py::test_the_findings_record_what_stopping_early_costs_per_covered_defect
    the test's module imports no first-party module, the test takes no fixture, and it references no name defined in src/acceptance/defects/pair_mapping.py, src/acceptance/pipeline.py — no path to the defect exists
  [prefiltered] ranking-and-stopping-can-be-turned-off/stop-after-kills-none-still-ranks x tests/test_rank_prefilter_findings.py::test_the_replay_figures_in_the_findings_are_the_ones_the_replay_printed
    the test's module imports no first-party module, the test takes no fixture, and it references no name defined in src/acceptance/defects/pair_mapping.py, src/acceptance/pipeline.py — no path to the defect exists
  [prefiltered] ranking-not-exposed-to-model/ranking-leaks-through-embedding-request x tests/test_decision_records.py::test_dr_202_no_longer_lists_requirement_id_stability_as_open
    the test's module imports no first-party module, the test takes no fixture, and it references no name defined in src/acceptance/cli.py, src/acceptance/defects/pair_mapping.py, src/acceptance/defects/pair_ranking.py, src/acceptance/pipeline.py — no path to the defect exists
  [prefiltered] ranking-not-exposed-to-model/ranking-leaks-through-embedding-request x tests/test_decision_records.py::test_dr_202_records_the_requirement_id_decision_as_resolved
    the test's module imports no first-party module, the test takes no fixture, and it references no name defined in src/acceptance/cli.py, src/acceptance/defects/pair_mapping.py, src/acceptance/defects/pair_ranking.py, src/acceptance/pipeline.py — no path to the defect exists
  [prefiltered] ranking-not-exposed-to-model/ranking-leaks-through-embedding-request x tests/test_rank_prefilter_findings.py::test_the_findings_record_that_the_ranking_holds_without_input_type
    the test's module imports no first-party module, the test takes no fixture, and it references no name defined in src/acceptance/cli.py, src/acceptance/defects/pair_mapping.py, src/acceptance/defects/pair_ranking.py, src/acceptance/pipeline.py — no path to the defect exists
  [prefiltered] ranking-not-exposed-to-model/ranking-leaks-through-embedding-request x tests/test_rank_prefilter_findings.py::test_the_findings_record_the_embedding_model_the_review_ranks_with
    the test's module imports no first-party module, the test takes no fixture, and it references no name defined in src/acceptance/cli.py, src/acceptance/defects/pair_mapping.py, src/acceptance/defects/pair_ranking.py, src/acceptance/pipeline.py — no path to the defect exists
  [prefiltered] ranking-not-exposed-to-model/ranking-leaks-through-embedding-request x tests/test_rank_prefilter_findings.py::test_the_findings_record_what_stopping_early_costs_per_covered_defect
    the test's module imports no first-party module, the test takes no fixture, and it references no name defined in src/acceptance/cli.py, src/acceptance/defects/pair_mapping.py, src/acceptance/defects/pair_ranking.py, src/acceptance/pipeline.py — no path to the defect exists
  [prefiltered] ranking-not-exposed-to-model/ranking-leaks-through-embedding-request x tests/test_rank_prefilter_findings.py::test_the_replay_figures_in_the_findings_are_the_ones_the_replay_printed
    the test's module imports no first-party module, the test takes no fixture, and it references no name defined in src/acceptance/cli.py, src/acceptance/defects/pair_mapping.py, src/acceptance/defects/pair_ranking.py, src/acceptance/pipeline.py — no path to the defect exists
  [prefiltered] ranking-not-exposed-to-model/ranking-leaks-via-walked-pair-order x tests/test_decision_records.py::test_dr_202_no_longer_lists_requirement_id_stability_as_open
    the test's module imports no first-party module, the test takes no fixture, and it references no name defined in src/acceptance/defects/pair_mapping.py, src/acceptance/defects/pair_ranking.py — no path to the defect exists
  [prefiltered] ranking-not-exposed-to-model/ranking-leaks-via-walked-pair-order x tests/test_decision_records.py::test_dr_202_records_the_requirement_id_decision_as_resolved
    the test's module imports no first-party module, the test takes no fixture, and it references no name defined in src/acceptance/defects/pair_mapping.py, src/acceptance/defects/pair_ranking.py — no path to the defect exists
  [prefiltered] ranking-not-exposed-to-model/ranking-leaks-via-walked-pair-order x tests/test_rank_prefilter_findings.py::test_the_findings_record_that_the_ranking_holds_without_input_type
    the test's module imports no first-party module, the test takes no fixture, and it references no name defined in src/acceptance/defects/pair_mapping.py, src/acceptance/defects/pair_ranking.py — no path to the defect exists
  [prefiltered] ranking-not-exposed-to-model/ranking-leaks-via-walked-pair-order x tests/test_rank_prefilter_findings.py::test_the_findings_record_the_embedding_model_the_review_ranks_with
    the test's module imports no first-party module, the test takes no fixture, and it references no name defined in src/acceptance/defects/pair_mapping.py, src/acceptance/defects/pair_ranking.py — no path to the defect exists
  [prefiltered] ranking-not-exposed-to-model/ranking-leaks-via-walked-pair-order x tests/test_rank_prefilter_findings.py::test_the_findings_record_what_stopping_early_costs_per_covered_defect
    the test's module imports no first-party module, the test takes no fixture, and it references no name defined in src/acceptance/defects/pair_mapping.py, src/acceptance/defects/pair_ranking.py — no path to the defect exists
  [prefiltered] ranking-not-exposed-to-model/ranking-leaks-via-walked-pair-order x tests/test_rank_prefilter_findings.py::test_the_replay_figures_in_the_findings_are_the_ones_the_replay_printed
    the test's module imports no first-party module, the test takes no fixture, and it references no name defined in src/acceptance/defects/pair_mapping.py, src/acceptance/defects/pair_ranking.py — no path to the defect exists
  [prefiltered] review-can-still-run-as-today/default-stop-changes-review-flow x tests/test_decision_records.py::test_dr_202_no_longer_lists_requirement_id_stability_as_open
    the test's module imports no first-party module, the test takes no fixture, and it references no name defined in src/acceptance/cli.py, src/acceptance/config.py, src/acceptance/pipeline.py — no path to the defect exists
  [prefiltered] review-can-still-run-as-today/default-stop-changes-review-flow x tests/test_decision_records.py::test_dr_202_records_the_requirement_id_decision_as_resolved
    the test's module imports no first-party module, the test takes no fixture, and it references no name defined in src/acceptance/cli.py, src/acceptance/config.py, src/acceptance/pipeline.py — no path to the defect exists
  [prefiltered] review-can-still-run-as-today/default-stop-changes-review-flow x tests/test_rank_prefilter_findings.py::test_the_findings_record_that_the_ranking_holds_without_input_type
    the test's module imports no first-party module, the test takes no fixture, and it references no name defined in src/acceptance/cli.py, src/acceptance/config.py, src/acceptance/pipeline.py — no path to the defect exists
  [prefiltered] review-can-still-run-as-today/default-stop-changes-review-flow x tests/test_rank_prefilter_findings.py::test_the_findings_record_the_embedding_model_the_review_ranks_with
    the test's module imports no first-party module, the test takes no fixture, and it references no name defined in src/acceptance/cli.py, src/acceptance/config.py, src/acceptance/pipeline.py — no path to the defect exists
  [prefiltered] review-can-still-run-as-today/default-stop-changes-review-flow x tests/test_rank_prefilter_findings.py::test_the_findings_record_what_stopping_early_costs_per_covered_defect
    the test's module imports no first-party module, the test takes no fixture, and it references no name defined in src/acceptance/cli.py, src/acceptance/config.py, src/acceptance/pipeline.py — no path to the defect exists
  [prefiltered] review-can-still-run-as-today/default-stop-changes-review-flow x tests/test_rank_prefilter_findings.py::test_the_replay_figures_in_the_findings_are_the_ones_the_replay_printed
    the test's module imports no first-party module, the test takes no fixture, and it references no name defined in src/acceptance/cli.py, src/acceptance/config.py, src/acceptance/pipeline.py — no path to the defect exists
  [prefiltered] review-can-still-run-as-today/full-sweep-flag-required-for-old-flow x tests/test_decision_records.py::test_dr_202_no_longer_lists_requirement_id_stability_as_open
    the test's module imports no first-party module, the test takes no fixture, and it references no name defined in src/acceptance/cli.py, src/acceptance/config.py, src/acceptance/pipeline.py — no path to the defect exists
  [prefiltered] review-can-still-run-as-today/full-sweep-flag-required-for-old-flow x tests/test_decision_records.py::test_dr_202_records_the_requirement_id_decision_as_resolved
    the test's module imports no first-party module, the test takes no fixture, and it references no name defined in src/acceptance/cli.py, src/acceptance/config.py, src/acceptance/pipeline.py — no path to the defect exists
  [prefiltered] review-can-still-run-as-today/full-sweep-flag-required-for-old-flow x tests/test_rank_prefilter_findings.py::test_the_findings_record_that_the_ranking_holds_without_input_type
    the test's module imports no first-party module, the test takes no fixture, and it references no name defined in src/acceptance/cli.py, src/acceptance/config.py, src/acceptance/pipeline.py — no path to the defect exists
  [prefiltered] review-can-still-run-as-today/full-sweep-flag-required-for-old-flow x tests/test_rank_prefilter_findings.py::test_the_findings_record_the_embedding_model_the_review_ranks_with
    the test's module imports no first-party module, the test takes no fixture, and it references no name defined in src/acceptance/cli.py, src/acceptance/config.py, src/acceptance/pipeline.py — no path to the defect exists
  [prefiltered] review-can-still-run-as-today/full-sweep-flag-required-for-old-flow x tests/test_rank_prefilter_findings.py::test_the_findings_record_what_stopping_early_costs_per_covered_defect
    the test's module imports no first-party module, the test takes no fixture, and it references no name defined in src/acceptance/cli.py, src/acceptance/config.py, src/acceptance/pipeline.py — no path to the defect exists
  [prefiltered] review-can-still-run-as-today/full-sweep-flag-required-for-old-flow x tests/test_rank_prefilter_findings.py::test_the_replay_figures_in_the_findings_are_the_ones_the_replay_printed
    the test's module imports no first-party module, the test takes no fixture, and it references no name defined in src/acceptance/cli.py, src/acceptance/config.py, src/acceptance/pipeline.py — no path to the defect exists
  [prefiltered] review-can-still-run-as-today/ranked-walk-not-called-from-judge-pairs x tests/test_decision_records.py::test_dr_202_no_longer_lists_requirement_id_stability_as_open
    the test's module imports no first-party module, the test takes no fixture, and it references no name defined in src/acceptance/defects/pair_mapping.py — no path to the defect exists
  [prefiltered] review-can-still-run-as-today/ranked-walk-not-called-from-judge-pairs x tests/test_decision_records.py::test_dr_202_records_the_requirement_id_decision_as_resolved
    the test's module imports no first-party module, the test takes no fixture, and it references no name defined in src/acceptance/defects/pair_mapping.py — no path to the defect exists
  [prefiltered] review-can-still-run-as-today/ranked-walk-not-called-from-judge-pairs x tests/test_rank_prefilter_findings.py::test_the_findings_record_that_the_ranking_holds_without_input_type
    the test's module imports no first-party module, the test takes no fixture, and it references no name defined in src/acceptance/defects/pair_mapping.py — no path to the defect exists
  [prefiltered] review-can-still-run-as-today/ranked-walk-not-called-from-judge-pairs x tests/test_rank_prefilter_findings.py::test_the_findings_record_the_embedding_model_the_review_ranks_with
    the test's module imports no first-party module, the test takes no fixture, and it references no name defined in src/acceptance/defects/pair_mapping.py — no path to the defect exists
  [prefiltered] review-can-still-run-as-today/ranked-walk-not-called-from-judge-pairs x tests/test_rank_prefilter_findings.py::test_the_findings_record_what_stopping_early_costs_per_covered_defect
    the test's module imports no first-party module, the test takes no fixture, and it references no name defined in src/acceptance/defects/pair_mapping.py — no path to the defect exists
  [prefiltered] review-can-still-run-as-today/ranked-walk-not-called-from-judge-pairs x tests/test_rank_prefilter_findings.py::test_the_replay_figures_in_the_findings_are_the_ones_the_replay_printed
    the test's module imports no first-party module, the test takes no fixture, and it references no name defined in src/acceptance/defects/pair_mapping.py — no path to the defect exists
  [prefiltered] review-can-still-run-as-today/reporting-assumes-new-unjudged-cause-only x tests/test_decision_records.py::test_dr_202_no_longer_lists_requirement_id_stability_as_open
    the test's module imports no first-party module, the test takes no fixture, and it references no name defined in src/acceptance/defects/support.py, src/acceptance/report.py, src/acceptance/review_state.py — no path to the defect exists
  [prefiltered] review-can-still-run-as-today/reporting-assumes-new-unjudged-cause-only x tests/test_decision_records.py::test_dr_202_records_the_requirement_id_decision_as_resolved
    the test's module imports no first-party module, the test takes no fixture, and it references no name defined in src/acceptance/defects/support.py, src/acceptance/report.py, src/acceptance/review_state.py — no path to the defect exists
  [prefiltered] review-can-still-run-as-today/reporting-assumes-new-unjudged-cause-only x tests/test_rank_prefilter_findings.py::test_the_findings_record_that_the_ranking_holds_without_input_type
    the test's module imports no first-party module, the test takes no fixture, and it references no name defined in src/acceptance/defects/support.py, src/acceptance/report.py, src/acceptance/review_state.py — no path to the defect exists
  [prefiltered] review-can-still-run-as-today/reporting-assumes-new-unjudged-cause-only x tests/test_rank_prefilter_findings.py::test_the_findings_record_the_embedding_model_the_review_ranks_with
    the test's module imports no first-party module, the test takes no fixture, and it references no name defined in src/acceptance/defects/support.py, src/acceptance/report.py, src/acceptance/review_state.py — no path to the defect exists
  [prefiltered] review-can-still-run-as-today/reporting-assumes-new-unjudged-cause-only x tests/test_rank_prefilter_findings.py::test_the_findings_record_what_stopping_early_costs_per_covered_defect
    the test's module imports no first-party module, the test takes no fixture, and it references no name defined in src/acceptance/defects/support.py, src/acceptance/report.py, src/acceptance/review_state.py — no path to the defect exists
  [prefiltered] review-can-still-run-as-today/reporting-assumes-new-unjudged-cause-only x tests/test_rank_prefilter_findings.py::test_the_replay_figures_in_the_findings_are_the_ones_the_replay_printed
    the test's module imports no first-party module, the test takes no fixture, and it references no name defined in src/acceptance/defects/support.py, src/acceptance/report.py, src/acceptance/review_state.py — no path to the defect exists
  [prefiltered] skip-uncaught-pairs-by-rank-or-cheaper-check/ranked-walk-skips-uncaught-defects x tests/test_decision_records.py::test_dr_202_no_longer_lists_requirement_id_stability_as_open
    the test's module imports no first-party module, the test takes no fixture, and it references no name defined in src/acceptance/defects/pair_mapping.py, src/acceptance/defects/support.py, src/acceptance/review_state.py — no path to the defect exists
  [prefiltered] skip-uncaught-pairs-by-rank-or-cheaper-check/ranked-walk-skips-uncaught-defects x tests/test_decision_records.py::test_dr_202_records_the_requirement_id_decision_as_resolved
    the test's module imports no first-party module, the test takes no fixture, and it references no name defined in src/acceptance/defects/pair_mapping.py, src/acceptance/defects/support.py, src/acceptance/review_state.py — no path to the defect exists
  [prefiltered] skip-uncaught-pairs-by-rank-or-cheaper-check/ranked-walk-skips-uncaught-defects x tests/test_rank_prefilter_findings.py::test_the_findings_record_that_the_ranking_holds_without_input_type
    the test's module imports no first-party module, the test takes no fixture, and it references no name defined in src/acceptance/defects/pair_mapping.py, src/acceptance/defects/support.py, src/acceptance/review_state.py — no path to the defect exists
  [prefiltered] skip-uncaught-pairs-by-rank-or-cheaper-check/ranked-walk-skips-uncaught-defects x tests/test_rank_prefilter_findings.py::test_the_findings_record_the_embedding_model_the_review_ranks_with
    the test's module imports no first-party module, the test takes no fixture, and it references no name defined in src/acceptance/defects/pair_mapping.py, src/acceptance/defects/support.py, src/acceptance/review_state.py — no path to the defect exists
  [prefiltered] skip-uncaught-pairs-by-rank-or-cheaper-check/ranked-walk-skips-uncaught-defects x tests/test_rank_prefilter_findings.py::test_the_findings_record_what_stopping_early_costs_per_covered_defect
    the test's module imports no first-party module, the test takes no fixture, and it references no name defined in src/acceptance/defects/pair_mapping.py, src/acceptance/defects/support.py, src/acceptance/review_state.py — no path to the defect exists
  [prefiltered] skip-uncaught-pairs-by-rank-or-cheaper-check/ranked-walk-skips-uncaught-defects x tests/test_rank_prefilter_findings.py::test_the_replay_figures_in_the_findings_are_the_ones_the_replay_printed
    the test's module imports no first-party module, the test takes no fixture, and it references no name defined in src/acceptance/defects/pair_mapping.py, src/acceptance/defects/support.py, src/acceptance/review_state.py — no path to the defect exists
  [prefiltered] skip-uncaught-pairs-by-rank-or-cheaper-check/reporting-hides-uncaught-skips x tests/test_decision_records.py::test_dr_202_no_longer_lists_requirement_id_stability_as_open
    the test's module imports no first-party module, the test takes no fixture, and it references no name defined in src/acceptance/report.py — no path to the defect exists
  [prefiltered] skip-uncaught-pairs-by-rank-or-cheaper-check/reporting-hides-uncaught-skips x tests/test_decision_records.py::test_dr_202_records_the_requirement_id_decision_as_resolved
    the test's module imports no first-party module, the test takes no fixture, and it references no name defined in src/acceptance/report.py — no path to the defect exists
  [prefiltered] skip-uncaught-pairs-by-rank-or-cheaper-check/reporting-hides-uncaught-skips x tests/test_rank_prefilter_findings.py::test_the_findings_record_that_the_ranking_holds_without_input_type
    the test's module imports no first-party module, the test takes no fixture, and it references no name defined in src/acceptance/report.py — no path to the defect exists
  [prefiltered] skip-uncaught-pairs-by-rank-or-cheaper-check/reporting-hides-uncaught-skips x tests/test_rank_prefilter_findings.py::test_the_findings_record_the_embedding_model_the_review_ranks_with
    the test's module imports no first-party module, the test takes no fixture, and it references no name defined in src/acceptance/report.py — no path to the defect exists
  [prefiltered] skip-uncaught-pairs-by-rank-or-cheaper-check/reporting-hides-uncaught-skips x tests/test_rank_prefilter_findings.py::test_the_findings_record_what_stopping_early_costs_per_covered_defect
    the test's module imports no first-party module, the test takes no fixture, and it references no name defined in src/acceptance/report.py — no path to the defect exists
  [prefiltered] skip-uncaught-pairs-by-rank-or-cheaper-check/reporting-hides-uncaught-skips x tests/test_rank_prefilter_findings.py::test_the_replay_figures_in_the_findings_are_the_ones_the_replay_printed
    the test's module imports no first-party module, the test takes no fixture, and it references no name defined in src/acceptance/report.py — no path to the defect exists
  [prefiltered] skip-uncaught-pairs-by-rank-or-cheaper-check/support-accepts-skip-without-kills x tests/test_decision_records.py::test_dr_202_no_longer_lists_requirement_id_stability_as_open
    the test's module imports no first-party module, the test takes no fixture, and it references no name defined in src/acceptance/defects/support.py, src/acceptance/review_state.py — no path to the defect exists
  [prefiltered] skip-uncaught-pairs-by-rank-or-cheaper-check/support-accepts-skip-without-kills x tests/test_decision_records.py::test_dr_202_records_the_requirement_id_decision_as_resolved
    the test's module imports no first-party module, the test takes no fixture, and it references no name defined in src/acceptance/defects/support.py, src/acceptance/review_state.py — no path to the defect exists
  [prefiltered] skip-uncaught-pairs-by-rank-or-cheaper-check/support-accepts-skip-without-kills x tests/test_rank_prefilter_findings.py::test_the_findings_record_that_the_ranking_holds_without_input_type
    the test's module imports no first-party module, the test takes no fixture, and it references no name defined in src/acceptance/defects/support.py, src/acceptance/review_state.py — no path to the defect exists
  [prefiltered] skip-uncaught-pairs-by-rank-or-cheaper-check/support-accepts-skip-without-kills x tests/test_rank_prefilter_findings.py::test_the_findings_record_the_embedding_model_the_review_ranks_with
    the test's module imports no first-party module, the test takes no fixture, and it references no name defined in src/acceptance/defects/support.py, src/acceptance/review_state.py — no path to the defect exists
  [prefiltered] skip-uncaught-pairs-by-rank-or-cheaper-check/support-accepts-skip-without-kills x tests/test_rank_prefilter_findings.py::test_the_findings_record_what_stopping_early_costs_per_covered_defect
    the test's module imports no first-party module, the test takes no fixture, and it references no name defined in src/acceptance/defects/support.py, src/acceptance/review_state.py — no path to the defect exists
  [prefiltered] skip-uncaught-pairs-by-rank-or-cheaper-check/support-accepts-skip-without-kills x tests/test_rank_prefilter_findings.py::test_the_replay_figures_in_the_findings_are_the_ones_the_replay_printed
    the test's module imports no first-party module, the test takes no fixture, and it references no name defined in src/acceptance/defects/support.py, src/acceptance/review_state.py — no path to the defect exists
  [prefiltered] skipped-by-stopping-early-count/missing-count-in-defect-block x tests/test_decision_records.py::test_dr_202_no_longer_lists_requirement_id_stability_as_open
    the test's module imports no first-party module, the test takes no fixture, and it references no name defined in src/acceptance/report.py — no path to the defect exists
  [prefiltered] skipped-by-stopping-early-count/missing-count-in-defect-block x tests/test_decision_records.py::test_dr_202_records_the_requirement_id_decision_as_resolved
    the test's module imports no first-party module, the test takes no fixture, and it references no name defined in src/acceptance/report.py — no path to the defect exists
  [prefiltered] skipped-by-stopping-early-count/missing-count-in-defect-block x tests/test_rank_prefilter_findings.py::test_the_findings_record_that_the_ranking_holds_without_input_type
    the test's module imports no first-party module, the test takes no fixture, and it references no name defined in src/acceptance/report.py — no path to the defect exists
  [prefiltered] skipped-by-stopping-early-count/missing-count-in-defect-block x tests/test_rank_prefilter_findings.py::test_the_findings_record_the_embedding_model_the_review_ranks_with
    the test's module imports no first-party module, the test takes no fixture, and it references no name defined in src/acceptance/report.py — no path to the defect exists
  [prefiltered] skipped-by-stopping-early-count/missing-count-in-defect-block x tests/test_rank_prefilter_findings.py::test_the_findings_record_what_stopping_early_costs_per_covered_defect
    the test's module imports no first-party module, the test takes no fixture, and it references no name defined in src/acceptance/report.py — no path to the defect exists
  [prefiltered] skipped-by-stopping-early-count/missing-count-in-defect-block x tests/test_rank_prefilter_findings.py::test_the_replay_figures_in_the_findings_are_the_ones_the_replay_printed
    the test's module imports no first-party module, the test takes no fixture, and it references no name defined in src/acceptance/report.py — no path to the defect exists
  [prefiltered] skipped-by-stopping-early-count/missing-count-in-pair-disposition x tests/test_decision_records.py::test_dr_202_no_longer_lists_requirement_id_stability_as_open
    the test's module imports no first-party module, the test takes no fixture, and it references no name defined in src/acceptance/report.py — no path to the defect exists
  [prefiltered] skipped-by-stopping-early-count/missing-count-in-pair-disposition x tests/test_decision_records.py::test_dr_202_records_the_requirement_id_decision_as_resolved
    the test's module imports no first-party module, the test takes no fixture, and it references no name defined in src/acceptance/report.py — no path to the defect exists
  [prefiltered] skipped-by-stopping-early-count/missing-count-in-pair-disposition x tests/test_rank_prefilter_findings.py::test_the_findings_record_that_the_ranking_holds_without_input_type
    the test's module imports no first-party module, the test takes no fixture, and it references no name defined in src/acceptance/report.py — no path to the defect exists
  [prefiltered] skipped-by-stopping-early-count/missing-count-in-pair-disposition x tests/test_rank_prefilter_findings.py::test_the_findings_record_the_embedding_model_the_review_ranks_with
    the test's module imports no first-party module, the test takes no fixture, and it references no name defined in src/acceptance/report.py — no path to the defect exists
  [prefiltered] skipped-by-stopping-early-count/missing-count-in-pair-disposition x tests/test_rank_prefilter_findings.py::test_the_findings_record_what_stopping_early_costs_per_covered_defect
    the test's module imports no first-party module, the test takes no fixture, and it references no name defined in src/acceptance/report.py — no path to the defect exists
  [prefiltered] skipped-by-stopping-early-count/missing-count-in-pair-disposition x tests/test_rank_prefilter_findings.py::test_the_replay_figures_in_the_findings_are_the_ones_the_replay_printed
    the test's module imports no first-party module, the test takes no fixture, and it references no name defined in src/acceptance/report.py — no path to the defect exists
  [prefiltered] skipped-by-stopping-early-count/skip-count-not-derived-from-early-stop x tests/test_decision_records.py::test_dr_202_no_longer_lists_requirement_id_stability_as_open
    the test's module imports no first-party module, the test takes no fixture, and it references no name defined in src/acceptance/report.py — no path to the defect exists
  [prefiltered] skipped-by-stopping-early-count/skip-count-not-derived-from-early-stop x tests/test_decision_records.py::test_dr_202_records_the_requirement_id_decision_as_resolved
    the test's module imports no first-party module, the test takes no fixture, and it references no name defined in src/acceptance/report.py — no path to the defect exists
  [prefiltered] skipped-by-stopping-early-count/skip-count-not-derived-from-early-stop x tests/test_rank_prefilter_findings.py::test_the_findings_record_that_the_ranking_holds_without_input_type
    the test's module imports no first-party module, the test takes no fixture, and it references no name defined in src/acceptance/report.py — no path to the defect exists
  [prefiltered] skipped-by-stopping-early-count/skip-count-not-derived-from-early-stop x tests/test_rank_prefilter_findings.py::test_the_findings_record_the_embedding_model_the_review_ranks_with
    the test's module imports no first-party module, the test takes no fixture, and it references no name defined in src/acceptance/report.py — no path to the defect exists
  [prefiltered] skipped-by-stopping-early-count/skip-count-not-derived-from-early-stop x tests/test_rank_prefilter_findings.py::test_the_findings_record_what_stopping_early_costs_per_covered_defect
    the test's module imports no first-party module, the test takes no fixture, and it references no name defined in src/acceptance/report.py — no path to the defect exists
  [prefiltered] skipped-by-stopping-early-count/skip-count-not-derived-from-early-stop x tests/test_rank_prefilter_findings.py::test_the_replay_figures_in_the_findings_are_the_ones_the_replay_printed
    the test's module imports no first-party module, the test takes no fixture, and it references no name defined in src/acceptance/report.py — no path to the defect exists
  [prefiltered] stop-after-configured-number-of-catching-tests/already-covered-skip-not-counted-as-stop x tests/test_decision_records.py::test_dr_202_no_longer_lists_requirement_id_stability_as_open
    the test's module imports no first-party module, the test takes no fixture, and it references no name defined in src/acceptance/defects/pair_mapping.py, src/acceptance/report.py, src/acceptance/review_state.py — no path to the defect exists
  [prefiltered] stop-after-configured-number-of-catching-tests/already-covered-skip-not-counted-as-stop x tests/test_decision_records.py::test_dr_202_records_the_requirement_id_decision_as_resolved
    the test's module imports no first-party module, the test takes no fixture, and it references no name defined in src/acceptance/defects/pair_mapping.py, src/acceptance/report.py, src/acceptance/review_state.py — no path to the defect exists
  [prefiltered] stop-after-configured-number-of-catching-tests/already-covered-skip-not-counted-as-stop x tests/test_rank_prefilter_findings.py::test_the_findings_record_that_the_ranking_holds_without_input_type
    the test's module imports no first-party module, the test takes no fixture, and it references no name defined in src/acceptance/defects/pair_mapping.py, src/acceptance/report.py, src/acceptance/review_state.py — no path to the defect exists
  [prefiltered] stop-after-configured-number-of-catching-tests/already-covered-skip-not-counted-as-stop x tests/test_rank_prefilter_findings.py::test_the_findings_record_the_embedding_model_the_review_ranks_with
    the test's module imports no first-party module, the test takes no fixture, and it references no name defined in src/acceptance/defects/pair_mapping.py, src/acceptance/report.py, src/acceptance/review_state.py — no path to the defect exists
  [prefiltered] stop-after-configured-number-of-catching-tests/already-covered-skip-not-counted-as-stop x tests/test_rank_prefilter_findings.py::test_the_findings_record_what_stopping_early_costs_per_covered_defect
    the test's module imports no first-party module, the test takes no fixture, and it references no name defined in src/acceptance/defects/pair_mapping.py, src/acceptance/report.py, src/acceptance/review_state.py — no path to the defect exists
  [prefiltered] stop-after-configured-number-of-catching-tests/already-covered-skip-not-counted-as-stop x tests/test_rank_prefilter_findings.py::test_the_replay_figures_in_the_findings_are_the_ones_the_replay_printed
    the test's module imports no first-party module, the test takes no fixture, and it references no name defined in src/acceptance/defects/pair_mapping.py, src/acceptance/report.py, src/acceptance/review_state.py — no path to the defect exists
  [prefiltered] stop-after-configured-number-of-catching-tests/stop-condition-reversed x tests/test_decision_records.py::test_dr_202_no_longer_lists_requirement_id_stability_as_open
    the test's module imports no first-party module, the test takes no fixture, and it references no name defined in src/acceptance/defects/pair_mapping.py — no path to the defect exists
  [prefiltered] stop-after-configured-number-of-catching-tests/stop-condition-reversed x tests/test_decision_records.py::test_dr_202_records_the_requirement_id_decision_as_resolved
    the test's module imports no first-party module, the test takes no fixture, and it references no name defined in src/acceptance/defects/pair_mapping.py — no path to the defect exists
  [prefiltered] stop-after-configured-number-of-catching-tests/stop-condition-reversed x tests/test_rank_prefilter_findings.py::test_the_findings_record_that_the_ranking_holds_without_input_type
    the test's module imports no first-party module, the test takes no fixture, and it references no name defined in src/acceptance/defects/pair_mapping.py — no path to the defect exists
  [prefiltered] stop-after-configured-number-of-catching-tests/stop-condition-reversed x tests/test_rank_prefilter_findings.py::test_the_findings_record_the_embedding_model_the_review_ranks_with
    the test's module imports no first-party module, the test takes no fixture, and it references no name defined in src/acceptance/defects/pair_mapping.py — no path to the defect exists
  [prefiltered] stop-after-configured-number-of-catching-tests/stop-condition-reversed x tests/test_rank_prefilter_findings.py::test_the_findings_record_what_stopping_early_costs_per_covered_defect
    the test's module imports no first-party module, the test takes no fixture, and it references no name defined in src/acceptance/defects/pair_mapping.py — no path to the defect exists
  [prefiltered] stop-after-configured-number-of-catching-tests/stop-condition-reversed x tests/test_rank_prefilter_findings.py::test_the_replay_figures_in_the_findings_are_the_ones_the_replay_printed
    the test's module imports no first-party module, the test takes no fixture, and it references no name defined in src/acceptance/defects/pair_mapping.py — no path to the defect exists
  [prefiltered] stop-after-configured-number-of-catching-tests/stop-limit-not-propagated-to-walk x tests/test_decision_records.py::test_dr_202_no_longer_lists_requirement_id_stability_as_open
    the test's module imports no first-party module, the test takes no fixture, and it references no name defined in src/acceptance/cli.py, src/acceptance/config.py, src/acceptance/defects/pair_mapping.py, src/acceptance/pipeline.py — no path to the defect exists
  [prefiltered] stop-after-configured-number-of-catching-tests/stop-limit-not-propagated-to-walk x tests/test_decision_records.py::test_dr_202_records_the_requirement_id_decision_as_resolved
    the test's module imports no first-party module, the test takes no fixture, and it references no name defined in src/acceptance/cli.py, src/acceptance/config.py, src/acceptance/defects/pair_mapping.py, src/acceptance/pipeline.py — no path to the defect exists
  [prefiltered] stop-after-configured-number-of-catching-tests/stop-limit-not-propagated-to-walk x tests/test_rank_prefilter_findings.py::test_the_findings_record_that_the_ranking_holds_without_input_type
    the test's module imports no first-party module, the test takes no fixture, and it references no name defined in src/acceptance/cli.py, src/acceptance/config.py, src/acceptance/defects/pair_mapping.py, src/acceptance/pipeline.py — no path to the defect exists
  [prefiltered] stop-after-configured-number-of-catching-tests/stop-limit-not-propagated-to-walk x tests/test_rank_prefilter_findings.py::test_the_findings_record_the_embedding_model_the_review_ranks_with
    the test's module imports no first-party module, the test takes no fixture, and it references no name defined in src/acceptance/cli.py, src/acceptance/config.py, src/acceptance/defects/pair_mapping.py, src/acceptance/pipeline.py — no path to the defect exists
  [prefiltered] stop-after-configured-number-of-catching-tests/stop-limit-not-propagated-to-walk x tests/test_rank_prefilter_findings.py::test_the_findings_record_what_stopping_early_costs_per_covered_defect
    the test's module imports no first-party module, the test takes no fixture, and it references no name defined in src/acceptance/cli.py, src/acceptance/config.py, src/acceptance/defects/pair_mapping.py, src/acceptance/pipeline.py — no path to the defect exists
  [prefiltered] stop-after-configured-number-of-catching-tests/stop-limit-not-propagated-to-walk x tests/test_rank_prefilter_findings.py::test_the_replay_figures_in_the_findings_are_the_ones_the_replay_printed
    the test's module imports no first-party module, the test takes no fixture, and it references no name defined in src/acceptance/cli.py, src/acceptance/config.py, src/acceptance/defects/pair_mapping.py, src/acceptance/pipeline.py — no path to the defect exists
  [prefiltered] stop-after-configured-number-of-catching-tests/stop-only-applies-to-some-defects x tests/test_decision_records.py::test_dr_202_no_longer_lists_requirement_id_stability_as_open
    the test's module imports no first-party module, the test takes no fixture, and it references no name defined in src/acceptance/config.py, src/acceptance/defects/pair_mapping.py, src/acceptance/pipeline.py — no path to the defect exists
  [prefiltered] stop-after-configured-number-of-catching-tests/stop-only-applies-to-some-defects x tests/test_decision_records.py::test_dr_202_records_the_requirement_id_decision_as_resolved
    the test's module imports no first-party module, the test takes no fixture, and it references no name defined in src/acceptance/config.py, src/acceptance/defects/pair_mapping.py, src/acceptance/pipeline.py — no path to the defect exists
  [prefiltered] stop-after-configured-number-of-catching-tests/stop-only-applies-to-some-defects x tests/test_rank_prefilter_findings.py::test_the_findings_record_that_the_ranking_holds_without_input_type
    the test's module imports no first-party module, the test takes no fixture, and it references no name defined in src/acceptance/config.py, src/acceptance/defects/pair_mapping.py, src/acceptance/pipeline.py — no path to the defect exists
  [prefiltered] stop-after-configured-number-of-catching-tests/stop-only-applies-to-some-defects x tests/test_rank_prefilter_findings.py::test_the_findings_record_the_embedding_model_the_review_ranks_with
    the test's module imports no first-party module, the test takes no fixture, and it references no name defined in src/acceptance/config.py, src/acceptance/defects/pair_mapping.py, src/acceptance/pipeline.py — no path to the defect exists
  [prefiltered] stop-after-configured-number-of-catching-tests/stop-only-applies-to-some-defects x tests/test_rank_prefilter_findings.py::test_the_findings_record_what_stopping_early_costs_per_covered_defect
    the test's module imports no first-party module, the test takes no fixture, and it references no name defined in src/acceptance/config.py, src/acceptance/defects/pair_mapping.py, src/acceptance/pipeline.py — no path to the defect exists
  [prefiltered] stop-after-configured-number-of-catching-tests/stop-only-applies-to-some-defects x tests/test_rank_prefilter_findings.py::test_the_replay_figures_in_the_findings_are_the_ones_the_replay_printed
    the test's module imports no first-party module, the test takes no fixture, and it references no name defined in src/acceptance/config.py, src/acceptance/defects/pair_mapping.py, src/acceptance/pipeline.py — no path to the defect exists
  [prefiltered] test-every-test-asked-about/ranked-walk-omits-remaining-tests x tests/test_decision_records.py::test_dr_202_no_longer_lists_requirement_id_stability_as_open
    the test's module imports no first-party module, the test takes no fixture, and it references no name defined in src/acceptance/defects/pair_mapping.py, src/acceptance/defects/support.py, src/acceptance/review_state.py — no path to the defect exists
  [prefiltered] test-every-test-asked-about/ranked-walk-omits-remaining-tests x tests/test_decision_records.py::test_dr_202_records_the_requirement_id_decision_as_resolved
    the test's module imports no first-party module, the test takes no fixture, and it references no name defined in src/acceptance/defects/pair_mapping.py, src/acceptance/defects/support.py, src/acceptance/review_state.py — no path to the defect exists
  [prefiltered] test-every-test-asked-about/ranked-walk-omits-remaining-tests x tests/test_rank_prefilter_findings.py::test_the_findings_record_that_the_ranking_holds_without_input_type
    the test's module imports no first-party module, the test takes no fixture, and it references no name defined in src/acceptance/defects/pair_mapping.py, src/acceptance/defects/support.py, src/acceptance/review_state.py — no path to the defect exists
  [prefiltered] test-every-test-asked-about/ranked-walk-omits-remaining-tests x tests/test_rank_prefilter_findings.py::test_the_findings_record_the_embedding_model_the_review_ranks_with
    the test's module imports no first-party module, the test takes no fixture, and it references no name defined in src/acceptance/defects/pair_mapping.py, src/acceptance/defects/support.py, src/acceptance/review_state.py — no path to the defect exists
  [prefiltered] test-every-test-asked-about/ranked-walk-omits-remaining-tests x tests/test_rank_prefilter_findings.py::test_the_findings_record_what_stopping_early_costs_per_covered_defect
    the test's module imports no first-party module, the test takes no fixture, and it references no name defined in src/acceptance/defects/pair_mapping.py, src/acceptance/defects/support.py, src/acceptance/review_state.py — no path to the defect exists
  [prefiltered] test-every-test-asked-about/ranked-walk-omits-remaining-tests x tests/test_rank_prefilter_findings.py::test_the_replay_figures_in_the_findings_are_the_ones_the_replay_printed
    the test's module imports no first-party module, the test takes no fixture, and it references no name defined in src/acceptance/defects/pair_mapping.py, src/acceptance/defects/support.py, src/acceptance/review_state.py — no path to the defect exists
  [prefiltered] test-every-test-asked-about/stop-after-kills-wired-through-full-sweep x tests/test_decision_records.py::test_dr_202_no_longer_lists_requirement_id_stability_as_open
    the test's module imports no first-party module, the test takes no fixture, and it references no name defined in src/acceptance/defects/pair_mapping.py, src/acceptance/pipeline.py — no path to the defect exists
  [prefiltered] test-every-test-asked-about/stop-after-kills-wired-through-full-sweep x tests/test_decision_records.py::test_dr_202_records_the_requirement_id_decision_as_resolved
    the test's module imports no first-party module, the test takes no fixture, and it references no name defined in src/acceptance/defects/pair_mapping.py, src/acceptance/pipeline.py — no path to the defect exists
  [prefiltered] test-every-test-asked-about/stop-after-kills-wired-through-full-sweep x tests/test_rank_prefilter_findings.py::test_the_findings_record_that_the_ranking_holds_without_input_type
    the test's module imports no first-party module, the test takes no fixture, and it references no name defined in src/acceptance/defects/pair_mapping.py, src/acceptance/pipeline.py — no path to the defect exists
  [prefiltered] test-every-test-asked-about/stop-after-kills-wired-through-full-sweep x tests/test_rank_prefilter_findings.py::test_the_findings_record_the_embedding_model_the_review_ranks_with
    the test's module imports no first-party module, the test takes no fixture, and it references no name defined in src/acceptance/defects/pair_mapping.py, src/acceptance/pipeline.py — no path to the defect exists
  [prefiltered] test-every-test-asked-about/stop-after-kills-wired-through-full-sweep x tests/test_rank_prefilter_findings.py::test_the_findings_record_what_stopping_early_costs_per_covered_defect
    the test's module imports no first-party module, the test takes no fixture, and it references no name defined in src/acceptance/defects/pair_mapping.py, src/acceptance/pipeline.py — no path to the defect exists
  [prefiltered] test-every-test-asked-about/stop-after-kills-wired-through-full-sweep x tests/test_rank_prefilter_findings.py::test_the_replay_figures_in_the_findings_are_the_ones_the_replay_printed
    the test's module imports no first-party module, the test takes no fixture, and it references no name defined in src/acceptance/defects/pair_mapping.py, src/acceptance/pipeline.py — no path to the defect exists
  [prefiltered] test-every-test-asked-about/stop-rule-skips-uncaught-defects x tests/test_decision_records.py::test_dr_202_no_longer_lists_requirement_id_stability_as_open
    the test's module imports no first-party module, the test takes no fixture, and it references no name defined in src/acceptance/defects/pair_mapping.py, src/acceptance/defects/support.py, src/acceptance/review_state.py — no path to the defect exists
  [prefiltered] test-every-test-asked-about/stop-rule-skips-uncaught-defects x tests/test_decision_records.py::test_dr_202_records_the_requirement_id_decision_as_resolved
    the test's module imports no first-party module, the test takes no fixture, and it references no name defined in src/acceptance/defects/pair_mapping.py, src/acceptance/defects/support.py, src/acceptance/review_state.py — no path to the defect exists
  [prefiltered] test-every-test-asked-about/stop-rule-skips-uncaught-defects x tests/test_rank_prefilter_findings.py::test_the_findings_record_that_the_ranking_holds_without_input_type
    the test's module imports no first-party module, the test takes no fixture, and it references no name defined in src/acceptance/defects/pair_mapping.py, src/acceptance/defects/support.py, src/acceptance/review_state.py — no path to the defect exists
  [prefiltered] test-every-test-asked-about/stop-rule-skips-uncaught-defects x tests/test_rank_prefilter_findings.py::test_the_findings_record_the_embedding_model_the_review_ranks_with
    the test's module imports no first-party module, the test takes no fixture, and it references no name defined in src/acceptance/defects/pair_mapping.py, src/acceptance/defects/support.py, src/acceptance/review_state.py — no path to the defect exists
  [prefiltered] test-every-test-asked-about/stop-rule-skips-uncaught-defects x tests/test_rank_prefilter_findings.py::test_the_findings_record_what_stopping_early_costs_per_covered_defect
    the test's module imports no first-party module, the test takes no fixture, and it references no name defined in src/acceptance/defects/pair_mapping.py, src/acceptance/defects/support.py, src/acceptance/review_state.py — no path to the defect exists
  [prefiltered] test-every-test-asked-about/stop-rule-skips-uncaught-defects x tests/test_rank_prefilter_findings.py::test_the_replay_figures_in_the_findings_are_the_ones_the_replay_printed
    the test's module imports no first-party module, the test takes no fixture, and it references no name defined in src/acceptance/defects/pair_mapping.py, src/acceptance/defects/support.py, src/acceptance/review_state.py — no path to the defect exists
  [prefiltered] test-rank-not-exposed-to-model/rank-field-added-to-unjudged-pair x tests/test_decision_records.py::test_dr_202_no_longer_lists_requirement_id_stability_as_open
    the test's module imports no first-party module, the test takes no fixture, and it references no name defined in src/acceptance/report.py, src/acceptance/review_state.py — no path to the defect exists
  [prefiltered] test-rank-not-exposed-to-model/rank-field-added-to-unjudged-pair x tests/test_decision_records.py::test_dr_202_records_the_requirement_id_decision_as_resolved
    the test's module imports no first-party module, the test takes no fixture, and it references no name defined in src/acceptance/report.py, src/acceptance/review_state.py — no path to the defect exists
  [prefiltered] test-rank-not-exposed-to-model/rank-field-added-to-unjudged-pair x tests/test_rank_prefilter_findings.py::test_the_findings_record_that_the_ranking_holds_without_input_type
    the test's module imports no first-party module, the test takes no fixture, and it references no name defined in src/acceptance/report.py, src/acceptance/review_state.py — no path to the defect exists
  [prefiltered] test-rank-not-exposed-to-model/rank-field-added-to-unjudged-pair x tests/test_rank_prefilter_findings.py::test_the_findings_record_the_embedding_model_the_review_ranks_with
    the test's module imports no first-party module, the test takes no fixture, and it references no name defined in src/acceptance/report.py, src/acceptance/review_state.py — no path to the defect exists
  [prefiltered] test-rank-not-exposed-to-model/rank-field-added-to-unjudged-pair x tests/test_rank_prefilter_findings.py::test_the_findings_record_what_stopping_early_costs_per_covered_defect
    the test's module imports no first-party module, the test takes no fixture, and it references no name defined in src/acceptance/report.py, src/acceptance/review_state.py — no path to the defect exists
  [prefiltered] test-rank-not-exposed-to-model/rank-field-added-to-unjudged-pair x tests/test_rank_prefilter_findings.py::test_the_replay_figures_in_the_findings_are_the_ones_the_replay_printed
    the test's module imports no first-party module, the test takes no fixture, and it references no name defined in src/acceptance/report.py, src/acceptance/review_state.py — no path to the defect exists
  [prefiltered] test-rank-not-exposed-to-model/rank-passed-into-walked-ask-path x tests/test_decision_records.py::test_dr_202_no_longer_lists_requirement_id_stability_as_open
    the test's module imports no first-party module, the test takes no fixture, and it references no name defined in src/acceptance/defects/pair_mapping.py, src/acceptance/pipeline.py, src/acceptance/review_state.py — no path to the defect exists
  [prefiltered] test-rank-not-exposed-to-model/rank-passed-into-walked-ask-path x tests/test_decision_records.py::test_dr_202_records_the_requirement_id_decision_as_resolved
    the test's module imports no first-party module, the test takes no fixture, and it references no name defined in src/acceptance/defects/pair_mapping.py, src/acceptance/pipeline.py, src/acceptance/review_state.py — no path to the defect exists
  [prefiltered] test-rank-not-exposed-to-model/rank-passed-into-walked-ask-path x tests/test_rank_prefilter_findings.py::test_the_findings_record_that_the_ranking_holds_without_input_type
    the test's module imports no first-party module, the test takes no fixture, and it references no name defined in src/acceptance/defects/pair_mapping.py, src/acceptance/pipeline.py, src/acceptance/review_state.py — no path to the defect exists
  [prefiltered] test-rank-not-exposed-to-model/rank-passed-into-walked-ask-path x tests/test_rank_prefilter_findings.py::test_the_findings_record_the_embedding_model_the_review_ranks_with
    the test's module imports no first-party module, the test takes no fixture, and it references no name defined in src/acceptance/defects/pair_mapping.py, src/acceptance/pipeline.py, src/acceptance/review_state.py — no path to the defect exists
  [prefiltered] test-rank-not-exposed-to-model/rank-passed-into-walked-ask-path x tests/test_rank_prefilter_findings.py::test_the_findings_record_what_stopping_early_costs_per_covered_defect
    the test's module imports no first-party module, the test takes no fixture, and it references no name defined in src/acceptance/defects/pair_mapping.py, src/acceptance/pipeline.py, src/acceptance/review_state.py — no path to the defect exists
  [prefiltered] test-rank-not-exposed-to-model/rank-passed-into-walked-ask-path x tests/test_rank_prefilter_findings.py::test_the_replay_figures_in_the_findings_are_the_ones_the_replay_printed
    the test's module imports no first-party module, the test takes no fixture, and it references no name defined in src/acceptance/defects/pair_mapping.py, src/acceptance/pipeline.py, src/acceptance/review_state.py — no path to the defect exists
  [prefiltered] test-rank-not-exposed-to-model/rank-used-in-skip-reason x tests/test_decision_records.py::test_dr_202_no_longer_lists_requirement_id_stability_as_open
    the test's module imports no first-party module, the test takes no fixture, and it references no name defined in src/acceptance/defects/pair_mapping.py, src/acceptance/report.py, src/acceptance/review_state.py — no path to the defect exists
  [prefiltered] test-rank-not-exposed-to-model/rank-used-in-skip-reason x tests/test_decision_records.py::test_dr_202_records_the_requirement_id_decision_as_resolved
    the test's module imports no first-party module, the test takes no fixture, and it references no name defined in src/acceptance/defects/pair_mapping.py, src/acceptance/report.py, src/acceptance/review_state.py — no path to the defect exists
  [prefiltered] test-rank-not-exposed-to-model/rank-used-in-skip-reason x tests/test_rank_prefilter_findings.py::test_the_findings_record_that_the_ranking_holds_without_input_type
    the test's module imports no first-party module, the test takes no fixture, and it references no name defined in src/acceptance/defects/pair_mapping.py, src/acceptance/report.py, src/acceptance/review_state.py — no path to the defect exists
  [prefiltered] test-rank-not-exposed-to-model/rank-used-in-skip-reason x tests/test_rank_prefilter_findings.py::test_the_findings_record_the_embedding_model_the_review_ranks_with
    the test's module imports no first-party module, the test takes no fixture, and it references no name defined in src/acceptance/defects/pair_mapping.py, src/acceptance/report.py, src/acceptance/review_state.py — no path to the defect exists
  [prefiltered] test-rank-not-exposed-to-model/rank-used-in-skip-reason x tests/test_rank_prefilter_findings.py::test_the_findings_record_what_stopping_early_costs_per_covered_defect
    the test's module imports no first-party module, the test takes no fixture, and it references no name defined in src/acceptance/defects/pair_mapping.py, src/acceptance/report.py, src/acceptance/review_state.py — no path to the defect exists
  [prefiltered] test-rank-not-exposed-to-model/rank-used-in-skip-reason x tests/test_rank_prefilter_findings.py::test_the_replay_figures_in_the_findings_are_the_ones_the_replay_printed
    the test's module imports no first-party module, the test takes no fixture, and it references no name defined in src/acceptance/defects/pair_mapping.py, src/acceptance/report.py, src/acceptance/review_state.py — no path to the defect exists
  [prefiltered] unasked-pair-not-answered/covered-pairs-not-preserved-as-unjudged x tests/test_decision_records.py::test_dr_202_no_longer_lists_requirement_id_stability_as_open
    the test's module imports no first-party module, the test takes no fixture, and it references no name defined in src/acceptance/defects/pair_mapping.py, src/acceptance/report.py, src/acceptance/review_state.py — no path to the defect exists
  [prefiltered] unasked-pair-not-answered/covered-pairs-not-preserved-as-unjudged x tests/test_decision_records.py::test_dr_202_records_the_requirement_id_decision_as_resolved
    the test's module imports no first-party module, the test takes no fixture, and it references no name defined in src/acceptance/defects/pair_mapping.py, src/acceptance/report.py, src/acceptance/review_state.py — no path to the defect exists
  [prefiltered] unasked-pair-not-answered/covered-pairs-not-preserved-as-unjudged x tests/test_rank_prefilter_findings.py::test_the_findings_record_that_the_ranking_holds_without_input_type
    the test's module imports no first-party module, the test takes no fixture, and it references no name defined in src/acceptance/defects/pair_mapping.py, src/acceptance/report.py, src/acceptance/review_state.py — no path to the defect exists
  [prefiltered] unasked-pair-not-answered/covered-pairs-not-preserved-as-unjudged x tests/test_rank_prefilter_findings.py::test_the_findings_record_the_embedding_model_the_review_ranks_with
    the test's module imports no first-party module, the test takes no fixture, and it references no name defined in src/acceptance/defects/pair_mapping.py, src/acceptance/report.py, src/acceptance/review_state.py — no path to the defect exists
  [prefiltered] unasked-pair-not-answered/covered-pairs-not-preserved-as-unjudged x tests/test_rank_prefilter_findings.py::test_the_findings_record_what_stopping_early_costs_per_covered_defect
    the test's module imports no first-party module, the test takes no fixture, and it references no name defined in src/acceptance/defects/pair_mapping.py, src/acceptance/report.py, src/acceptance/review_state.py — no path to the defect exists
  [prefiltered] unasked-pair-not-answered/covered-pairs-not-preserved-as-unjudged x tests/test_rank_prefilter_findings.py::test_the_replay_figures_in_the_findings_are_the_ones_the_replay_printed
    the test's module imports no first-party module, the test takes no fixture, and it references no name defined in src/acceptance/defects/pair_mapping.py, src/acceptance/report.py, src/acceptance/review_state.py — no path to the defect exists
  [prefiltered] unasked-pair-not-answered/early-stop-not-enabled-on-review-path x tests/test_decision_records.py::test_dr_202_no_longer_lists_requirement_id_stability_as_open
    the test's module imports no first-party module, the test takes no fixture, and it references no name defined in src/acceptance/cli.py, src/acceptance/pipeline.py — no path to the defect exists
  [prefiltered] unasked-pair-not-answered/early-stop-not-enabled-on-review-path x tests/test_decision_records.py::test_dr_202_records_the_requirement_id_decision_as_resolved
    the test's module imports no first-party module, the test takes no fixture, and it references no name defined in src/acceptance/cli.py, src/acceptance/pipeline.py — no path to the defect exists
  [prefiltered] unasked-pair-not-answered/early-stop-not-enabled-on-review-path x tests/test_rank_prefilter_findings.py::test_the_findings_record_that_the_ranking_holds_without_input_type
    the test's module imports no first-party module, the test takes no fixture, and it references no name defined in src/acceptance/cli.py, src/acceptance/pipeline.py — no path to the defect exists
  [prefiltered] unasked-pair-not-answered/early-stop-not-enabled-on-review-path x tests/test_rank_prefilter_findings.py::test_the_findings_record_the_embedding_model_the_review_ranks_with
    the test's module imports no first-party module, the test takes no fixture, and it references no name defined in src/acceptance/cli.py, src/acceptance/pipeline.py — no path to the defect exists
  [prefiltered] unasked-pair-not-answered/early-stop-not-enabled-on-review-path x tests/test_rank_prefilter_findings.py::test_the_findings_record_what_stopping_early_costs_per_covered_defect
    the test's module imports no first-party module, the test takes no fixture, and it references no name defined in src/acceptance/cli.py, src/acceptance/pipeline.py — no path to the defect exists
  [prefiltered] unasked-pair-not-answered/early-stop-not-enabled-on-review-path x tests/test_rank_prefilter_findings.py::test_the_replay_figures_in_the_findings_are_the_ones_the_replay_printed
    the test's module imports no first-party module, the test takes no fixture, and it references no name defined in src/acceptance/cli.py, src/acceptance/pipeline.py — no path to the defect exists
  [prefiltered] unasked-pair-not-answered/stopped-pairs-marked-as-unanswered x tests/test_decision_records.py::test_dr_202_no_longer_lists_requirement_id_stability_as_open
    the test's module imports no first-party module, the test takes no fixture, and it references no name defined in src/acceptance/defects/pair_mapping.py, src/acceptance/defects/support.py, src/acceptance/review_state.py — no path to the defect exists
  [prefiltered] unasked-pair-not-answered/stopped-pairs-marked-as-unanswered x tests/test_decision_records.py::test_dr_202_records_the_requirement_id_decision_as_resolved
    the test's module imports no first-party module, the test takes no fixture, and it references no name defined in src/acceptance/defects/pair_mapping.py, src/acceptance/defects/support.py, src/acceptance/review_state.py — no path to the defect exists
  [prefiltered] unasked-pair-not-answered/stopped-pairs-marked-as-unanswered x tests/test_rank_prefilter_findings.py::test_the_findings_record_that_the_ranking_holds_without_input_type
    the test's module imports no first-party module, the test takes no fixture, and it references no name defined in src/acceptance/defects/pair_mapping.py, src/acceptance/defects/support.py, src/acceptance/review_state.py — no path to the defect exists
  [prefiltered] unasked-pair-not-answered/stopped-pairs-marked-as-unanswered x tests/test_rank_prefilter_findings.py::test_the_findings_record_the_embedding_model_the_review_ranks_with
    the test's module imports no first-party module, the test takes no fixture, and it references no name defined in src/acceptance/defects/pair_mapping.py, src/acceptance/defects/support.py, src/acceptance/review_state.py — no path to the defect exists
  [prefiltered] unasked-pair-not-answered/stopped-pairs-marked-as-unanswered x tests/test_rank_prefilter_findings.py::test_the_findings_record_what_stopping_early_costs_per_covered_defect
    the test's module imports no first-party module, the test takes no fixture, and it references no name defined in src/acceptance/defects/pair_mapping.py, src/acceptance/defects/support.py, src/acceptance/review_state.py — no path to the defect exists
  [prefiltered] unasked-pair-not-answered/stopped-pairs-marked-as-unanswered x tests/test_rank_prefilter_findings.py::test_the_replay_figures_in_the_findings_are_the_ones_the_replay_printed
    the test's module imports no first-party module, the test takes no fixture, and it references no name defined in src/acceptance/defects/pair_mapping.py, src/acceptance/defects/support.py, src/acceptance/review_state.py — no path to the defect exists
  [prefiltered] unjudged-recorded/unjudged-cause-misclassified-as-covered x tests/test_decision_records.py::test_dr_202_no_longer_lists_requirement_id_stability_as_open
    the test's module imports no first-party module, the test takes no fixture, and it references no name defined in src/acceptance/defects/pair_mapping.py, src/acceptance/pipeline.py, src/acceptance/report.py, src/acceptance/review_state.py — no path to the defect exists
  [prefiltered] unjudged-recorded/unjudged-cause-misclassified-as-covered x tests/test_decision_records.py::test_dr_202_records_the_requirement_id_decision_as_resolved
    the test's module imports no first-party module, the test takes no fixture, and it references no name defined in src/acceptance/defects/pair_mapping.py, src/acceptance/pipeline.py, src/acceptance/report.py, src/acceptance/review_state.py — no path to the defect exists
  [prefiltered] unjudged-recorded/unjudged-cause-misclassified-as-covered x tests/test_rank_prefilter_findings.py::test_the_findings_record_that_the_ranking_holds_without_input_type
    the test's module imports no first-party module, the test takes no fixture, and it references no name defined in src/acceptance/defects/pair_mapping.py, src/acceptance/pipeline.py, src/acceptance/report.py, src/acceptance/review_state.py — no path to the defect exists
  [prefiltered] unjudged-recorded/unjudged-cause-misclassified-as-covered x tests/test_rank_prefilter_findings.py::test_the_findings_record_the_embedding_model_the_review_ranks_with
    the test's module imports no first-party module, the test takes no fixture, and it references no name defined in src/acceptance/defects/pair_mapping.py, src/acceptance/pipeline.py, src/acceptance/report.py, src/acceptance/review_state.py — no path to the defect exists
  [prefiltered] unjudged-recorded/unjudged-cause-misclassified-as-covered x tests/test_rank_prefilter_findings.py::test_the_findings_record_what_stopping_early_costs_per_covered_defect
    the test's module imports no first-party module, the test takes no fixture, and it references no name defined in src/acceptance/defects/pair_mapping.py, src/acceptance/pipeline.py, src/acceptance/report.py, src/acceptance/review_state.py — no path to the defect exists
  [prefiltered] unjudged-recorded/unjudged-cause-misclassified-as-covered x tests/test_rank_prefilter_findings.py::test_the_replay_figures_in_the_findings_are_the_ones_the_replay_printed
    the test's module imports no first-party module, the test takes no fixture, and it references no name defined in src/acceptance/defects/pair_mapping.py, src/acceptance/pipeline.py, src/acceptance/report.py, src/acceptance/review_state.py — no path to the defect exists
  [prefiltered] unjudged-recorded/unjudged-cause-not-rendered x tests/test_decision_records.py::test_dr_202_no_longer_lists_requirement_id_stability_as_open
    the test's module imports no first-party module, the test takes no fixture, and it references no name defined in src/acceptance/report.py — no path to the defect exists
  [prefiltered] unjudged-recorded/unjudged-cause-not-rendered x tests/test_decision_records.py::test_dr_202_records_the_requirement_id_decision_as_resolved
    the test's module imports no first-party module, the test takes no fixture, and it references no name defined in src/acceptance/report.py — no path to the defect exists
  [prefiltered] unjudged-recorded/unjudged-cause-not-rendered x tests/test_rank_prefilter_findings.py::test_the_findings_record_that_the_ranking_holds_without_input_type
    the test's module imports no first-party module, the test takes no fixture, and it references no name defined in src/acceptance/report.py — no path to the defect exists
  [prefiltered] unjudged-recorded/unjudged-cause-not-rendered x tests/test_rank_prefilter_findings.py::test_the_findings_record_the_embedding_model_the_review_ranks_with
    the test's module imports no first-party module, the test takes no fixture, and it references no name defined in src/acceptance/report.py — no path to the defect exists
  [prefiltered] unjudged-recorded/unjudged-cause-not-rendered x tests/test_rank_prefilter_findings.py::test_the_findings_record_what_stopping_early_costs_per_covered_defect
    the test's module imports no first-party module, the test takes no fixture, and it references no name defined in src/acceptance/report.py — no path to the defect exists
  [prefiltered] unjudged-recorded/unjudged-cause-not-rendered x tests/test_rank_prefilter_findings.py::test_the_replay_figures_in_the_findings_are_the_ones_the_replay_printed
    the test's module imports no first-party module, the test takes no fixture, and it references no name defined in src/acceptance/report.py — no path to the defect exists
  [prefiltered] unjudged-recorded/unjudged-recorded-only-for-covered-defects x tests/test_decision_records.py::test_dr_202_no_longer_lists_requirement_id_stability_as_open
    the test's module imports no first-party module, the test takes no fixture, and it references no name defined in src/acceptance/report.py, src/acceptance/review_state.py — no path to the defect exists
  [prefiltered] unjudged-recorded/unjudged-recorded-only-for-covered-defects x tests/test_decision_records.py::test_dr_202_records_the_requirement_id_decision_as_resolved
    the test's module imports no first-party module, the test takes no fixture, and it references no name defined in src/acceptance/report.py, src/acceptance/review_state.py — no path to the defect exists
  [prefiltered] unjudged-recorded/unjudged-recorded-only-for-covered-defects x tests/test_rank_prefilter_findings.py::test_the_findings_record_that_the_ranking_holds_without_input_type
    the test's module imports no first-party module, the test takes no fixture, and it references no name defined in src/acceptance/report.py, src/acceptance/review_state.py — no path to the defect exists
  [prefiltered] unjudged-recorded/unjudged-recorded-only-for-covered-defects x tests/test_rank_prefilter_findings.py::test_the_findings_record_the_embedding_model_the_review_ranks_with
    the test's module imports no first-party module, the test takes no fixture, and it references no name defined in src/acceptance/report.py, src/acceptance/review_state.py — no path to the defect exists
  [prefiltered] unjudged-recorded/unjudged-recorded-only-for-covered-defects x tests/test_rank_prefilter_findings.py::test_the_findings_record_what_stopping_early_costs_per_covered_defect
    the test's module imports no first-party module, the test takes no fixture, and it references no name defined in src/acceptance/report.py, src/acceptance/review_state.py — no path to the defect exists
  [prefiltered] unjudged-recorded/unjudged-recorded-only-for-covered-defects x tests/test_rank_prefilter_findings.py::test_the_replay_figures_in_the_findings_are_the_ones_the_replay_printed
    the test's module imports no first-party module, the test takes no fixture, and it references no name defined in src/acceptance/report.py, src/acceptance/review_state.py — no path to the defect exists
  [prefiltered] unknown-pairs-exclusion/missing-exclusion-in-support-derivation x tests/test_decision_records.py::test_dr_202_no_longer_lists_requirement_id_stability_as_open
    the test's module imports no first-party module, the test takes no fixture, and it references no name defined in src/acceptance/defects/support.py, src/acceptance/review_state.py — no path to the defect exists
  [prefiltered] unknown-pairs-exclusion/missing-exclusion-in-support-derivation x tests/test_decision_records.py::test_dr_202_records_the_requirement_id_decision_as_resolved
    the test's module imports no first-party module, the test takes no fixture, and it references no name defined in src/acceptance/defects/support.py, src/acceptance/review_state.py — no path to the defect exists
  [prefiltered] unknown-pairs-exclusion/missing-exclusion-in-support-derivation x tests/test_rank_prefilter_findings.py::test_the_findings_record_that_the_ranking_holds_without_input_type
    the test's module imports no first-party module, the test takes no fixture, and it references no name defined in src/acceptance/defects/support.py, src/acceptance/review_state.py — no path to the defect exists
  [prefiltered] unknown-pairs-exclusion/missing-exclusion-in-support-derivation x tests/test_rank_prefilter_findings.py::test_the_findings_record_the_embedding_model_the_review_ranks_with
    the test's module imports no first-party module, the test takes no fixture, and it references no name defined in src/acceptance/defects/support.py, src/acceptance/review_state.py — no path to the defect exists
  [prefiltered] unknown-pairs-exclusion/missing-exclusion-in-support-derivation x tests/test_rank_prefilter_findings.py::test_the_findings_record_what_stopping_early_costs_per_covered_defect
    the test's module imports no first-party module, the test takes no fixture, and it references no name defined in src/acceptance/defects/support.py, src/acceptance/review_state.py — no path to the defect exists
  [prefiltered] unknown-pairs-exclusion/missing-exclusion-in-support-derivation x tests/test_rank_prefilter_findings.py::test_the_replay_figures_in_the_findings_are_the_ones_the_replay_printed
    the test's module imports no first-party module, the test takes no fixture, and it references no name defined in src/acceptance/defects/support.py, src/acceptance/review_state.py — no path to the defect exists
  [prefiltered] unknown-pairs-exclusion/report-counts-skipped-pairs-as-unknown x tests/test_decision_records.py::test_dr_202_no_longer_lists_requirement_id_stability_as_open
    the test's module imports no first-party module, the test takes no fixture, and it references no name defined in src/acceptance/report.py — no path to the defect exists
  [prefiltered] unknown-pairs-exclusion/report-counts-skipped-pairs-as-unknown x tests/test_decision_records.py::test_dr_202_records_the_requirement_id_decision_as_resolved
    the test's module imports no first-party module, the test takes no fixture, and it references no name defined in src/acceptance/report.py — no path to the defect exists
  [prefiltered] unknown-pairs-exclusion/report-counts-skipped-pairs-as-unknown x tests/test_rank_prefilter_findings.py::test_the_findings_record_that_the_ranking_holds_without_input_type
    the test's module imports no first-party module, the test takes no fixture, and it references no name defined in src/acceptance/report.py — no path to the defect exists
  [prefiltered] unknown-pairs-exclusion/report-counts-skipped-pairs-as-unknown x tests/test_rank_prefilter_findings.py::test_the_findings_record_the_embedding_model_the_review_ranks_with
    the test's module imports no first-party module, the test takes no fixture, and it references no name defined in src/acceptance/report.py — no path to the defect exists
  [prefiltered] unknown-pairs-exclusion/report-counts-skipped-pairs-as-unknown x tests/test_rank_prefilter_findings.py::test_the_findings_record_what_stopping_early_costs_per_covered_defect
    the test's module imports no first-party module, the test takes no fixture, and it references no name defined in src/acceptance/report.py — no path to the defect exists
  [prefiltered] unknown-pairs-exclusion/report-counts-skipped-pairs-as-unknown x tests/test_rank_prefilter_findings.py::test_the_replay_figures_in_the_findings_are_the_ones_the_replay_printed
    the test's module imports no first-party module, the test takes no fixture, and it references no name defined in src/acceptance/report.py — no path to the defect exists
  [passed_under_edit] batch-questions-in-existing-group-sizes/ranked-walk-bypasses-batch-boundaries-for-covered-defects x 375 candidate test(s)
    not asked: the test still passed when this defect was injected, and 4 other candidate test(s) failed under the same edit. The edit was not verified, so this is not evidence that the test fails to catch the defect.
  [passed_under_edit] batch-questions-in-existing-group-sizes/stop-after-kills-not-threaded-through-all-callers x 378 candidate test(s)
    not asked: the test still passed when this defect was injected, and 1 other candidate test(s) failed under the same edit. The edit was not verified, so this is not evidence that the test fails to catch the defect.
  [passed_under_edit] default-number-is-one/default-stop-count-not-one x 378 candidate test(s)
    not asked: the test still passed when this defect was injected, and 1 other candidate test(s) failed under the same edit. The edit was not verified, so this is not evidence that the test fails to catch the defect.
  [passed_under_edit] defect-rating-unchanged/covered-skip-not-validated-against-kills x 378 candidate test(s)
    not asked: the test still passed when this defect was injected, and 1 other candidate test(s) failed under the same edit. The edit was not verified, so this is not evidence that the test fails to catch the defect.
  [passed_under_edit] preserve-candidate-test-set/early-stop-drops-unasked-candidates x 375 candidate test(s)
    not asked: the test still passed when this defect was injected, and 4 other candidate test(s) failed under the same edit. The edit was not verified, so this is not evidence that the test fails to catch the defect.
  [passed_under_edit] prior-catches-not-exposed-to-model/ranked-stop-ask-path-forwards-covered-by x 367 candidate test(s)
    not asked: the test still passed when this defect was injected, and 12 other candidate test(s) failed under the same edit. The edit was not verified, so this is not evidence that the test fails to catch the defect.
  [passed_under_edit] rank-tests-in-similarity-order/ranking-only-applies-to-stop-after-kills x 360 candidate test(s)
    not asked: the test still passed when this defect was injected, and 19 other candidate test(s) failed under the same edit. The edit was not verified, so this is not evidence that the test fails to catch the defect.
  [passed_under_edit] ranking-and-stopping-can-be-turned-off/stop-after-kills-none-still-ranks x 355 candidate test(s)
    not asked: the test still passed when this defect was injected, and 24 other candidate test(s) failed under the same edit. The edit was not verified, so this is not evidence that the test fails to catch the defect.
  [passed_under_edit] ranking-not-exposed-to-model/ranking-leaks-via-walked-pair-order x 374 candidate test(s)
    not asked: the test still passed when this defect was injected, and 5 other candidate test(s) failed under the same edit. The edit was not verified, so this is not evidence that the test fails to catch the defect.
  [passed_under_edit] review-can-still-run-as-today/ranked-walk-not-called-from-judge-pairs x 374 candidate test(s)
    not asked: the test still passed when this defect was injected, and 5 other candidate test(s) failed under the same edit. The edit was not verified, so this is not evidence that the test fails to catch the defect.
  [passed_under_edit] stop-after-configured-number-of-catching-tests/stop-condition-reversed x 367 candidate test(s)
    not asked: the test still passed when this defect was injected, and 12 other candidate test(s) failed under the same edit. The edit was not verified, so this is not evidence that the test fails to catch the defect.
  [passed_under_edit] test-every-test-asked-about/ranked-walk-omits-remaining-tests x 375 candidate test(s)
    not asked: the test still passed when this defect was injected, and 4 other candidate test(s) failed under the same edit. The edit was not verified, so this is not evidence that the test fails to catch the defect.
  [defect_already_covered] batch-questions-in-existing-group-sizes/fixed-round-size-ignores-existing-batch-size x 488 candidate test(s), ranked 5 to 492
    not asked: the defect was already covered by tests/defects/test_pair_ranking.py::test_rounds_double_so_a_long_sweep_takes_few_of_them
  [defect_already_covered] batch-questions-in-existing-group-sizes/ranked-walk-bypasses-batch-boundaries-for-covered-defects x 105 candidate test(s), ranked 36 to 487
    not asked: the defect was already covered by tests/defects/test_pair_ranking.py::test_the_report_counts_each_defects_asked_and_skipped_pairs
  [defect_already_covered] batch-questions-in-existing-group-sizes/stop-after-kills-not-threaded-through-all-callers x 110 candidate test(s), ranked 20 to 491
    not asked: the defect was already covered by tests/defects/test_pair_ranking.py::test_the_pipeline_ranks_and_stops_by_default
  [defect_already_covered] cause-names-rank-and-tests/rank-and-covered-tests-not-stored-on-unjudged-pairs x 488 candidate test(s), ranked 5 to 492
    not asked: the defect was already covered by tests/defects/test_pair_ranking.py::test_the_cause_cannot_be_recorded_without_its_rank_and_covering_tests
  [defect_already_covered] cause-names-rank-and-tests/report-omits-rank-or-covered-tests-for-covered-skips x 488 candidate test(s), ranked 5 to 492
    not asked: the defect was already covered by tests/defects/test_pair_ranking.py::test_every_pair_not_asked_is_recorded_with_its_rank_and_what_covered_it
  [defect_already_covered] cause-only-on-defects-with-configured-catching-tests/missing-coverage-check-on-unjudged-cause x 480 candidate test(s), ranked 13 to 492
    not asked: the defect was already covered by tests/defects/test_support.py::test_an_unjudged_defect_never_reads_as_a_surviving_one
  [defect_already_covered] default-number-is-one/default-stop-count-not-one x 110 candidate test(s), ranked 16 to 492
    not asked: the defect was already covered by tests/defects/test_pair_ranking.py::test_the_pipeline_ranks_and_stops_by_default
  [defect_already_covered] defect-rating-unchanged/covered-skip-counted-as-unknown x 488 candidate test(s), ranked 5 to 492
    not asked: the defect was already covered by tests/defects/test_pair_ranking.py::test_a_skipped_pair_derives_no_verdict_and_is_not_unknown
  [defect_already_covered] defect-rating-unchanged/covered-skip-not-validated-against-kills x 110 candidate test(s), ranked 22 to 489
    not asked: the defect was already covered by tests/defects/test_pair_ranking.py::test_the_cause_is_refused_on_a_defect_its_named_tests_do_not_cover
  [defect_already_covered] deterministic-embedding-replay/embedding-cache-not-replayed-in-record-mode x 488 candidate test(s), ranked 5 to 492
    not asked: the defect was already covered by tests/requirement/test_link_prefilter.py::test_an_embedding_request_is_replayed_from_its_recording_rather_than_issued_again, tests/test_determinism.py::test_two_recorded_runs_are_byte_identical
  [defect_already_covered] deterministic-embedding-replay/embedding-request-shape-not-stable x 488 candidate test(s), ranked 5 to 492
    not asked: the defect was already covered by tests/requirement/test_link_prefilter.py::test_changing_the_embedding_model_invalidates_the_recorded_linking_requests
  [defect_already_covered] embedding-request-unchanged/embedding-request-unchanged-criterion-not-applied-to-ranking-path x 480 candidate test(s), ranked 13 to 492
    not asked: the defect was already covered by tests/requirement/test_link_prefilter.py::test_changing_the_threshold_invalidates_the_recorded_linking_requests
  [defect_already_covered] embedding-request-unchanged/stop-after-kills-changes-request-set x 488 candidate test(s), ranked 5 to 492
    not asked: the defect was already covered by tests/requirement/test_link_prefilter.py::test_a_pair_missing_a_vector_is_asked_rather_than_dropped
  [defect_already_covered] leftover-pairs-only/already-covered-skips-not-preserved-through-support x 488 candidate test(s), ranked 5 to 492
    not asked: the defect was already covered by tests/defects/test_pair_mapping.py::test_a_defect_whose_asked_pairs_yield_no_kill_has_its_skipped_pairs_judged
  [defect_already_covered] leftover-pairs-only/full-sweep-path-bypasses-leftover-filter x 480 candidate test(s), ranked 13 to 492
    not asked: the defect was already covered by tests/defects/test_pair_mapping.py::test_a_defect_whose_asked_pairs_yield_no_kill_has_its_skipped_pairs_judged, tests/defects/test_pair_ranking.py::test_the_pipeline_can_still_run_the_full_sweep, tests/defects/test_pair_ranking.py::test_turned_off_it_asks_every_pair_in_one_pass_and_embeds_nothing
  [defect_already_covered] leftover-pairs-only/stop-rule-ignores-preexisting-skips x 480 candidate test(s), ranked 13 to 492
    not asked: the defect was already covered by tests/defects/test_pair_mapping.py::test_a_kill_on_an_asked_pair_keeps_the_saving
  [defect_already_covered] pairs-asked-about-count-per-defect/asked-count-excludes-unanswered-pairs x 480 candidate test(s), ranked 13 to 492
    not asked: the defect was already covered by tests/defects/test_pair_ranking.py::test_the_report_counts_each_defects_asked_and_skipped_pairs
  [defect_already_covered] pairs-asked-about-count-per-defect/count-not-shown-for-defects-with-no-verdicts x 432 candidate test(s), ranked 61 to 492
    not asked: the defect was already covered by tests/test_report.py::test_every_rating_the_report_shows_carries_a_denominator_or_says_why_not
  [defect_already_covered] pairs-asked-about-count-per-defect/count-only-shown-when-review-exists x 432 candidate test(s), ranked 61 to 492
    not asked: the defect was already covered by tests/test_report.py::test_every_rating_the_report_shows_carries_a_denominator_or_says_why_not
  [defect_already_covered] preserve-candidate-test-set/early-stop-drops-unasked-candidates x 113 candidate test(s), ranked 13 to 492
    not asked: the defect was already covered by tests/defects/test_pair_ranking.py::test_a_covered_defect_is_asked_no_further, tests/defects/test_pair_ranking.py::test_rounds_double_so_a_long_sweep_takes_few_of_them
  [defect_already_covered] preserve-candidate-test-set/ranking-excludes-tests-not-in-review x 480 candidate test(s), ranked 13 to 492
    not asked: the defect was already covered by tests/defects/test_pair_mapping.py::test_a_defect_whose_asked_pairs_yield_no_kill_has_its_skipped_pairs_judged, tests/test_mutation_verdicts.py::TestTheRatingReadsBoth::test_an_uncovered_defect_is_only_as_known_as_its_weakest_verdict
  [defect_already_covered] prior-catches-not-exposed-to-model/covered-by-leaks-into-prompt x 480 candidate test(s), ranked 13 to 492
    not asked: the defect was already covered by tests/test_mutation_pipeline_wiring.py::TestAnUnverifiedEditIsNotEvidence::test_its_defect_still_goes_to_the_static_judge, tests/test_pair_routing.py::TestWhichPairsTheRunAnswers::test_a_test_that_failed_under_the_edit_is_still_asked
  [defect_already_covered] prior-catches-not-exposed-to-model/ranked-stop-ask-path-forwards-covered-by x 121 candidate test(s), ranked 5 to 492
    not asked: the defect was already covered by tests/defects/test_pair_ranking.py::test_nothing_about_the_ranking_reaches_the_judge
  [defect_already_covered] question-input-unchanged/ranked-walk-leaks-ranking-into-asked-pairs x 488 candidate test(s), ranked 5 to 492
    not asked: the defect was already covered by tests/defects/test_pair_ranking.py::test_nothing_about_the_ranking_reaches_the_judge
  [defect_already_covered] question-input-unchanged/ranking-stage-uses-different-embedding-inputs-than-judge-prompt x 432 candidate test(s), ranked 61 to 492
    not asked: the defect was already covered by tests/requirement/test_link_prefilter.py::test_changing_the_threshold_invalidates_the_recorded_linking_requests
  [defect_already_covered] question-input-unchanged/stop-rule-path-adds-coverage-reason-to-model-request x 432 candidate test(s), ranked 61 to 492
    not asked: the defect was already covered by tests/test_unevidenceable_obligations.py::test_an_obligation_requiring_no_code_evidence_never_reaches_the_coverage_stage, tests/test_unevidenceable_obligations.py::test_an_obligation_requiring_no_test_evidence_never_reaches_the_prescriber
  [defect_already_covered] rank-candidate-tests-by-similarity/ranking-not-applied-to-all-judged-pairs x 464 candidate test(s), ranked 29 to 492
    not asked: the defect was already covered by tests/defects/test_pair_ranking.py::test_every_pair_not_asked_is_recorded_with_its_rank_and_what_covered_it
  [defect_already_covered] rank-candidate-tests-by-similarity/ranking-not-used-for-full-sweep-mode x 374 candidate test(s), ranked 7 to 492
    not asked: the defect was already covered by tests/defects/test_pair_ranking.py::test_nothing_about_the_ranking_reaches_the_judge, tests/defects/test_pair_ranking.py::test_tests_are_asked_most_similar_first
  [defect_already_covered] rank-candidate-tests-by-similarity/ranking-uses-description-fallbacks x 368 candidate test(s), ranked 125 to 492
    not asked: the defect was already covered by tests/defects/test_pair_ranking.py::test_tests_are_asked_most_similar_first
  [defect_already_covered] rank-tests-in-similarity-order/ranking-breaks-ties-non-deterministically x 488 candidate test(s), ranked 5 to 492
    not asked: the defect was already covered by tests/requirement/test_obligation_echo.py::test_two_runs_over_identical_task_text_produce_identical_review_state
  [defect_already_covered] rank-tests-in-similarity-order/ranking-not-applied-to-walk x 480 candidate test(s), ranked 13 to 492
    not asked: the defect was already covered by tests/defects/test_pair_mapping.py::test_every_request_is_a_full_rectangle, tests/defects/test_pair_ranking.py::test_a_covered_defect_is_asked_no_further, tests/defects/test_pair_ranking.py::test_tests_are_asked_most_similar_first
  [defect_already_covered] rank-tests-in-similarity-order/ranking-only-applies-to-stop-after-kills x 128 candidate test(s), ranked 12 to 491
    not asked: the defect was already covered by tests/defects/test_pair_ranking.py::test_the_pipeline_ranks_and_stops_by_default
  [defect_already_covered] rank-tests-in-similarity-order/ranking-sorted-ascending-instead-of-descending x 488 candidate test(s), ranked 5 to 492
    not asked: the defect was already covered by tests/defects/test_pair_ranking.py::test_tests_are_asked_most_similar_first
  [defect_already_covered] rank-tests-in-similarity-order/ranking-uses-description-text-instead-of-source x 368 candidate test(s), ranked 125 to 492
    not asked: the defect was already covered by tests/defects/test_pair_ranking.py::test_tests_are_asked_most_similar_first
  [defect_already_covered] ranking-and-stopping-can-be-turned-off/default-stop-limit-still-enables-ranking x 488 candidate test(s), ranked 5 to 492
    not asked: the defect was already covered by tests/defects/test_pair_ranking.py::test_the_pipeline_ranks_and_stops_by_default
  [defect_already_covered] ranking-and-stopping-can-be-turned-off/full-pair-sweep-flag-not-propagated x 488 candidate test(s), ranked 5 to 492
    not asked: the defect was already covered by tests/test_cli_pair_ranking.py::test_run_check_hands_the_stop_number_to_the_pipeline
  [defect_already_covered] ranking-and-stopping-can-be-turned-off/stop-after-kills-none-still-ranks x 133 candidate test(s), ranked 6 to 488
    not asked: the defect was already covered by tests/defects/test_pair_ranking.py::test_the_pipeline_can_still_run_the_full_sweep, tests/defects/test_pair_ranking.py::test_turned_off_it_asks_every_pair_in_one_pass_and_embeds_nothing
  [defect_already_covered] ranking-not-exposed-to-model/ranking-leaks-through-embedding-request x 480 candidate test(s), ranked 13 to 492
    not asked: the defect was already covered by tests/requirement/test_link_prefilter.py::test_embedding_nothing_makes_no_call
  [defect_already_covered] ranking-not-exposed-to-model/ranking-leaks-via-walked-pair-order x 58 candidate test(s), ranked 304 to 491
    not asked: the defect was already covered by tests/defects/test_pair_ranking.py::test_the_pipeline_ranks_and_stops_by_default, tests/test_unevidenceable_obligations.py::test_an_obligation_requiring_no_test_evidence_never_reaches_the_prescriber
  [defect_already_covered] review-can-still-run-as-today/default-stop-changes-review-flow x 488 candidate test(s), ranked 5 to 492
    not asked: the defect was already covered by tests/defects/test_pair_ranking.py::test_the_pipeline_ranks_and_stops_by_default
  [defect_already_covered] review-can-still-run-as-today/full-sweep-flag-required-for-old-flow x 464 candidate test(s), ranked 29 to 492
    not asked: the defect was already covered by tests/test_cli_pair_ranking.py::test_run_check_hands_the_stop_number_to_the_pipeline
  [defect_already_covered] review-can-still-run-as-today/ranked-walk-not-called-from-judge-pairs x 114 candidate test(s), ranked 6 to 486
    not asked: the defect was already covered by tests/defects/test_pair_ranking.py::test_the_pipeline_ranks_and_stops_by_default
  [defect_already_covered] review-can-still-run-as-today/reporting-assumes-new-unjudged-cause-only x 480 candidate test(s), ranked 13 to 492
    not asked: the defect was already covered by tests/test_unevidenceable_obligations.py::test_the_report_renders_that_differently_from_a_missing_test
  [defect_already_covered] skip-uncaught-pairs-by-rank-or-cheaper-check/ranked-walk-skips-uncaught-defects x 480 candidate test(s), ranked 13 to 492
    not asked: the defect was already covered by tests/defects/test_pair_mapping.py::test_a_defect_whose_asked_pairs_yield_no_kill_has_its_skipped_pairs_judged, tests/defects/test_pair_ranking.py::test_a_defect_no_test_catches_is_asked_about_in_full
  [defect_already_covered] skip-uncaught-pairs-by-rank-or-cheaper-check/reporting-hides-uncaught-skips x 488 candidate test(s), ranked 5 to 492
    not asked: the defect was already covered by tests/defects/test_pair_mapping.py::test_a_defect_whose_asked_pairs_yield_no_kill_has_its_skipped_pairs_judged
  [defect_already_covered] skip-uncaught-pairs-by-rank-or-cheaper-check/support-accepts-skip-without-kills x 488 candidate test(s), ranked 5 to 492
    not asked: the defect was already covered by tests/test_pair_routing.py::TestADroppedPairIsNotASurvival::test_it_cannot_make_a_criterion_strongly_supported
  [defect_already_covered] skipped-by-stopping-early-count/missing-count-in-defect-block x 488 candidate test(s), ranked 5 to 492
    not asked: the defect was already covered by tests/defects/test_pair_ranking.py::test_the_report_counts_each_defects_asked_and_skipped_pairs
  [defect_already_covered] skipped-by-stopping-early-count/missing-count-in-pair-disposition x 480 candidate test(s), ranked 13 to 492
    not asked: the defect was already covered by tests/defects/test_pair_ranking.py::test_the_report_counts_each_defects_asked_and_skipped_pairs
  [defect_already_covered] skipped-by-stopping-early-count/skip-count-not-derived-from-early-stop x 464 candidate test(s), ranked 29 to 492
    not asked: the defect was already covered by tests/defects/test_pair_mapping.py::test_a_kill_on_an_asked_pair_keeps_the_saving, tests/defects/test_pair_mapping.py::test_the_prefilter_keeps_its_own_cause, tests/defects/test_pair_ranking.py::test_a_skipped_pair_derives_no_verdict_and_is_not_unknown, tests/defects/test_pair_ranking.py::test_the_judge_produces_the_cause_only_once_the_stop_number_is_reached
  [defect_already_covered] stop-after-configured-number-of-catching-tests/already-covered-skip-not-counted-as-stop x 488 candidate test(s), ranked 5 to 492
    not asked: the defect was already covered by tests/defects/test_pair_ranking.py::test_a_covered_defect_is_asked_no_further
  [defect_already_covered] stop-after-configured-number-of-catching-tests/stop-condition-reversed x 121 candidate test(s), ranked 5 to 483
    not asked: the defect was already covered by tests/defects/test_pair_ranking.py::test_a_covered_defect_is_asked_no_further, tests/defects/test_pair_ranking.py::test_a_defect_short_of_the_stop_number_is_asked_about_in_full, tests/defects/test_pair_ranking.py::test_rounds_double_so_a_long_sweep_takes_few_of_them
  [defect_already_covered] stop-after-configured-number-of-catching-tests/stop-limit-not-propagated-to-walk x 488 candidate test(s), ranked 5 to 492
    not asked: the defect was already covered by tests/defects/test_pair_ranking.py::test_a_defect_short_of_the_stop_number_is_asked_about_in_full, tests/defects/test_pair_ranking.py::test_the_pipeline_ranks_and_stops_by_default
  [defect_already_covered] stop-after-configured-number-of-catching-tests/stop-only-applies-to-some-defects x 371 candidate test(s), ranked 8 to 492
    not asked: the defect was already covered by tests/defects/test_pair_ranking.py::test_the_judge_produces_the_cause_only_once_the_stop_number_is_reached
  [defect_already_covered] test-every-test-asked-about/ranked-walk-omits-remaining-tests x 113 candidate test(s), ranked 12 to 486
    not asked: the defect was already covered by tests/defects/test_pair_ranking.py::test_a_covered_defect_is_asked_no_further, tests/defects/test_pair_ranking.py::test_rounds_double_so_a_long_sweep_takes_few_of_them
  [defect_already_covered] test-every-test-asked-about/stop-after-kills-wired-through-full-sweep x 488 candidate test(s), ranked 5 to 492
    not asked: the defect was already covered by tests/defects/test_pair_ranking.py::test_a_defect_short_of_the_stop_number_is_asked_about_in_full
  [defect_already_covered] test-every-test-asked-about/stop-rule-skips-uncaught-defects x 488 candidate test(s), ranked 5 to 492
    not asked: the defect was already covered by tests/defects/test_pair_mapping.py::test_a_defect_whose_asked_pairs_yield_no_kill_has_its_skipped_pairs_judged
  [defect_already_covered] test-rank-not-exposed-to-model/rank-field-added-to-unjudged-pair x 488 candidate test(s), ranked 5 to 492
    not asked: the defect was already covered by tests/defects/test_pair_ranking.py::test_every_pair_not_asked_is_recorded_with_its_rank_and_what_covered_it
  [defect_already_covered] test-rank-not-exposed-to-model/rank-passed-into-walked-ask-path x 488 candidate test(s), ranked 5 to 492
    not asked: the defect was already covered by tests/defects/test_pair_ranking.py::test_nothing_about_the_ranking_reaches_the_judge
  [defect_already_covered] test-rank-not-exposed-to-model/rank-used-in-skip-reason x 488 candidate test(s), ranked 5 to 492
    not asked: the defect was already covered by tests/defects/test_pair_ranking.py::test_a_skipped_pair_cannot_move_the_rating_whatever_it_would_have_said, tests/defects/test_pair_ranking.py::test_every_pair_not_asked_is_recorded_with_its_rank_and_what_covered_it
  [defect_already_covered] unasked-pair-not-answered/covered-pairs-not-preserved-as-unjudged x 488 candidate test(s), ranked 5 to 492
    not asked: the defect was already covered by tests/defects/test_pair_mapping.py::test_a_defect_whose_asked_pairs_yield_no_kill_has_its_skipped_pairs_judged, tests/defects/test_pair_mapping.py::test_a_skipped_pair_comes_back_unjudged_with_its_reason, tests/defects/test_pair_ranking.py::test_every_pair_not_asked_is_recorded_with_its_rank_and_what_covered_it, tests/test_mutation_pipeline_wiring.py::TestTheRunRoutesPairsThroughTheRealPipeline::test_the_held_back_pair_is_recorded_rather_than_dropped
  [defect_already_covered] unasked-pair-not-answered/early-stop-not-enabled-on-review-path x 488 candidate test(s), ranked 5 to 492
    not asked: the defect was already covered by tests/defects/test_pair_ranking.py::test_the_pipeline_ranks_and_stops_by_default
  [defect_already_covered] unasked-pair-not-answered/stopped-pairs-marked-as-unanswered x 480 candidate test(s), ranked 13 to 492
    not asked: the defect was already covered by tests/defects/test_pair_ranking.py::test_a_covered_defect_is_asked_no_further
  [defect_already_covered] unjudged-recorded/unjudged-cause-misclassified-as-covered x 488 candidate test(s), ranked 5 to 492
    not asked: the defect was already covered by tests/test_mutation_pipeline_wiring.py::TestTheRunRoutesPairsThroughTheRealPipeline::test_a_defect_with_no_kill_among_its_judged_pairs_gets_them_back
  [defect_already_covered] unjudged-recorded/unjudged-cause-not-rendered x 488 candidate test(s), ranked 5 to 492
    not asked: the defect was already covered by tests/defects/test_pair_mapping.py::test_a_skipped_pair_comes_back_unjudged_with_its_reason, tests/test_mutation_pipeline_wiring.py::TestTheRunRoutesPairsThroughTheRealPipeline::test_the_held_back_pair_is_recorded_rather_than_dropped
  [defect_already_covered] unjudged-recorded/unjudged-recorded-only-for-covered-defects x 488 candidate test(s), ranked 5 to 492
    not asked: the defect was already covered by tests/defects/test_pair_mapping.py::test_a_defect_whose_asked_pairs_yield_no_kill_has_its_skipped_pairs_judged
  [defect_already_covered] unknown-pairs-exclusion/missing-exclusion-in-support-derivation x 488 candidate test(s), ranked 5 to 492
    not asked: the defect was already covered by tests/test_pair_routing.py::TestADroppedPairIsNotASurvival::test_it_raises_unknown_rather_than_reading_as_uncovered
  [defect_already_covered] unknown-pairs-exclusion/report-counts-skipped-pairs-as-unknown x 480 candidate test(s), ranked 13 to 492
    not asked: the defect was already covered by tests/defects/test_pair_mapping.py::test_a_defect_whose_asked_pairs_yield_no_kill_has_its_skipped_pairs_judged, tests/defects/test_pair_ranking.py::test_a_skipped_pair_cannot_move_the_rating_whatever_it_would_have_said, tests/test_mutation_pipeline_wiring.py::TestTheRunRoutesPairsThroughTheRealPipeline::test_the_report_names_where_the_defects_pairs_went

Running the project's tests:
  the project's tests were run: 70 enumerated defect(s) name an editable region and pair routing is on, so an observation can decide which pairs are worth a model call — it still cannot count as evidence, because edit verification is off

Defects injected, and which tests caught them:

  [not_mutable] batch-questions-in-existing-group-sizes/fixed-round-size-ignores-existing-batch-size
    pairs: 0 settled by the run, 4 put to the model, 0 dropped as not worth asking, 488 skipped once the defect was covered
    the replacement for src/acceptance/defects/pair_mapping.py lines 689..702 is identical to what it replaces, so nothing would be injected and every test would 'survive' a defect that was never introduced

  [killed, NOT COUNTED] batch-questions-in-existing-group-sizes/ranked-walk-bypasses-batch-boundaries-for-covered-defects
    injected at src/acceptance/defects/pair_mapping.py lines 694-695:
      -             round_pairs.extend(queues[defect_id][start : start + width])
      -             asked_up_to[defect_id] = start + width
      +             round_pairs.extend(queues[defect_id][start : start + width])
      +             asked_up_to[defect_id] = start + min(width, tests_per_batch)
    caught by (4):
      tests/defects/test_pair_ranking.py::test_a_defect_no_test_catches_is_asked_about_in_full
      tests/defects/test_pair_ranking.py::test_every_pair_not_asked_is_recorded_with_its_rank_and_what_covered_it
      tests/defects/test_pair_ranking.py::test_rounds_double_so_a_long_sweep_takes_few_of_them
      tests/defects/test_pair_ranking.py::test_the_stop_number_is_how_many_kills_it_takes
    edit NOT verified to make the defect true, so this result is not counted; tier: static, and the defect went to the static judge
    pairs: 0 settled by the run, 12 put to the model, 375 dropped as not worth asking, 105 skipped once the defect was covered

  [killed, NOT COUNTED] batch-questions-in-existing-group-sizes/stop-after-kills-not-threaded-through-all-callers
    injected at src/acceptance/cli.py lines 936-936:
      -             stop_after_kills=None if args.full_pair_sweep else args.stop_after_kills,
      +             stop_after_kills=args.stop_after_kills,
    caught by (1):
      tests/test_cli_pair_ranking.py::test_the_command_line_sets_the_stop_number
    edit NOT verified to make the defect true, so this result is not counted; tier: static, and the defect went to the static judge
    pairs: 0 settled by the run, 4 put to the model, 378 dropped as not worth asking, 110 skipped once the defect was covered

  [not_mutable] cause-names-rank-and-tests/rank-and-covered-tests-not-stored-on-unjudged-pairs
    pairs: 0 settled by the run, 4 put to the model, 0 dropped as not worth asking, 488 skipped once the defect was covered
    the mutated src/acceptance/defects/pair_mapping.py does not parse: unmatched ')' (<unknown>, line 724)

  [not_mutable] cause-names-rank-and-tests/report-omits-rank-or-covered-tests-for-covered-skips
    pairs: 0 settled by the run, 4 put to the model, 0 dropped as not worth asking, 488 skipped once the defect was covered
    the mutated src/acceptance/report.py does not parse: unmatched ')' (<unknown>, line 297)

  [not_attempted] cause-only-on-defects-with-configured-catching-tests/missing-coverage-check-on-unjudged-cause
    injected at src/acceptance/defects/support.py lines 234-242:
      -         if entry.cause is UnjudgedCause.DEFECT_ALREADY_COVERED:
      -             missing = set(entry.covered_by) - set(kills_by_defect.get(entry.defect_id, []))
      -             if missing:
      -                 raise ValueError(
      -                     f"{entry.defect_id} x {entry.test_id} was left unasked as already "
      -                     f"covered by {sorted(entry.covered_by)}, but {sorted(missing)} "
      -                     "carry no killing verdict for that defect"
      -                 )
      -             continue
      +         if entry.cause is UnjudgedCause.DEFECT_ALREADY_COVERED:
      +             missing = set(entry.covered_by) - set(kills_by_defect.get(entry.defect_id, []))
      +             if missing:
      +                 raise ValueError(
      +                     f"{entry.defect_id} x {entry.test_id} was left unasked as already "
      +                     f"covered by {sorted(entry.covered_by)}, but {sorted(missing)} "
      +                     "carry no killing verdict for that defect"
      +                 )
      +             if len(kills_by_defect.get(entry.defect_id, [])) < 1:
      +                 raise ValueError(
      +                     f"{entry.defect_id} x {entry.test_id} was left unasked as already "
      +                     "covered, but the defect has not reached the configured kill count"
      +                 )
      +             continue
    pairs: 0 settled by the run, 12 put to the model, 0 dropped as not worth asking, 480 skipped once the defect was covered
    no test went red, but 1 of 385 did not complete under the mutant (tests/test_suite_shape_without_root_task_file.py::test_collection_is_identical_with_and_without_the_root_task_file), so the tests cannot be called proven weak on this run

  [killed, NOT COUNTED] default-number-is-one/default-stop-count-not-one
    injected at src/acceptance/defects/pair_ranking.py lines 43-48:
      - # How many of a defect's tests must be recorded as catching it before the judge
      - # stops asking about it. One, because `support.py` covers a defect at one kill.
      - # Two was proposed for redundancy against DR-180's judgement instability and
      - # measured at 10.4 to 21.1 judgements per covered defect — a defect with exactly
      - # one kill never reaches a second and pays for every test (FINDINGS.md).
      - DEFAULT_STOP_AFTER_KILLS = 1
      + # How many of a defect's tests must be recorded as catching it before the judge
      + # stops asking about it. One, because `support.py` covers a defect at one kill.
      + # Two was proposed for redundancy against DR-180's judgement instability and
      + # measured at 10.4 to 21.1 judgements per covered defect — a defect with exactly
      + # one kill never reaches a second and pays for every test (FINDINGS.md).
      + DEFAULT_STOP_AFTER_KILLS = 2
    caught by (1):
      tests/test_cli_pair_ranking.py::test_the_command_line_sets_the_stop_number
    edit NOT verified to make the defect true, so this result is not counted; tier: static, and the defect went to the static judge
    pairs: 0 settled by the run, 4 put to the model, 378 dropped as not worth asking, 110 skipped once the defect was covered

  [not_mutable] defect-rating-unchanged/covered-skip-counted-as-unknown
    pairs: 0 settled by the run, 4 put to the model, 0 dropped as not worth asking, 488 skipped once the defect was covered
    the replacement for src/acceptance/defects/support.py lines 243..244 is identical to what it replaces, so nothing would be injected and every test would 'survive' a defect that was never introduced

  [killed, NOT COUNTED] defect-rating-unchanged/covered-skip-not-validated-against-kills
    injected at src/acceptance/defects/support.py lines 234-242:
      -         if entry.cause is UnjudgedCause.DEFECT_ALREADY_COVERED:
      -             missing = set(entry.covered_by) - set(kills_by_defect.get(entry.defect_id, []))
      -             if missing:
      -                 raise ValueError(
      -                     f"{entry.defect_id} x {entry.test_id} was left unasked as already "
      -                     f"covered by {sorted(entry.covered_by)}, but {sorted(missing)} "
      -                     "carry no killing verdict for that defect"
      -                 )
      -             continue
      +         if entry.cause is UnjudgedCause.DEFECT_ALREADY_COVERED:
      +             if not set(entry.covered_by).issubset(kills_by_defect.get(entry.defect_id, [])):
      +                 continue
      +             continue
    caught by (1):
      tests/defects/test_pair_ranking.py::test_the_cause_is_refused_on_a_defect_its_named_tests_do_not_cover
    edit NOT verified to make the defect true, so this result is not counted; tier: static, and the defect went to the static judge
    pairs: 0 settled by the run, 4 put to the model, 378 dropped as not worth asking, 110 skipped once the defect was covered

  [not_attempted] deterministic-embedding-replay/embedding-cache-not-replayed-in-record-mode
    injected at src/acceptance/defects/pair_ranking.py lines 100-100:
      -         vectors.extend(client.embed(chunk, stage=stage))
      +         vectors.extend(client.embed(chunk))
    pairs: 0 settled by the run, 4 put to the model, 0 dropped as not worth asking, 488 skipped once the defect was covered
    no test went red, but 1 of 385 did not complete under the mutant (tests/test_suite_shape_without_root_task_file.py::test_collection_is_identical_with_and_without_the_root_task_file), so the tests cannot be called proven weak on this run

  [not_attempted] deterministic-embedding-replay/embedding-request-shape-not-stable
    injected at src/acceptance/defects/pair_ranking.py lines 120-120:
      -     texts = sorted(set(descriptions.values()) | set(sources.values()))
      +     texts = sorted(set(descriptions.values()) | set(sources.values()), key=lambda text: (len(text), text))
    pairs: 0 settled by the run, 4 put to the model, 0 dropped as not worth asking, 488 skipped once the defect was covered
    no test went red, but 1 of 385 did not complete under the mutant (tests/test_suite_shape_without_root_task_file.py::test_collection_is_identical_with_and_without_the_root_task_file), so the tests cannot be called proven weak on this run

  [survived, NOT COUNTED] docs-ranking-experiment-findings/missing-review-sent-embedding-result
    injected at docs/experiments/rank-prefilter/FINDINGS.md lines 154-155:
      - **Every rating is identical, as it must be by construction.** The saving is
      - 81% and 89% of the pair judgements.
      + **Every rating is identical, as it must be by construction.** The saving is
      + 81% and 89% of the pair judgements, and the ranking still holds for the review-sent embedding request.
    no test caught it; 385 candidate test(s) ran and none failed
    edit NOT verified to make the defect true, so this result is not counted; tier: static, and the defect went to the static judge
    pairs: 0 settled by the run, 492 put to the model, 0 dropped as not worth asking, 0 skipped once the defect was covered

  [survived, NOT COUNTED] docs-ranking-experiment-findings/stop-rule-results-not-reflected-in-findings
    injected at docs/experiments/rank-prefilter/FINDINGS.md lines 154-156:
      - **Every rating is identical, as it must be by construction.** The saving is
      - 81% and 89% of the pair judgements.
      - 
      + **Every rating is identical, as it must be by construction.** The saving is
      + 81% and 89% of the pair judgements, and the cost is the extra work from the
      + rounding policy: 12.4 and 49.5 mean judgements per covered defect, versus 7.6
      + and 34.6 if the walk stopped exactly at the first kill.
    no test caught it; 385 candidate test(s) ran and none failed
    edit NOT verified to make the defect true, so this result is not counted; tier: static, and the defect went to the static judge
    pairs: 0 settled by the run, 492 put to the model, 0 dropped as not worth asking, 0 skipped once the defect was covered

  [not_attempted] embedding-request-unchanged/embedding-request-unchanged-criterion-not-applied-to-ranking-path
    injected at src/acceptance/defects/pair_ranking.py lines 97-101:
      - def _embed(texts: list[str], client: ModelClient, stage: str) -> list[Sequence[float]]:
      -     vectors: list[Sequence[float]] = []
      -     for chunk in _chunks(texts):
      -         vectors.extend(client.embed(chunk, stage=stage))
      -     return vectors
      + def _embed(texts: list[str], client: ModelClient, stage: str) -> list[Sequence[float]]:
      +     vectors: list[Sequence[float]] = []
      +     for chunk in _chunks(texts):
      +         vectors.extend(client.embed(chunk))
      +     return vectors
    pairs: 0 settled by the run, 12 put to the model, 0 dropped as not worth asking, 480 skipped once the defect was covered
    no test went red, but 1 of 385 did not complete under the mutant (tests/test_suite_shape_without_root_task_file.py::test_collection_is_identical_with_and_without_the_root_task_file), so the tests cannot be called proven weak on this run

  [not_attempted] embedding-request-unchanged/ranking-uses-symmetric-default-instead-of-written-asymmetric-form
    injected at src/acceptance/defects/pair_ranking.py lines 27-29:
      - itself is shown, and the pair the measurement ranked on. Symmetric: no
      - `input_type`, because `build_embedding_request` sends none, and adding one would
      - move the request key under every recorded linking transcript (FINDINGS.md, the
      + Each defect's `description` and each test's source — the two texts the judge
      + itself is shown, and the pair the measurement ranked on. Asymmetric: `query` for
      + `description` and `document` for test source, matching the first measurement.
    pairs: 0 settled by the run, 492 put to the model, 0 dropped as not worth asking, 0 skipped once the defect was covered
    no test went red, but 1 of 385 did not complete under the mutant (tests/test_suite_shape_without_root_task_file.py::test_collection_is_identical_with_and_without_the_root_task_file), so the tests cannot be called proven weak on this run

  [not_mutable] embedding-request-unchanged/stop-after-kills-changes-request-set
    pairs: 0 settled by the run, 4 put to the model, 0 dropped as not worth asking, 488 skipped once the defect was covered
    the replacement for src/acceptance/defects/pair_mapping.py lines 690..702 is identical to what it replaces, so nothing would be injected and every test would 'survive' a defect that was never introduced

  [not_mutable] leftover-pairs-only/already-covered-skips-not-preserved-through-support
    pairs: 0 settled by the run, 4 put to the model, 0 dropped as not worth asking, 488 skipped once the defect was covered
    the replacement for src/acceptance/defects/support.py lines 243..244 is identical to what it replaces, so nothing would be injected and every test would 'survive' a defect that was never introduced

  [not_mutable] leftover-pairs-only/full-sweep-path-bypasses-leftover-filter
    pairs: 0 settled by the run, 12 put to the model, 0 dropped as not worth asking, 480 skipped once the defect was covered
    the replacement for src/acceptance/pipeline.py lines 530..534 is identical to what it replaces, so nothing would be injected and every test would 'survive' a defect that was never introduced

  [not_mutable] leftover-pairs-only/stop-rule-ignores-preexisting-skips
    pairs: 0 settled by the run, 12 put to the model, 0 dropped as not worth asking, 480 skipped once the defect was covered
    the replacement for src/acceptance/defects/pair_mapping.py lines 686..686 is identical to what it replaces, so nothing would be injected and every test would 'survive' a defect that was never introduced

  [already_present] pairs-asked-about-count-per-defect/asked-count-excludes-unanswered-pairs
    pairs: 0 settled by the run, 12 put to the model, 0 dropped as not worth asking, 480 skipped once the defect was covered
    Lines 308-316 currently exclude `DEFECT_ALREADY_COVERED` pairs from `asked` by only counting `UNANSWERED` unjudged pairs, which matches the defect description. The smallest repair is to count all unjudged pairs for the defect in `asked`. (the run on the repair was not fully observed)

  [not_attempted] pairs-asked-about-count-per-defect/count-not-shown-for-defects-with-no-verdicts
    injected at src/acceptance/report.py lines 359-359:
      -             if counted and review is not None:
      +             if review is not None:
    pairs: 0 settled by the run, 60 put to the model, 0 dropped as not worth asking, 432 skipped once the defect was covered
    no test went red, but 1 of 385 did not complete under the mutant (tests/test_suite_shape_without_root_task_file.py::test_collection_is_identical_with_and_without_the_root_task_file), so the tests cannot be called proven weak on this run

  [not_attempted] pairs-asked-about-count-per-defect/count-only-shown-when-review-exists
    injected at src/acceptance/report.py lines 359-359:
      -             if counted and review is not None:
      +             if review is not None:
    pairs: 0 settled by the run, 60 put to the model, 0 dropped as not worth asking, 432 skipped once the defect was covered
    no test went red, but 1 of 385 did not complete under the mutant (tests/test_suite_shape_without_root_task_file.py::test_collection_is_identical_with_and_without_the_root_task_file), so the tests cannot be called proven weak on this run

  [killed, NOT COUNTED] preserve-candidate-test-set/early-stop-drops-unasked-candidates
    injected at src/acceptance/defects/pair_mapping.py lines 686-686:
      -             if asked_up_to[defect_id] < len(pairs) and len(kills[defect_id]) < stop_after_kills
      +             if asked_up_to[defect_id] < len(pairs)
    caught by (4):
      tests/defects/test_pair_ranking.py::test_a_covered_defect_is_asked_no_further
      tests/defects/test_pair_ranking.py::test_every_pair_not_asked_is_recorded_with_its_rank_and_what_covered_it
      tests/defects/test_pair_ranking.py::test_rounds_double_so_a_long_sweep_takes_few_of_them
      tests/defects/test_pair_ranking.py::test_the_stop_number_is_how_many_kills_it_takes
    edit NOT verified to make the defect true, so this result is not counted; tier: static, and the defect went to the static judge
    pairs: 0 settled by the run, 4 put to the model, 375 dropped as not worth asking, 113 skipped once the defect was covered

  [not_mutable] preserve-candidate-test-set/ranking-excludes-tests-not-in-review
    pairs: 0 settled by the run, 12 put to the model, 0 dropped as not worth asking, 480 skipped once the defect was covered
    the replacement for src/acceptance/defects/pair_ranking.py lines 123..125 is identical to what it replaces, so nothing would be injected and every test would 'survive' a defect that was never introduced

  [not_mutable] prior-catches-not-exposed-to-model/covered-by-leaks-into-prompt
    pairs: 0 settled by the run, 12 put to the model, 0 dropped as not worth asking, 480 skipped once the defect was covered
    the edit replaces 14 lines, over the 12-line bound; the smallest edit that makes the defect true is what was asked for

  [killed, NOT COUNTED] prior-catches-not-exposed-to-model/ranked-stop-ask-path-forwards-covered-by
    injected at src/acceptance/defects/pair_mapping.py lines 696-696:
      -         round_verdicts, round_unjudged = ask(round_pairs)
      +         round_verdicts, round_unjudged = ask([pair.without_covered_by() for pair in round_pairs])
    caught by (12):
      tests/defects/test_pair_ranking.py::test_a_covered_defect_is_asked_no_further
      tests/defects/test_pair_ranking.py::test_a_defect_no_test_catches_is_asked_about_in_full
      tests/defects/test_pair_ranking.py::test_a_defect_short_of_the_stop_number_is_asked_about_in_full
      tests/defects/test_pair_ranking.py::test_every_pair_not_asked_is_recorded_with_its_rank_and_what_covered_it
      tests/defects/test_pair_ranking.py::test_it_works_on_what_routing_leaves
      tests/defects/test_pair_ranking.py::test_nothing_about_the_ranking_reaches_the_judge
      tests/defects/test_pair_ranking.py::test_rounds_double_so_a_long_sweep_takes_few_of_them
      tests/defects/test_pair_ranking.py::test_tests_are_asked_most_similar_first
      tests/defects/test_pair_ranking.py::test_the_judge_produces_the_cause_only_once_the_stop_number_is_reached
      tests/defects/test_pair_ranking.py::test_the_stop_number_is_how_many_kills_it_takes
      tests/test_recommendation_omission.py::test_the_report_renders_that_differently_from_a_criterion_owed_no_test
      tests/test_rerun.py::test_archetype_9_rerun_flips_the_weak_obligation_and_updates_the_verdict
    edit NOT verified to make the defect true, so this result is not counted; tier: static, and the defect went to the static judge
    pairs: 0 settled by the run, 4 put to the model, 367 dropped as not worth asking, 121 skipped once the defect was covered

  [not_mutable] question-input-unchanged/ranked-walk-leaks-ranking-into-asked-pairs
    pairs: 0 settled by the run, 4 put to the model, 0 dropped as not worth asking, 488 skipped once the defect was covered
    the replacement for src/acceptance/defects/pair_mapping.py lines 696..696 is identical to what it replaces, so nothing would be injected and every test would 'survive' a defect that was never introduced

  [not_mutable] question-input-unchanged/ranking-stage-uses-different-embedding-inputs-than-judge-prompt
    pairs: 0 settled by the run, 60 put to the model, 0 dropped as not worth asking, 432 skipped once the defect was covered
    the replacement for src/acceptance/defects/pair_ranking.py lines 118..120 is identical to what it replaces, so nothing would be injected and every test would 'survive' a defect that was never introduced

  [not_mutable] question-input-unchanged/stop-rule-path-adds-coverage-reason-to-model-request
    pairs: 0 settled by the run, 60 put to the model, 0 dropped as not worth asking, 432 skipped once the defect was covered
    the mutated src/acceptance/defects/pair_mapping.py does not parse: unmatched ')' (<unknown>, line 722)

  [not_mutable] rank-candidate-tests-by-similarity/ranking-not-applied-to-all-judged-pairs
    injected at src/acceptance/defects/pair_mapping.py lines 594-594:
      -     ranks = rank_pairs(judged + held_back, client, _STAGE) if stop_after_kills is not None else {}
      +     ranks = rank_pairs(judged + held_back + revisit, client, _STAGE) if stop_after_kills is not None else {}
    pairs: 0 settled by the run, 28 put to the model, 0 dropped as not worth asking, 464 skipped once the defect was covered
    every one of the 33 tests that failed under the edit failed with UnboundLocalError, which means the edited code no longer loads or names something that does not exist. Those failures say nothing about the named defect, so this is not counted as a kill and the defect goes to the static judge.

  [killed, NOT COUNTED] rank-candidate-tests-by-similarity/ranking-not-used-for-full-sweep-mode
    injected at src/acceptance/cli.py lines 936-936:
      -             stop_after_kills=None if args.full_pair_sweep else args.stop_after_kills,
      +             stop_after_kills=1 if args.full_pair_sweep else args.stop_after_kills,
    caught by (1):
      tests/test_cli_pair_ranking.py::test_the_command_line_sets_the_stop_number
    edit NOT verified to make the defect true, so this result is not counted; tier: static, and the defect went to the static judge
    pairs: 0 settled by the run, 118 put to the model, 0 dropped as not worth asking, 374 skipped once the defect was covered

  [not_attempted] rank-candidate-tests-by-similarity/ranking-uses-description-fallbacks
    injected at src/acceptance/defects/pair_ranking.py lines 118-120:
      -     descriptions = {pair.defect.id: pair.defect.description or pair.defect.id for pair in pairs}
      -     sources = {pair.test.test_id: pair.test.source or _NO_SOURCE for pair in pairs}
      -     texts = sorted(set(descriptions.values()) | set(sources.values()))
      +     descriptions = {pair.defect.id: pair.defect.description for pair in pairs}
      +     sources = {pair.test.test_id: pair.test.source for pair in pairs}
      +     texts = sorted(set(descriptions.values()) | set(sources.values()))
    pairs: 0 settled by the run, 124 put to the model, 0 dropped as not worth asking, 368 skipped once the defect was covered
    no test went red, but 1 of 385 did not complete under the mutant (tests/test_suite_shape_without_root_task_file.py::test_collection_is_identical_with_and_without_the_root_task_file), so the tests cannot be called proven weak on this run

  [not_mutable] rank-tests-in-similarity-order/ranking-breaks-ties-non-deterministically
    pairs: 0 settled by the run, 4 put to the model, 0 dropped as not worth asking, 488 skipped once the defect was covered
    the mutated src/acceptance/defects/pair_ranking.py does not parse: unmatched ')' (<unknown>, line 137)

  [not_mutable] rank-tests-in-similarity-order/ranking-not-applied-to-walk
    pairs: 0 settled by the run, 12 put to the model, 0 dropped as not worth asking, 480 skipped once the defect was covered
    the replacement for src/acceptance/defects/pair_mapping.py lines 609..611 is identical to what it replaces, so nothing would be injected and every test would 'survive' a defect that was never introduced

  [killed, NOT COUNTED] rank-tests-in-similarity-order/ranking-only-applies-to-stop-after-kills
    injected at src/acceptance/defects/pair_mapping.py lines 609-611:
      -         if stop_after_kills is None:
      -             return ask(offered)
      -         return _walk_ranked(offered, ranks, stop_after_kills, tests_per_batch, ask)
      +         if stop_after_kills is None:
      +             return _walk_ranked(offered, ranks, 0, tests_per_batch, ask)
      +         return _walk_ranked(offered, ranks, stop_after_kills, tests_per_batch, ask)
    caught by (19):
      tests/defects/test_pair_mapping.py::test_a_defect_whose_asked_pairs_yield_no_kill_has_its_skipped_pairs_judged
      tests/defects/test_pair_mapping.py::test_a_failing_answer_with_no_reason_is_not_kept_as_a_verdict
      tests/defects/test_pair_mapping.py::test_a_kill_on_an_asked_pair_keeps_the_saving
      tests/defects/test_pair_mapping.py::test_a_pair_the_judge_never_answers_is_recorded_not_read_as_surviving
      tests/defects/test_pair_mapping.py::test_a_skipped_pair_comes_back_unjudged_with_its_reason
      tests/defects/test_pair_mapping.py::test_a_surviving_answer_carrying_a_reason_is_not_kept_as_a_verdict
      tests/defects/test_pair_mapping.py::test_adding_one_test_judges_only_that_tests_pairs
      tests/defects/test_pair_mapping.py::test_every_offered_pair_comes_back_with_a_verdict
      tests/defects/test_pair_mapping.py::test_every_request_is_a_full_rectangle
      tests/defects/test_pair_mapping.py::test_no_request_carries_more_judgements_than_the_limit
      tests/defects/test_pair_mapping.py::test_routing_off_asks_about_everything
      tests/defects/test_pair_mapping.py::test_the_prefilter_keeps_its_own_cause
      tests/defects/test_pair_mapping.py::test_the_question_put_about_a_pair_is_the_failure_question
      tests/defects/test_pair_mapping.py::test_the_stage_is_byte_identical_when_its_calls_finish_out_of_order
      tests/defects/test_pair_mapping.py::test_which_pairs_share_a_request_does_not_change_what_carries
      tests/defects/test_pair_ranking.py::test_turned_off_it_asks_every_pair_in_one_pass_and_embeds_nothing
      tests/test_supplied_ids.py::test_a_clean_answer_records_nothing_and_keeps_its_negative_verdicts
      tests/test_supplied_ids.py::test_a_foreign_defect_id_is_recorded_not_silently_dropped
      tests/test_supplied_ids.py::test_the_schema_asked_for_differs_from_the_shape_parsed
    edit NOT verified to make the defect true, so this result is not counted; tier: static, and the defect went to the static judge
    pairs: 0 settled by the run, 4 put to the model, 360 dropped as not worth asking, 128 skipped once the defect was covered

  [not_mutable] rank-tests-in-similarity-order/ranking-sorted-ascending-instead-of-descending
    pairs: 0 settled by the run, 4 put to the model, 0 dropped as not worth asking, 488 skipped once the defect was covered
    the mutated src/acceptance/defects/pair_ranking.py does not parse: unmatched ')' (<unknown>, line 137)

  [not_mutable] rank-tests-in-similarity-order/ranking-uses-description-text-instead-of-source
    pairs: 0 settled by the run, 124 put to the model, 0 dropped as not worth asking, 368 skipped once the defect was covered
    the replacement for src/acceptance/defects/pair_ranking.py lines 118..120 is identical to what it replaces, so nothing would be injected and every test would 'survive' a defect that was never introduced

  [not_mutable] ranking-and-stopping-can-be-turned-off/default-stop-limit-still-enables-ranking
    pairs: 0 settled by the run, 4 put to the model, 0 dropped as not worth asking, 488 skipped once the defect was covered
    the replacement for src/acceptance/cli.py lines 936..936 is identical to what it replaces, so nothing would be injected and every test would 'survive' a defect that was never introduced

  [not_mutable] ranking-and-stopping-can-be-turned-off/full-pair-sweep-flag-not-propagated
    pairs: 0 settled by the run, 4 put to the model, 0 dropped as not worth asking, 488 skipped once the defect was covered
    the replacement for src/acceptance/cli.py lines 936..936 is identical to what it replaces, so nothing would be injected and every test would 'survive' a defect that was never introduced

  [killed, NOT COUNTED] ranking-and-stopping-can-be-turned-off/stop-after-kills-none-still-ranks
    injected at src/acceptance/defects/pair_mapping.py lines 609-611:
      -         if stop_after_kills is None:
      -             return ask(offered)
      -         return _walk_ranked(offered, ranks, stop_after_kills, tests_per_batch, ask)
      +         if stop_after_kills is None:
      +             return _walk_ranked(offered, ranks, stop_after_kills, tests_per_batch, ask)
      +         return ask(offered)
    caught by (24):
      tests/defects/test_pair_mapping.py::test_a_defect_whose_asked_pairs_yield_no_kill_has_its_skipped_pairs_judged
      tests/defects/test_pair_mapping.py::test_a_failing_answer_with_no_reason_is_not_kept_as_a_verdict
      tests/defects/test_pair_mapping.py::test_a_kill_on_an_asked_pair_keeps_the_saving
      tests/defects/test_pair_mapping.py::test_a_pair_the_judge_never_answers_is_recorded_not_read_as_surviving
      tests/defects/test_pair_mapping.py::test_a_skipped_pair_comes_back_unjudged_with_its_reason
      tests/defects/test_pair_mapping.py::test_a_surviving_answer_carrying_a_reason_is_not_kept_as_a_verdict
      tests/defects/test_pair_mapping.py::test_adding_one_test_judges_only_that_tests_pairs
      tests/defects/test_pair_mapping.py::test_every_offered_pair_comes_back_with_a_verdict
      tests/defects/test_pair_mapping.py::test_every_request_is_a_full_rectangle
      tests/defects/test_pair_mapping.py::test_no_request_carries_more_judgements_than_the_limit
      tests/defects/test_pair_mapping.py::test_routing_off_asks_about_everything
      tests/defects/test_pair_mapping.py::test_the_prefilter_keeps_its_own_cause
      tests/defects/test_pair_mapping.py::test_the_question_put_about_a_pair_is_the_failure_question
      tests/defects/test_pair_mapping.py::test_the_stage_is_byte_identical_when_its_calls_finish_out_of_order
      tests/defects/test_pair_mapping.py::test_which_pairs_share_a_request_does_not_change_what_carries
      tests/defects/test_pair_ranking.py::test_a_covered_defect_is_asked_no_further
      tests/defects/test_pair_ranking.py::test_every_pair_not_asked_is_recorded_with_its_rank_and_what_covered_it
      tests/defects/test_pair_ranking.py::test_rounds_double_so_a_long_sweep_takes_few_of_them
      tests/defects/test_pair_ranking.py::test_tests_are_asked_most_similar_first
      tests/defects/test_pair_ranking.py::test_the_stop_number_is_how_many_kills_it_takes
      tests/defects/test_pair_ranking.py::test_turned_off_it_asks_every_pair_in_one_pass_and_embeds_nothing
      tests/test_supplied_ids.py::test_a_clean_answer_records_nothing_and_keeps_its_negative_verdicts
      tests/test_supplied_ids.py::test_a_foreign_defect_id_is_recorded_not_silently_dropped
      tests/test_supplied_ids.py::test_the_schema_asked_for_differs_from_the_shape_parsed
    edit NOT verified to make the defect true, so this result is not counted; tier: static, and the defect went to the static judge
    pairs: 0 settled by the run, 4 put to the model, 355 dropped as not worth asking, 133 skipped once the defect was covered

  [not_mutable] ranking-not-exposed-to-model/ranking-leaks-through-embedding-request
    pairs: 0 settled by the run, 12 put to the model, 0 dropped as not worth asking, 480 skipped once the defect was covered
    the replacement for src/acceptance/defects/pair_ranking.py lines 97..101 is identical to what it replaces, so nothing would be injected and every test would 'survive' a defect that was never introduced

  [killed, NOT COUNTED] ranking-not-exposed-to-model/ranking-leaks-via-walked-pair-order
    injected at src/acceptance/defects/pair_mapping.py lines 675-675:
      -         pairs.sort(key=lambda pair: (ranks[pair.key], pair.test.test_id))
      +         pairs.sort(key=lambda pair: (pair.test.test_id, ranks[pair.key]))
    caught by (5):
      tests/defects/test_pair_ranking.py::test_a_covered_defect_is_asked_no_further
      tests/defects/test_pair_ranking.py::test_every_pair_not_asked_is_recorded_with_its_rank_and_what_covered_it
      tests/defects/test_pair_ranking.py::test_rounds_double_so_a_long_sweep_takes_few_of_them
      tests/defects/test_pair_ranking.py::test_tests_are_asked_most_similar_first
      tests/defects/test_pair_ranking.py::test_the_stop_number_is_how_many_kills_it_takes
    edit NOT verified to make the defect true, so this result is not counted; tier: static, and the defect went to the static judge
    pairs: 0 settled by the run, 60 put to the model, 374 dropped as not worth asking, 58 skipped once the defect was covered

  [not_attempted] review-can-still-run-as-today/default-stop-changes-review-flow
    injected at src/acceptance/config.py lines 169-169:
      -     stop_after_kills: int | None = Field(default=DEFAULT_STOP_AFTER_KILLS, ge=1)
      +     stop_after_kills: int | None = Field(default=None, ge=1)
    pairs: 0 settled by the run, 4 put to the model, 0 dropped as not worth asking, 488 skipped once the defect was covered
    no test went red, but 1 of 385 did not complete under the mutant (tests/test_suite_shape_without_root_task_file.py::test_collection_is_identical_with_and_without_the_root_task_file), so the tests cannot be called proven weak on this run

  [not_mutable] review-can-still-run-as-today/full-sweep-flag-required-for-old-flow
    pairs: 0 settled by the run, 28 put to the model, 0 dropped as not worth asking, 464 skipped once the defect was covered
    the replacement for src/acceptance/cli.py lines 765..772 is identical to what it replaces, so nothing would be injected and every test would 'survive' a defect that was never introduced

  [killed, NOT COUNTED] review-can-still-run-as-today/ranked-walk-not-called-from-judge-pairs
    injected at src/acceptance/defects/pair_mapping.py lines 609-611:
      -         if stop_after_kills is None:
      -             return ask(offered)
      -         return _walk_ranked(offered, ranks, stop_after_kills, tests_per_batch, ask)
      +         if stop_after_kills is None:
      +             return ask(offered)
      +         return ask(offered)
    caught by (5):
      tests/defects/test_pair_ranking.py::test_a_covered_defect_is_asked_no_further
      tests/defects/test_pair_ranking.py::test_every_pair_not_asked_is_recorded_with_its_rank_and_what_covered_it
      tests/defects/test_pair_ranking.py::test_rounds_double_so_a_long_sweep_takes_few_of_them
      tests/defects/test_pair_ranking.py::test_tests_are_asked_most_similar_first
      tests/defects/test_pair_ranking.py::test_the_stop_number_is_how_many_kills_it_takes
    edit NOT verified to make the defect true, so this result is not counted; tier: static, and the defect went to the static judge
    pairs: 0 settled by the run, 4 put to the model, 374 dropped as not worth asking, 114 skipped once the defect was covered

  [not_mutable] review-can-still-run-as-today/reporting-assumes-new-unjudged-cause-only
    pairs: 0 settled by the run, 12 put to the model, 0 dropped as not worth asking, 480 skipped once the defect was covered
    the edit replaces 22 lines, over the 12-line bound; the smallest edit that makes the defect true is what was asked for

  [survived, NOT COUNTED] skip-uncaught-pairs-by-rank-or-cheaper-check/ranked-walk-skips-uncaught-defects
    injected at src/acceptance/defects/pair_mapping.py lines 686-686:
      -             if asked_up_to[defect_id] < len(pairs) and len(kills[defect_id]) < stop_after_kills
      +             if asked_up_to[defect_id] < len(pairs) and (
      +                 len(kills[defect_id]) < stop_after_kills or not kills[defect_id]
      +             )
    no test caught it; 385 candidate test(s) ran and none failed
    edit NOT verified to make the defect true, so this result is not counted; tier: static, and the defect went to the static judge
    pairs: 0 settled by the run, 12 put to the model, 0 dropped as not worth asking, 480 skipped once the defect was covered

  [not_mutable] skip-uncaught-pairs-by-rank-or-cheaper-check/reporting-hides-uncaught-skips
    pairs: 0 settled by the run, 4 put to the model, 0 dropped as not worth asking, 488 skipped once the defect was covered
    the mutated src/acceptance/report.py does not parse: unmatched ')' (<unknown>, line 365)

  [survived, NOT COUNTED] skip-uncaught-pairs-by-rank-or-cheaper-check/support-accepts-skip-without-kills
    injected at src/acceptance/defects/support.py lines 234-242:
      -         if entry.cause is UnjudgedCause.DEFECT_ALREADY_COVERED:
      -             missing = set(entry.covered_by) - set(kills_by_defect.get(entry.defect_id, []))
      -             if missing:
      -                 raise ValueError(
      -                     f"{entry.defect_id} x {entry.test_id} was left unasked as already "
      -                     f"covered by {sorted(entry.covered_by)}, but {sorted(missing)} "
      -                     "carry no killing verdict for that defect"
      -                 )
      -             continue
      +         if entry.cause is UnjudgedCause.DEFECT_ALREADY_COVERED:
      +             missing = set(entry.covered_by) - set(kills_by_defect.get(entry.defect_id, []))
      +             if missing:
      +                 raise ValueError(
      +                     f"{entry.defect_id} x {entry.test_id} was left unasked as already "
      +                     f"covered by {sorted(entry.covered_by)}, but {sorted(missing)} "
      +                     "carry no killing verdict for that defect"
      +                 )
      +             if entry.defect_id not in kills_by_defect:
      +                 raise ValueError(
      +                     f"{entry.defect_id} x {entry.test_id} was left unasked as already "
      +                     "covered, but that defect has no killing verdicts"
      +                 )
      +             continue
    no test caught it; 385 candidate test(s) ran and none failed
    edit NOT verified to make the defect true, so this result is not counted; tier: static, and the defect went to the static judge
    pairs: 0 settled by the run, 4 put to the model, 0 dropped as not worth asking, 488 skipped once the defect was covered

  [not_mutable] skipped-by-stopping-early-count/missing-count-in-defect-block
    pairs: 0 settled by the run, 4 put to the model, 0 dropped as not worth asking, 488 skipped once the defect was covered
    the replacement for src/acceptance/report.py lines 359..364 is identical to what it replaces, so nothing would be injected and every test would 'survive' a defect that was never introduced

  [not_mutable] skipped-by-stopping-early-count/missing-count-in-pair-disposition
    pairs: 0 settled by the run, 12 put to the model, 0 dropped as not worth asking, 480 skipped once the defect was covered
    the replacement for src/acceptance/report.py lines 465..467 is identical to what it replaces, so nothing would be injected and every test would 'survive' a defect that was never introduced

  [not_mutable] skipped-by-stopping-early-count/skip-count-not-derived-from-early-stop
    pairs: 0 settled by the run, 28 put to the model, 0 dropped as not worth asking, 464 skipped once the defect was covered
    the mutated src/acceptance/report.py does not parse: unmatched ')' (<unknown>, line 322)

  [not_attempted] stop-after-configured-number-of-catching-tests/already-covered-skip-not-counted-as-stop
    injected at src/acceptance/defects/pair_mapping.py lines 682-687:
      -     def open_defects() -> list[str]:
      -         return sorted(
      -             defect_id
      -             for defect_id, pairs in queues.items()
      -             if asked_up_to[defect_id] < len(pairs) and len(kills[defect_id]) < stop_after_kills
      -         )
      +     def open_defects() -> list[str]:
      +         return sorted(
      +             defect_id
      +             for defect_id, pairs in queues.items()
      +             if asked_up_to[defect_id] < len(pairs)
      +             and len(kills[defect_id]) < stop_after_kills
      +         )
    pairs: 0 settled by the run, 4 put to the model, 0 dropped as not worth asking, 488 skipped once the defect was covered
    no test went red, but 1 of 385 did not complete under the mutant (tests/test_suite_shape_without_root_task_file.py::test_collection_is_identical_with_and_without_the_root_task_file), so the tests cannot be called proven weak on this run

  [killed, NOT COUNTED] stop-after-configured-number-of-catching-tests/stop-condition-reversed
    injected at src/acceptance/defects/pair_mapping.py lines 686-686:
      -             if asked_up_to[defect_id] < len(pairs) and len(kills[defect_id]) < stop_after_kills
      +             if asked_up_to[defect_id] < len(pairs) and len(kills[defect_id]) >= stop_after_kills
    caught by (12):
      tests/defects/test_pair_ranking.py::test_a_covered_defect_is_asked_no_further
      tests/defects/test_pair_ranking.py::test_a_defect_no_test_catches_is_asked_about_in_full
      tests/defects/test_pair_ranking.py::test_a_defect_short_of_the_stop_number_is_asked_about_in_full
      tests/defects/test_pair_ranking.py::test_every_pair_not_asked_is_recorded_with_its_rank_and_what_covered_it
      tests/defects/test_pair_ranking.py::test_it_works_on_what_routing_leaves
      tests/defects/test_pair_ranking.py::test_nothing_about_the_ranking_reaches_the_judge
      tests/defects/test_pair_ranking.py::test_rounds_double_so_a_long_sweep_takes_few_of_them
      tests/defects/test_pair_ranking.py::test_tests_are_asked_most_similar_first
      tests/defects/test_pair_ranking.py::test_the_judge_produces_the_cause_only_once_the_stop_number_is_reached
      tests/defects/test_pair_ranking.py::test_the_stop_number_is_how_many_kills_it_takes
      tests/test_recommendation_omission.py::test_the_report_renders_that_differently_from_a_criterion_owed_no_test
      tests/test_rerun.py::test_archetype_9_rerun_flips_the_weak_obligation_and_updates_the_verdict
    edit NOT verified to make the defect true, so this result is not counted; tier: static, and the defect went to the static judge
    pairs: 0 settled by the run, 4 put to the model, 367 dropped as not worth asking, 121 skipped once the defect was covered

  [not_mutable] stop-after-configured-number-of-catching-tests/stop-limit-not-propagated-to-walk
    pairs: 0 settled by the run, 4 put to the model, 0 dropped as not worth asking, 488 skipped once the defect was covered
    the replacement for src/acceptance/pipeline.py lines 534..534 is identical to what it replaces, so nothing would be injected and every test would 'survive' a defect that was never introduced

  [killed, NOT COUNTED] stop-after-configured-number-of-catching-tests/stop-only-applies-to-some-defects
    injected at src/acceptance/defects/pair_mapping.py lines 682-687:
      -     def open_defects() -> list[str]:
      -         return sorted(
      -             defect_id
      -             for defect_id, pairs in queues.items()
      -             if asked_up_to[defect_id] < len(pairs) and len(kills[defect_id]) < stop_after_kills
      -         )
      +     def open_defects() -> list[str]:
      +         return sorted(
      +             defect_id
      +             for defect_id, pairs in queues.items()
      +             if asked_up_to[defect_id] < len(pairs)
      +         )
    caught by (4):
      tests/defects/test_pair_ranking.py::test_a_covered_defect_is_asked_no_further
      tests/defects/test_pair_ranking.py::test_every_pair_not_asked_is_recorded_with_its_rank_and_what_covered_it
      tests/defects/test_pair_ranking.py::test_rounds_double_so_a_long_sweep_takes_few_of_them
      tests/defects/test_pair_ranking.py::test_the_stop_number_is_how_many_kills_it_takes
    edit NOT verified to make the defect true, so this result is not counted; tier: static, and the defect went to the static judge
    pairs: 0 settled by the run, 121 put to the model, 0 dropped as not worth asking, 371 skipped once the defect was covered

  [killed, NOT COUNTED] test-every-test-asked-about/ranked-walk-omits-remaining-tests
    injected at src/acceptance/defects/pair_mapping.py lines 686-686:
      -             if asked_up_to[defect_id] < len(pairs) and len(kills[defect_id]) < stop_after_kills
      +             if asked_up_to[defect_id] < len(pairs)
    caught by (4):
      tests/defects/test_pair_ranking.py::test_a_covered_defect_is_asked_no_further
      tests/defects/test_pair_ranking.py::test_every_pair_not_asked_is_recorded_with_its_rank_and_what_covered_it
      tests/defects/test_pair_ranking.py::test_rounds_double_so_a_long_sweep_takes_few_of_them
      tests/defects/test_pair_ranking.py::test_the_stop_number_is_how_many_kills_it_takes
    edit NOT verified to make the defect true, so this result is not counted; tier: static, and the defect went to the static judge
    pairs: 0 settled by the run, 4 put to the model, 375 dropped as not worth asking, 113 skipped once the defect was covered

  [not_mutable] test-every-test-asked-about/stop-after-kills-wired-through-full-sweep
    pairs: 0 settled by the run, 4 put to the model, 0 dropped as not worth asking, 488 skipped once the defect was covered
    the edit replaces 26 lines, over the 12-line bound; the smallest edit that makes the defect true is what was asked for

  [not_mutable] test-every-test-asked-about/stop-rule-skips-uncaught-defects
    pairs: 0 settled by the run, 4 put to the model, 0 dropped as not worth asking, 488 skipped once the defect was covered
    the replacement for src/acceptance/defects/pair_mapping.py lines 686..686 is identical to what it replaces, so nothing would be injected and every test would 'survive' a defect that was never introduced

  [not_mutable] test-rank-not-exposed-to-model/rank-field-added-to-unjudged-pair
    pairs: 0 settled by the run, 4 put to the model, 0 dropped as not worth asking, 488 skipped once the defect was covered
    the replacement for src/acceptance/review_state.py lines 344..344 is identical to what it replaces, so nothing would be injected and every test would 'survive' a defect that was never introduced

  [not_mutable] test-rank-not-exposed-to-model/rank-passed-into-walked-ask-path
    pairs: 0 settled by the run, 4 put to the model, 0 dropped as not worth asking, 488 skipped once the defect was covered
    the mutated src/acceptance/defects/pair_mapping.py does not parse: unexpected indent (<unknown>, line 724)

  [not_attempted] test-rank-not-exposed-to-model/rank-used-in-skip-reason
    injected at src/acceptance/defects/pair_mapping.py lines 716-719:
      -                     reason=(
      -                         f"not asked: ranked {rank} by similarity to the defect, below "
      -                         f"{len(covered_by)} test(s) already recorded as catching it"
      -                     ),
      +                     reason=(
      +                         f"not asked: the defect was already covered by {len(covered_by)} test(s)"
      +                     ),
    pairs: 0 settled by the run, 4 put to the model, 0 dropped as not worth asking, 488 skipped once the defect was covered
    no test went red, but 1 of 385 did not complete under the mutant (tests/test_suite_shape_without_root_task_file.py::test_collection_is_identical_with_and_without_the_root_task_file), so the tests cannot be called proven weak on this run

  [not_mutable] unasked-pair-not-answered/covered-pairs-not-preserved-as-unjudged
    pairs: 0 settled by the run, 4 put to the model, 0 dropped as not worth asking, 488 skipped once the defect was covered
    the edit replaces 20 lines, over the 12-line bound; the smallest edit that makes the defect true is what was asked for

  [not_mutable] unasked-pair-not-answered/early-stop-not-enabled-on-review-path
    pairs: 0 settled by the run, 4 put to the model, 0 dropped as not worth asking, 488 skipped once the defect was covered
    the replacement for src/acceptance/pipeline.py lines 534..534 is identical to what it replaces, so nothing would be injected and every test would 'survive' a defect that was never introduced

  [not_mutable] unasked-pair-not-answered/stopped-pairs-marked-as-unanswered
    pairs: 0 settled by the run, 12 put to the model, 0 dropped as not worth asking, 480 skipped once the defect was covered
    the edit replaces 20 lines, over the 12-line bound; the smallest edit that makes the defect true is what was asked for

  [not_mutable] unjudged-recorded/unjudged-cause-misclassified-as-covered
    pairs: 0 settled by the run, 4 put to the model, 0 dropped as not worth asking, 488 skipped once the defect was covered
    the replacement for src/acceptance/defects/pair_mapping.py lines 690..702 is identical to what it replaces, so nothing would be injected and every test would 'survive' a defect that was never introduced

  [not_attempted] unjudged-recorded/unjudged-cause-not-rendered
    injected at src/acceptance/report.py lines 272-273:
      -         if entry.cause is UnjudgedCause.DEFECT_ALREADY_COVERED:
      -             covered.setdefault(entry.defect_id, []).append(entry)
      +         if entry.cause is UnjudgedCause.DEFECT_ALREADY_COVERED:
      +             lines.append(f"  [{entry.cause.value}] {entry.defect_id} x {entry.test_id}")
      +             lines.append(f"    {entry.reason}")
      +             continue
    pairs: 0 settled by the run, 4 put to the model, 0 dropped as not worth asking, 488 skipped once the defect was covered
    no test went red, but 1 of 385 did not complete under the mutant (tests/test_suite_shape_without_root_task_file.py::test_collection_is_identical_with_and_without_the_root_task_file), so the tests cannot be called proven weak on this run

  [not_attempted] unjudged-recorded/unjudged-recorded-only-for-covered-defects
    injected at src/acceptance/report.py lines 268-274:
      -     for entry in review.unjudged_pairs:
      -         if entry.cause is UnjudgedCause.PASSED_UNDER_EDIT:
      -             routed.setdefault(entry.defect_id, []).append(entry)
      -             continue
      -         if entry.cause is UnjudgedCause.DEFECT_ALREADY_COVERED:
      -             covered.setdefault(entry.defect_id, []).append(entry)
      -             continue
      +     for entry in review.unjudged_pairs:
      +         if entry.cause is UnjudgedCause.PASSED_UNDER_EDIT:
      +             routed.setdefault(entry.defect_id, []).append(entry)
      +             continue
      +         if entry.cause is UnjudgedCause.DEFECT_ALREADY_COVERED:
      +             covered.setdefault(entry.defect_id, []).append(entry)
      +             continue
      +         lines.append(f"  [{entry.cause.value}] {entry.defect_id} x {entry.test_id}")
      +         lines.append(f"    {entry.reason}")
    pairs: 0 settled by the run, 4 put to the model, 0 dropped as not worth asking, 488 skipped once the defect was covered
    no test went red, but 1 of 385 did not complete under the mutant (tests/test_suite_shape_without_root_task_file.py::test_collection_is_identical_with_and_without_the_root_task_file), so the tests cannot be called proven weak on this run

  [not_mutable] unknown-pairs-exclusion/missing-exclusion-in-support-derivation
    pairs: 0 settled by the run, 4 put to the model, 0 dropped as not worth asking, 488 skipped once the defect was covered
    the replacement for src/acceptance/defects/support.py lines 243..244 is identical to what it replaces, so nothing would be injected and every test would 'survive' a defect that was never introduced

  [not_mutable] unknown-pairs-exclusion/report-counts-skipped-pairs-as-unknown
    pairs: 0 settled by the run, 12 put to the model, 0 dropped as not worth asking, 480 skipped once the defect was covered
    the replacement for src/acceptance/report.py lines 317..321 is identical to what it replaces, so nothing would be injected and every test would 'survive' a defect that was never introduced

Defects the delivered code already has, as asserted by the model (static tier; needs human review):
  pairs-asked-about-count-per-defect/asked-count-excludes-unanswered-pairs
    Lines 308-316 currently exclude `DEFECT_ALREADY_COVERED` pairs from `asked` by only counting `UNANSWERED` unjudged pairs, which matches the defect description. The smallest repair is to count all unjudged pairs for the defect in `asked`. (the run on the repair was not fully observed)
    no test run supports or contradicts this claim
    repair at src/acceptance/report.py lines 308-316:
      -     asked = sum(
      -         1
      -         for verdict in review.pair_verdicts
      -         if verdict.defect_id == defect_id and verdict.tier is not EvidenceTier.DEFECT_KILLED
      -     ) + sum(
      -         1
      -         for entry in review.unjudged_pairs
      -         if entry.defect_id == defect_id and entry.cause is UnjudgedCause.UNANSWERED
      -     )
      +     asked = sum(
      +         1
      +         for verdict in review.pair_verdicts
      +         if verdict.defect_id == defect_id and verdict.tier is not EvidenceTier.DEFECT_KILLED
      +     ) + sum(
      +         1
      +         for entry in review.unjudged_pairs
      +         if entry.defect_id == defect_id
      +     )

Candidate tests set aside (no conclusion rests on these):
  [not_started] tests/fixtures/archetypes/08-unrequested-change-separable/head/test_report.py::test_low_stock_report_filters_by_threshold
    the project's own pytest does not collect this test, so asking it to run would make the whole run fail without running anything. Test discovery found the file; pytest declines it.
  [not_started] tests/fixtures/archetypes/08-unrequested-change-test-support/head/test_pricing.py::test_line_total_multiplies_quantity_by_price
    the project's own pytest does not collect this test, so asking it to run would make the whole run fail without running anything. Test discovery found the file; pytest declines it.
  [timed_out] tests/benchmark/test_rating_regression.py::test_the_two_degenerate_judges_disagree_about_the_ratings
    the test exceeded its own time budget
    it failed with: _acceptance_sandbox_netblock.TestTimedOut: ACCEPTANCE_TEST_TIMEOUT: the test exceeded its per-test time budget
  [failed: AssertionError] tests/benchmark/test_runner.py::test_run_case_does_not_mutate_the_input_case
    the test failed against the code as delivered
    it failed with: AssertionError: previous item was not torn down properly
  [failed: FileExistsError] tests/change/test_working_tree.py::test_no_commits_after_base_are_required
    the test failed against the code as delivered
    it failed with: FileExistsError: [Errno 17] File exists: '/private/tmp/claude-501/pytest-of-alipeles/pytest-1106/test_the_two_degenerate_judges0/repo'
  [failed: FileExistsError] tests/defects/test_enumeration.py::test_the_report_says_when_a_set_was_reused_rather_than_produced_again
    the test failed against the code as delivered
    it failed with: FileExistsError: [Errno 17] File exists: '/private/tmp/claude-501/pytest-of-alipeles/pytest-1106/test_the_two_degenerate_judges0/repo'
  [failed: FileExistsError] tests/defects/test_enumeration.py::test_the_review_reports_the_recorded_ways_of_failing
    the test failed against the code as delivered
    it failed with: FileExistsError: [Errno 17] File exists: '/private/tmp/claude-501/pytest-of-alipeles/pytest-1106/test_the_two_degenerate_judges0/repo'
  [failed: FileExistsError] tests/defects/test_enumeration.py::test_two_runs_over_the_same_input_agree_byte_for_byte
    the test failed against the code as delivered
    it failed with: FileExistsError: [Errno 17] File exists: '/private/tmp/claude-501/pytest-of-alipeles/pytest-1106/test_the_two_degenerate_judges0/repo'
  [failed: FileExistsError] tests/defects/test_pair_mapping.py::test_a_continued_run_carries_verdicts_through_the_ledger
    the test failed against the code as delivered
    it failed with: FileExistsError: [Errno 17] File exists: '/private/tmp/claude-501/pytest-of-alipeles/pytest-1106/test_the_two_degenerate_judges0/repo'
  [failed: FileExistsError] tests/defects/test_pair_mapping.py::test_a_prefiltered_pair_is_named_in_the_report
    the test failed against the code as delivered
    it failed with: FileExistsError: [Errno 17] File exists: '/private/tmp/claude-501/pytest-of-alipeles/pytest-1106/test_the_two_degenerate_judges0/repo'
  [failed: FileExistsError] tests/defects/test_pair_mapping.py::test_the_pipeline_really_judges_pairs
    the test failed against the code as delivered
    it failed with: FileExistsError: [Errno 17] File exists: '/private/tmp/claude-501/pytest-of-alipeles/pytest-1106/test_the_two_degenerate_judges0/repo'
  [failed: FileExistsError] tests/defects/test_pair_mapping.py::test_the_report_shows_every_rating_with_its_denominator
    the test failed against the code as delivered
    it failed with: FileExistsError: [Errno 17] File exists: '/private/tmp/claude-501/pytest-of-alipeles/pytest-1106/test_the_two_degenerate_judges0/repo'
  [failed: FileExistsError] tests/defects/test_pair_mapping.py::test_two_runs_over_the_same_input_agree_byte_for_byte
    the test failed against the code as delivered
    it failed with: FileExistsError: [Errno 17] File exists: '/private/tmp/claude-501/pytest-of-alipeles/pytest-1106/test_the_two_degenerate_judges0/repo'
  [failed: FileExistsError] tests/defects/test_pair_ranking.py::test_the_pipeline_can_still_run_the_full_sweep
    the test failed against the code as delivered
    it failed with: FileExistsError: [Errno 17] File exists: '/private/tmp/claude-501/pytest-of-alipeles/pytest-1106/test_the_two_degenerate_judges0/repo'
  [failed: FileExistsError] tests/defects/test_pair_ranking.py::test_the_pipeline_ranks_and_stops_by_default
    the test failed against the code as delivered
    it failed with: FileExistsError: [Errno 17] File exists: '/private/tmp/claude-501/pytest-of-alipeles/pytest-1106/test_the_two_degenerate_judges0/repo'
  [failed: FileExistsError] tests/defects/test_pair_ranking.py::test_the_report_counts_each_defects_asked_and_skipped_pairs
    the test failed against the code as delivered
    it failed with: FileExistsError: [Errno 17] File exists: '/private/tmp/claude-501/pytest-of-alipeles/pytest-1106/test_the_two_degenerate_judges0/repo'
  [failed: FileExistsError] tests/test_cli.py::test_a_default_cli_run_is_seeded
    the test failed against the code as delivered
    it failed with: FileExistsError: [Errno 17] File exists: '/private/tmp/claude-501/pytest-of-alipeles/pytest-1106/test_the_two_degenerate_judges0/repo'
  [failed: FileExistsError] tests/test_cli.py::test_a_requirement_that_yielded_nothing_is_visible_in_the_report
    the test failed against the code as delivered
    it failed with: FileExistsError: [Errno 17] File exists: '/private/tmp/claude-501/pytest-of-alipeles/pytest-1106/test_the_two_degenerate_judges0/repo'
  [failed: FileExistsError] tests/test_cli.py::test_a_stale_instruction_file_is_removed_and_the_removal_reported
    the test failed against the code as delivered
    it failed with: FileExistsError: [Errno 17] File exists: '/private/tmp/claude-501/pytest-of-alipeles/pytest-1106/test_the_two_degenerate_judges0/repo'
  [failed: FileExistsError] tests/test_cli.py::test_check_fails_cleanly_on_missing_task_file
    the test failed against the code as delivered
    it failed with: FileExistsError: [Errno 17] File exists: '/private/tmp/claude-501/pytest-of-alipeles/pytest-1106/test_the_two_degenerate_judges0/repo'
  [failed: FileExistsError] tests/test_cli.py::test_check_fails_cleanly_on_unresolvable_revision
    the test failed against the code as delivered
    it failed with: FileExistsError: [Errno 17] File exists: '/private/tmp/claude-501/pytest-of-alipeles/pytest-1106/test_the_two_degenerate_judges0/repo'
  [failed: FileExistsError] tests/test_cli.py::test_check_json_emits_a_structured_review
    the test failed against the code as delivered
    it failed with: FileExistsError: [Errno 17] File exists: '/private/tmp/claude-501/pytest-of-alipeles/pytest-1106/test_the_two_degenerate_judges0/repo'
  [failed: FileExistsError] tests/test_cli.py::test_check_persists_the_review_to_the_store
    the test failed against the code as delivered
    it failed with: FileExistsError: [Errno 17] File exists: '/private/tmp/claude-501/pytest-of-alipeles/pytest-1106/test_the_two_degenerate_judges0/repo'
  [failed: FileExistsError] tests/test_cli.py::test_check_records_determinism_flags_in_provenance
    the test failed against the code as delivered
    it failed with: FileExistsError: [Errno 17] File exists: '/private/tmp/claude-501/pytest-of-alipeles/pytest-1106/test_the_two_degenerate_judges0/repo'
  [failed: FileExistsError] tests/test_cli.py::test_check_rejects_unknown_mode
    the test failed against the code as delivered
    it failed with: FileExistsError: [Errno 17] File exists: '/private/tmp/claude-501/pytest-of-alipeles/pytest-1106/test_the_two_degenerate_judges0/repo'
  [failed: FileExistsError] tests/test_cli.py::test_check_threads_an_optional_declaration_into_the_review
    the test failed against the code as delivered
    it failed with: FileExistsError: [Errno 17] File exists: '/private/tmp/claude-501/pytest-of-alipeles/pytest-1106/test_the_two_degenerate_judges0/repo'
  [failed: FileExistsError] tests/test_cli.py::test_check_without_a_head_reviews_the_working_tree
    the test failed against the code as delivered
    it failed with: FileExistsError: [Errno 17] File exists: '/private/tmp/claude-501/pytest-of-alipeles/pytest-1106/test_the_two_degenerate_judges0/repo'
  [failed: FileExistsError] tests/test_cli.py::test_classify_replay_without_transcript_fails_cleanly
    the test failed against the code as delivered
    it failed with: FileExistsError: [Errno 17] File exists: '/private/tmp/claude-501/pytest-of-alipeles/pytest-1106/test_the_two_degenerate_judges0/repo'
  [failed: FileExistsError] tests/test_cli.py::test_json_is_the_default_format_when_none_is_requested
    the test failed against the code as delivered
    it failed with: FileExistsError: [Errno 17] File exists: '/private/tmp/claude-501/pytest-of-alipeles/pytest-1106/test_the_two_degenerate_judges0/repo'
  [failed: FileExistsError] tests/test_cli.py::test_no_seed_is_the_deliberate_way_to_run_unpinned
    the test failed against the code as delivered
    it failed with: FileExistsError: [Errno 17] File exists: '/private/tmp/claude-501/pytest-of-alipeles/pytest-1106/test_the_two_degenerate_judges0/repo'
  [failed: FileExistsError] tests/test_cli.py::test_recommendation_for_an_unknown_criterion_is_empty_not_an_error
    the test failed against the code as delivered
    it failed with: FileExistsError: [Errno 17] File exists: '/private/tmp/claude-501/pytest-of-alipeles/pytest-1106/test_the_two_degenerate_judges0/repo'
  [failed: FileExistsError] tests/test_cli.py::test_recommendation_returns_the_stored_prescription_for_a_criterion
    the test failed against the code as delivered
    it failed with: FileExistsError: [Errno 17] File exists: '/private/tmp/claude-501/pytest-of-alipeles/pytest-1106/test_the_two_degenerate_judges0/repo'
  [failed: FileExistsError] tests/test_cli.py::test_report_shell_renders_all_sections_present_and_empty
    the test failed against the code as delivered
    it failed with: FileExistsError: [Errno 17] File exists: '/private/tmp/claude-501/pytest-of-alipeles/pytest-1106/test_the_two_degenerate_judges0/repo'
  [failed: FileExistsError] tests/test_cli.py::test_run_check_accepts_an_explicit_repo_independent_of_cwd
    the test failed against the code as delivered
    it failed with: FileExistsError: [Errno 17] File exists: '/private/tmp/claude-501/pytest-of-alipeles/pytest-1106/test_the_two_degenerate_judges0/repo'
  [failed: FileExistsError] tests/test_cli.py::test_run_check_rejects_a_revision_missing_from_the_given_repo
    the test failed against the code as delivered
    it failed with: FileExistsError: [Errno 17] File exists: '/private/tmp/claude-501/pytest-of-alipeles/pytest-1106/test_the_two_degenerate_judges0/repo'
  [failed: FileExistsError] tests/test_cli.py::test_run_classify_auto_ignores_the_task_file
    the test failed against the code as delivered
    it failed with: FileExistsError: [Errno 17] File exists: '/private/tmp/claude-501/pytest-of-alipeles/pytest-1106/test_the_two_degenerate_judges0/repo'
  [failed: FileExistsError] tests/test_cli.py::test_task_ignore_pattern_for_a_file_inside_the_repo
    the test failed against the code as delivered
    it failed with: FileExistsError: [Errno 17] File exists: '/private/tmp/claude-501/pytest-of-alipeles/pytest-1106/test_the_two_degenerate_judges0/repo'
  [failed: FileExistsError] tests/test_cli.py::test_task_ignore_pattern_for_a_relative_path
    the test failed against the code as delivered
    it failed with: FileExistsError: [Errno 17] File exists: '/private/tmp/claude-501/pytest-of-alipeles/pytest-1106/test_the_two_degenerate_judges0/repo'
  [failed: FileExistsError] tests/test_cli.py::test_task_ignore_pattern_is_none_outside_the_repo
    the test failed against the code as delivered
    it failed with: FileExistsError: [Errno 17] File exists: '/private/tmp/claude-501/pytest-of-alipeles/pytest-1106/test_the_two_degenerate_judges0/repo'
  [failed: FileExistsError] tests/test_cli.py::test_the_pipeline_persists_the_requirement_map
    the test failed against the code as delivered
    it failed with: FileExistsError: [Errno 17] File exists: '/private/tmp/claude-501/pytest-of-alipeles/pytest-1106/test_the_two_degenerate_judges0/repo'
  [failed: FileExistsError] tests/test_cli.py::test_the_removal_is_reported_in_json_mode_too
    the test failed against the code as delivered
    it failed with: FileExistsError: [Errno 17] File exists: '/private/tmp/claude-501/pytest-of-alipeles/pytest-1106/test_the_two_degenerate_judges0/repo'
  [failed: FileExistsError] tests/test_cli.py::test_the_removal_leaves_the_report_as_the_only_statement_of_status
    the test failed against the code as delivered
    it failed with: FileExistsError: [Errno 17] File exists: '/private/tmp/claude-501/pytest-of-alipeles/pytest-1106/test_the_two_degenerate_judges0/repo'
  [failed: FileExistsError] tests/test_cli.py::test_two_retrievals_over_unchanged_state_are_byte_identical
    the test failed against the code as delivered
    it failed with: FileExistsError: [Errno 17] File exists: '/private/tmp/claude-501/pytest-of-alipeles/pytest-1106/test_the_two_degenerate_judges0/repo'
  [failed: FileExistsError] tests/test_cli.py::test_two_runs_over_the_same_input_are_byte_identical
    the test failed against the code as delivered
    it failed with: FileExistsError: [Errno 17] File exists: '/private/tmp/claude-501/pytest-of-alipeles/pytest-1106/test_the_two_degenerate_judges0/repo'
  [failed: FileExistsError] tests/test_cli_pair_ranking.py::test_run_check_hands_the_stop_number_to_the_pipeline
    the test failed against the code as delivered
    it failed with: FileExistsError: [Errno 17] File exists: '/private/tmp/claude-501/pytest-of-alipeles/pytest-1106/test_the_two_degenerate_judges0/repo'
  [failed: FileExistsError] tests/test_edit_results_never_reach_a_prompt.py::TestTheEditsResultsStayInTheRunner::test_no_model_request_carries_it
    the test failed against the code as delivered
    it failed with: FileExistsError: [Errno 17] File exists: '/private/tmp/claude-501/pytest-of-alipeles/pytest-1106/test_the_two_degenerate_judges0/repo'
  [failed: FileExistsError] tests/test_edit_results_never_reach_a_prompt.py::TestTheEditsResultsStayInTheRunner::test_the_report_does_not_carry_it
    the test failed against the code as delivered
    it failed with: FileExistsError: [Errno 17] File exists: '/private/tmp/claude-501/pytest-of-alipeles/pytest-1106/test_the_two_degenerate_judges0/repo'
  [network_blocked] tests/test_llm.py::test_controls_a_provider_discards_are_recorded_as_absent_not_as_requested
    the test attempted to reach the network
    it failed with: _acceptance_sandbox_netblock.NetworkBlocked: ACCEPTANCE_NETWORK_BLOCKED: connecting to ('raw.githubusercontent.com', 443) is blocked inside the acceptance sandbox
  [failed: FileExistsError] tests/test_mandate_coverage_wiring.py::test_a_resolved_questions_obligation_reaches_the_obligation_map
    the test failed against the code as delivered
    it failed with: FileExistsError: [Errno 17] File exists: '/private/tmp/claude-501/pytest-of-alipeles/pytest-1106/test_the_two_degenerate_judges0/repo'
  [failed: FileExistsError] tests/test_mandate_coverage_wiring.py::test_the_verdict_is_derived_with_each_requirements_disposition_in_hand
    the test failed against the code as delivered
    it failed with: FileExistsError: [Errno 17] File exists: '/private/tmp/claude-501/pytest-of-alipeles/pytest-1106/test_the_two_degenerate_judges0/repo'
  [failed: FileExistsError] tests/test_mandate_coverage_wiring.py::test_two_runs_over_identical_task_text_produce_byte_identical_review_state
    the test failed against the code as delivered
    it failed with: FileExistsError: [Errno 17] File exists: '/private/tmp/claude-501/pytest-of-alipeles/pytest-1106/test_the_two_degenerate_judges0/repo'
  [failed: FileExistsError] tests/test_mutation_pipeline_wiring.py::TestARedCandidateTestIsSetAside::test_the_report_says_which_was_set_aside
    the test failed against the code as delivered
    it failed with: FileExistsError: [Errno 17] File exists: '/private/tmp/claude-501/pytest-of-alipeles/pytest-1106/test_the_two_degenerate_judges0/repo'
  [failed: FileExistsError] tests/test_mutation_pipeline_wiring.py::TestAnAlreadyPresentDefect::test_a_repair_a_test_fails_names_the_test_asserting_the_defect
    the test failed against the code as delivered
    it failed with: FileExistsError: [Errno 17] File exists: '/private/tmp/claude-501/pytest-of-alipeles/pytest-1106/test_the_two_degenerate_judges0/repo'
  [failed: FileExistsError] tests/test_mutation_pipeline_wiring.py::TestAnAlreadyPresentDefect::test_a_repair_every_test_passes_means_no_test_pins_the_expected_behaviour
    the test failed against the code as delivered
    it failed with: FileExistsError: [Errno 17] File exists: '/private/tmp/claude-501/pytest-of-alipeles/pytest-1106/test_the_two_degenerate_judges0/repo'
  [failed: FileExistsError] tests/test_mutation_pipeline_wiring.py::TestAnAlreadyPresentDefect::test_it_still_reaches_the_static_judge
    the test failed against the code as delivered
    it failed with: FileExistsError: [Errno 17] File exists: '/private/tmp/claude-501/pytest-of-alipeles/pytest-1106/test_the_two_degenerate_judges0/repo'
  [failed: FileExistsError] tests/test_mutation_pipeline_wiring.py::TestAnAlreadyPresentDefect::test_the_block_is_absent_when_nothing_was_already_present
    the test failed against the code as delivered
    it failed with: FileExistsError: [Errno 17] File exists: '/private/tmp/claude-501/pytest-of-alipeles/pytest-1106/test_the_two_degenerate_judges0/repo'
  [failed: FileExistsError] tests/test_mutation_pipeline_wiring.py::TestAnAlreadyPresentDefect::test_the_report_flags_it_as_a_model_asserted_claim_at_the_static_tier
    the test failed against the code as delivered
    it failed with: FileExistsError: [Errno 17] File exists: '/private/tmp/claude-501/pytest-of-alipeles/pytest-1106/test_the_two_degenerate_judges0/repo'
  [failed: FileExistsError] tests/test_mutation_pipeline_wiring.py::TestAnUnverifiedEditIsNotEvidence::test_its_defect_still_goes_to_the_static_judge
    the test failed against the code as delivered
    it failed with: FileExistsError: [Errno 17] File exists: '/private/tmp/claude-501/pytest-of-alipeles/pytest-1106/test_the_two_degenerate_judges0/repo'
  [failed: FileExistsError] tests/test_mutation_pipeline_wiring.py::TestAnUnverifiedEditIsNotEvidence::test_the_report_says_the_result_is_not_counted
    the test failed against the code as delivered
    it failed with: FileExistsError: [Errno 17] File exists: '/private/tmp/claude-501/pytest-of-alipeles/pytest-1106/test_the_two_degenerate_judges0/repo'
  [failed: FileExistsError] tests/test_mutation_pipeline_wiring.py::TestExecutionOffChangesNothing::test_the_report_carries_no_execution_headings
    the test failed against the code as delivered
    it failed with: FileExistsError: [Errno 17] File exists: '/private/tmp/claude-501/pytest-of-alipeles/pytest-1106/test_the_two_degenerate_judges0/repo'
  [failed: FileExistsError] tests/test_mutation_pipeline_wiring.py::TestTheControlRunComesFirst::test_the_baseline_runs_before_any_descriptor_is_asked_for
    the test failed against the code as delivered
    it failed with: FileExistsError: [Errno 17] File exists: '/private/tmp/claude-501/pytest-of-alipeles/pytest-1106/test_the_two_degenerate_judges0/repo'
  [failed: FileExistsError] tests/test_mutation_pipeline_wiring.py::TestTheRunRoutesPairsThroughTheRealPipeline::test_a_defect_with_no_kill_among_its_judged_pairs_gets_them_back
    the test failed against the code as delivered
    it failed with: FileExistsError: [Errno 17] File exists: '/private/tmp/claude-501/pytest-of-alipeles/pytest-1106/test_the_two_degenerate_judges0/repo'
  [failed: FileExistsError] tests/test_mutation_pipeline_wiring.py::TestTheRunRoutesPairsThroughTheRealPipeline::test_the_dropped_pairs_are_counted_not_listed_one_by_one
    the test failed against the code as delivered
    it failed with: FileExistsError: [Errno 17] File exists: '/private/tmp/claude-501/pytest-of-alipeles/pytest-1106/test_the_two_degenerate_judges0/repo'
  [failed: FileExistsError] tests/test_mutation_pipeline_wiring.py::TestTheRunRoutesPairsThroughTheRealPipeline::test_the_held_back_pair_is_recorded_rather_than_dropped
    the test failed against the code as delivered
    it failed with: FileExistsError: [Errno 17] File exists: '/private/tmp/claude-501/pytest-of-alipeles/pytest-1106/test_the_two_degenerate_judges0/repo'
  [failed: FileExistsError] tests/test_mutation_pipeline_wiring.py::TestTheRunRoutesPairsThroughTheRealPipeline::test_the_pair_counts_are_stated_even_when_they_are_all_zero
    the test failed against the code as delivered
    it failed with: FileExistsError: [Errno 17] File exists: '/private/tmp/claude-501/pytest-of-alipeles/pytest-1106/test_the_two_degenerate_judges0/repo'
  [failed: FileExistsError] tests/test_mutation_pipeline_wiring.py::TestTheRunRoutesPairsThroughTheRealPipeline::test_the_report_names_the_defect_whose_edit_the_decision_rests_on
    the test failed against the code as delivered
    it failed with: FileExistsError: [Errno 17] File exists: '/private/tmp/claude-501/pytest-of-alipeles/pytest-1106/test_the_two_degenerate_judges0/repo'
  [failed: FileExistsError] tests/test_mutation_pipeline_wiring.py::TestTheRunRoutesPairsThroughTheRealPipeline::test_the_report_names_where_the_defects_pairs_went
    the test failed against the code as delivered
    it failed with: FileExistsError: [Errno 17] File exists: '/private/tmp/claude-501/pytest-of-alipeles/pytest-1106/test_the_two_degenerate_judges0/repo'
  [failed: FileExistsError] tests/test_mutation_pipeline_wiring.py::TestTheRunRoutesPairsThroughTheRealPipeline::test_the_report_says_a_dropped_pair_is_not_evidence
    the test failed against the code as delivered
    it failed with: FileExistsError: [Errno 17] File exists: '/private/tmp/claude-501/pytest-of-alipeles/pytest-1106/test_the_two_degenerate_judges0/repo'
  [failed: FileExistsError] tests/test_mutation_pipeline_wiring.py::TestTheStaticJudgeSeesOnlyTheRemainder::test_a_defect_injection_could_not_settle_reaches_the_static_judge
    the test failed against the code as delivered
    it failed with: FileExistsError: [Errno 17] File exists: '/private/tmp/claude-501/pytest-of-alipeles/pytest-1106/test_the_two_degenerate_judges0/repo'
  [failed: FileExistsError] tests/test_mutation_pipeline_wiring.py::TestTheStaticJudgeSeesOnlyTheRemainder::test_the_pair_stage_is_asked_when_execution_is_off
    the test failed against the code as delivered
    it failed with: FileExistsError: [Errno 17] File exists: '/private/tmp/claude-501/pytest-of-alipeles/pytest-1106/test_the_two_degenerate_judges0/repo'
  [failed: FileExistsError] tests/test_mutation_pipeline_wiring.py::TestTheTierRuns::test_the_descriptor_request_carries_the_surrounding_code
    the test failed against the code as delivered
    it failed with: FileExistsError: [Errno 17] File exists: '/private/tmp/claude-501/pytest-of-alipeles/pytest-1106/test_the_two_degenerate_judges0/repo'
  [failed: FileExistsError] tests/test_mutation_pipeline_wiring.py::TestTheTierRuns::test_the_enumerated_behaviours_reach_the_descriptor_request
    the test failed against the code as delivered
    it failed with: FileExistsError: [Errno 17] File exists: '/private/tmp/claude-501/pytest-of-alipeles/pytest-1106/test_the_two_degenerate_judges0/repo'
  [failed: FileExistsError] tests/test_mutation_pipeline_wiring.py::TestVerification::test_a_refused_edit_stays_static_and_goes_to_the_static_judge
    the test failed against the code as delivered
    it failed with: FileExistsError: [Errno 17] File exists: '/private/tmp/claude-501/pytest-of-alipeles/pytest-1106/test_the_two_degenerate_judges0/repo'
  [failed: FileExistsError] tests/test_mutation_pipeline_wiring.py::TestWhatIsPersistedAndRendered::test_a_deletion_shows_the_lines_it_removed
    the test failed against the code as delivered
    it failed with: FileExistsError: [Errno 17] File exists: '/private/tmp/claude-501/pytest-of-alipeles/pytest-1106/test_the_two_degenerate_judges0/repo'
  [failed: FileExistsError] tests/test_mutation_pipeline_wiring.py::TestWhatIsPersistedAndRendered::test_a_set_aside_test_is_stored_and_reported
    the test failed against the code as delivered
    it failed with: FileExistsError: [Errno 17] File exists: '/private/tmp/claude-501/pytest-of-alipeles/pytest-1106/test_the_two_degenerate_judges0/repo'
  [failed: FileExistsError] tests/test_mutation_pipeline_wiring.py::TestWhatIsPersistedAndRendered::test_the_report_says_no_test_caught_it
    the test failed against the code as delivered
    it failed with: FileExistsError: [Errno 17] File exists: '/private/tmp/claude-501/pytest-of-alipeles/pytest-1106/test_the_two_degenerate_judges0/repo'
  [failed: FileExistsError] tests/test_mutation_pipeline_wiring.py::TestWhatIsPersistedAndRendered::test_the_report_shows_the_injected_text
    the test failed against the code as delivered
    it failed with: FileExistsError: [Errno 17] File exists: '/private/tmp/claude-501/pytest-of-alipeles/pytest-1106/test_the_two_degenerate_judges0/repo'
  [failed: FileExistsError] tests/test_mutation_pipeline_wiring.py::TestWhatIsPersistedAndRendered::test_the_report_shows_what_the_edit_replaced
    the test failed against the code as delivered
    it failed with: FileExistsError: [Errno 17] File exists: '/private/tmp/claude-501/pytest-of-alipeles/pytest-1106/test_the_two_degenerate_judges0/repo'
  [failed: FileExistsError] tests/test_mutation_pipeline_wiring.py::TestWhenTheTestsCannotBeRunAtAll::test_the_defects_still_fall_back_to_the_static_judge
    the test failed against the code as delivered
    it failed with: FileExistsError: [Errno 17] File exists: '/private/tmp/claude-501/pytest-of-alipeles/pytest-1106/test_the_two_degenerate_judges0/repo'
  [failed: FileExistsError] tests/test_mutation_runner.py::TestWhenTheProjectsTestsCannotBeRun::test_no_mutant_is_built_so_no_descriptor_is_asked_for
    the test failed against the code as delivered
    it failed with: FileExistsError: [Errno 17] File exists: '/private/tmp/claude-501/pytest-of-alipeles/pytest-1106/test_the_two_degenerate_judges0/proj'
  [failed: FileExistsError] tests/test_pipeline_request_openings.py::test_content_two_requests_share_is_written_the_same_way_in_both
    the test failed against the code as delivered
    it failed with: FileExistsError: [Errno 17] File exists: '/private/tmp/claude-501/pytest-of-alipeles/pytest-1106/test_the_two_degenerate_judges0/repo'
  [failed: FileExistsError] tests/test_pipeline_request_openings.py::test_every_request_the_pipeline_issues_opens_with_the_shared_preamble
    the test failed against the code as delivered
    it failed with: FileExistsError: [Errno 17] File exists: '/private/tmp/claude-501/pytest-of-alipeles/pytest-1106/test_the_two_degenerate_judges0/repo'
  [failed: FileExistsError] tests/test_pipeline_request_openings.py::test_no_request_places_content_unique_to_it_ahead_of_content_it_shares
    the test failed against the code as delivered
    it failed with: FileExistsError: [Errno 17] File exists: '/private/tmp/claude-501/pytest-of-alipeles/pytest-1106/test_the_two_degenerate_judges0/repo'
  [failed: FileExistsError] tests/test_pipeline_request_openings.py::test_the_requests_that_share_a_diff_share_a_real_opening
    the test failed against the code as delivered
    it failed with: FileExistsError: [Errno 17] File exists: '/private/tmp/claude-501/pytest-of-alipeles/pytest-1106/test_the_two_degenerate_judges0/repo'
  [failed: FileExistsError] tests/test_recommendation_omission.py::test_the_report_says_the_prescription_was_not_obtained
    the test failed against the code as delivered
    it failed with: FileExistsError: [Errno 17] File exists: '/private/tmp/claude-501/pytest-of-alipeles/pytest-1106/test_the_two_degenerate_judges0/.github/workflows'
  [failed: FileExistsError] tests/test_recommendation_omission.py::test_two_runs_over_the_same_inputs_render_the_same_report
    the test failed against the code as delivered
    it failed with: FileExistsError: [Errno 17] File exists: '/private/tmp/claude-501/pytest-of-alipeles/pytest-1106/test_the_two_degenerate_judges0/.github/workflows'
  [failed: FileExistsError] tests/test_rerun.py::test_a_prior_review_of_a_different_task_is_not_used
    the test failed against the code as delivered
    it failed with: FileExistsError: [Errno 17] File exists: '/private/tmp/claude-501/pytest-of-alipeles/pytest-1106/test_the_two_degenerate_judges0/repo'
  [failed: FileExistsError] tests/test_rerun.py::test_a_rerun_still_reports_a_gap_in_code_the_new_work_never_touched
    the test failed against the code as delivered
    it failed with: FileExistsError: [Errno 17] File exists: '/private/tmp/claude-501/pytest-of-alipeles/pytest-1106/test_the_two_degenerate_judges0/repo'
  [failed: FileExistsError] tests/test_rerun.py::test_a_review_predating_task_recording_is_not_used
    the test failed against the code as delivered
    it failed with: FileExistsError: [Errno 17] File exists: '/private/tmp/claude-501/pytest-of-alipeles/pytest-1106/test_the_two_degenerate_judges0/repo'
  [failed: FileExistsError] tests/test_rerun.py::test_a_stale_prior_verdict_is_replaced_rather_than_surviving
    the test failed against the code as delivered
    it failed with: FileExistsError: [Errno 17] File exists: '/private/tmp/claude-501/pytest-of-alipeles/pytest-1106/test_the_two_degenerate_judges0/repo'
  [failed: FileExistsError] tests/test_rerun.py::test_nothing_from_a_non_selected_ancestor_review_reaches_the_rerun
    the test failed against the code as delivered
    it failed with: FileExistsError: [Errno 17] File exists: '/private/tmp/claude-501/pytest-of-alipeles/pytest-1106/test_the_two_degenerate_judges0/repo'
  [failed: FileExistsError] tests/test_stage_attribution.py::test_a_real_review_run_attributes_every_call_it_made
    the test failed against the code as delivered
    it failed with: FileExistsError: [Errno 17] File exists: '/private/tmp/claude-501/pytest-of-alipeles/pytest-1106/test_the_two_degenerate_judges0/repo'
  [failed: FileExistsError] tests/test_stage_attribution.py::test_the_breakdown_never_reaches_review_state
    the test failed against the code as delivered
    it failed with: FileExistsError: [Errno 17] File exists: '/private/tmp/claude-501/pytest-of-alipeles/pytest-1106/test_the_two_degenerate_judges0/repo'
  [failed: FileExistsError] tests/test_stage_attribution.py::test_the_breakdown_never_reaches_the_rendered_report
    the test failed against the code as delivered
    it failed with: FileExistsError: [Errno 17] File exists: '/private/tmp/claude-501/pytest-of-alipeles/pytest-1106/test_the_two_degenerate_judges0/repo'
  [failed: FileExistsError] tests/test_stage_attribution.py::test_the_check_command_prints_the_per_stage_breakdown
    the test failed against the code as delivered
    it failed with: FileExistsError: [Errno 17] File exists: '/private/tmp/claude-501/pytest-of-alipeles/pytest-1106/test_the_two_degenerate_judges0/repo'
  [failed: FileExistsError] tests/test_stage_attribution.py::test_two_runs_whose_calls_cost_different_amounts_still_agree_byte_for_byte
    the test failed against the code as delivered
    it failed with: FileExistsError: [Errno 17] File exists: '/private/tmp/claude-501/pytest-of-alipeles/pytest-1106/test_the_two_degenerate_judges0/repo'
  [failed: FileExistsError] tests/test_unevidenceable_obligations.py::test_a_config_only_change_produces_a_report
    the test failed against the code as delivered
    it failed with: FileExistsError: [Errno 17] File exists: '/private/tmp/claude-501/pytest-of-alipeles/pytest-1106/test_the_two_degenerate_judges0/.github/workflows'
  [failed: FileExistsError] tests/test_unevidenceable_obligations.py::test_an_obligation_requiring_neither_kind_needs_review_this_cannot_give
    the test failed against the code as delivered
    it failed with: FileExistsError: [Errno 17] File exists: '/private/tmp/claude-501/pytest-of-alipeles/pytest-1106/test_the_two_degenerate_judges0/.github/workflows'
  [failed: FileExistsError] tests/test_unevidenceable_obligations.py::test_an_obligation_requiring_no_code_evidence_never_reaches_the_coverage_stage
    the test failed against the code as delivered
    it failed with: FileExistsError: [Errno 17] File exists: '/private/tmp/claude-501/pytest-of-alipeles/pytest-1106/test_the_two_degenerate_judges0/.github/workflows'
  [failed: FileExistsError] tests/test_unevidenceable_obligations.py::test_an_obligation_requiring_no_test_evidence_is_left_unrated
    the test failed against the code as delivered
    it failed with: FileExistsError: [Errno 17] File exists: '/private/tmp/claude-501/pytest-of-alipeles/pytest-1106/test_the_two_degenerate_judges0/.github/workflows'
  [failed: FileExistsError] tests/test_unevidenceable_obligations.py::test_an_obligation_requiring_no_test_evidence_never_reaches_the_prescriber
    the test failed against the code as delivered
    it failed with: FileExistsError: [Errno 17] File exists: '/private/tmp/claude-501/pytest-of-alipeles/pytest-1106/test_the_two_degenerate_judges0/.github/workflows'
  [failed: FileExistsError] tests/test_unevidenceable_obligations.py::test_the_report_renders_that_differently_from_a_missing_test
    the test failed against the code as delivered
    it failed with: FileExistsError: [Errno 17] File exists: '/private/tmp/claude-501/pytest-of-alipeles/pytest-1106/test_the_two_degenerate_judges0/.github/workflows'
  [failed: FileExistsError] tests/test_unevidenceable_obligations.py::test_the_report_says_test_evidence_is_not_required_and_why
    the test failed against the code as delivered
    it failed with: FileExistsError: [Errno 17] File exists: '/private/tmp/claude-501/pytest-of-alipeles/pytest-1106/test_the_two_degenerate_judges0/.github/workflows'
  [failed: FileExistsError] tests/test_unevidenceable_obligations.py::test_the_required_evidence_reaches_review_state_with_its_reason
    the test failed against the code as delivered
    it failed with: FileExistsError: [Errno 17] File exists: '/private/tmp/claude-501/pytest-of-alipeles/pytest-1106/test_the_two_degenerate_judges0/.github/workflows'
  [failed: FileExistsError] tests/test_unevidenceable_obligations.py::test_two_runs_over_the_same_mandate_record_the_same_required_kinds
    the test failed against the code as delivered
    it failed with: FileExistsError: [Errno 17] File exists: '/private/tmp/claude-501/pytest-of-alipeles/pytest-1106/test_the_two_degenerate_judges0/one'
  [failed: FileExistsError] tests/test_unverified_mutation_is_inert.py::TestThroughTheWholeReview::test_a_verified_result_carries_no_such_mark
    the test failed against the code as delivered
    it failed with: FileExistsError: [Errno 17] File exists: '/private/tmp/claude-501/pytest-of-alipeles/pytest-1106/test_the_two_degenerate_judges0/repo'
  [failed: FileExistsError] tests/test_unverified_mutation_is_inert.py::TestThroughTheWholeReview::test_the_report_says_the_result_is_not_counted
    the test failed against the code as delivered
    it failed with: FileExistsError: [Errno 17] File exists: '/private/tmp/claude-501/pytest-of-alipeles/pytest-1106/test_the_two_degenerate_judges0/repo'
  [failed: FileExistsError] tests/test_unverified_mutation_is_inert.py::TestThroughTheWholeReview::test_the_static_judge_is_told_nothing_about_the_edit
    the test failed against the code as delivered
    it failed with: FileExistsError: [Errno 17] File exists: '/private/tmp/claude-501/pytest-of-alipeles/pytest-1106/test_the_two_degenerate_judges0/repo'
  [failed: UnresolvableRevisionError] tests/benchmark/test_corpus.py::test_the_case_carries_the_task_file_the_run_was_actually_given
    the test passes in the project but not in an unmodified copy of it, so a failure under an injected defect could not be attributed to the defect. In the copy it was: failed
    it failed with: acceptance.benchmark.corpus.UnresolvableRevisionError: case '167-gate2-run3' names revision '839ea47', which this repository no longer resolves. The corpus cases are pinned to real history; a rewritten or pruned commit breaks them by design rather than shrinking the suite silently.
  [failed: UnresolvableRevisionError] tests/benchmark/test_rating_regression.py::test_a_judge_that_always_issues_strongly_supported_fails_the_suite
    the test passes in the project but not in an unmodified copy of it, so a failure under an injected defect could not be attributed to the defect. In the copy it was: failed
    it failed with: acceptance.benchmark.corpus.UnresolvableRevisionError: case '163-gate2-run1' names revision '4d13ba1', which this repository no longer resolves. The corpus cases are pinned to real history; a rewritten or pruned commit breaks them by design rather than shrinking the suite silently.
  [failed: UnresolvableRevisionError] tests/benchmark/test_rating_regression.py::test_a_judge_that_never_issues_strongly_supported_fails_the_suite
    the test passes in the project but not in an unmodified copy of it, so a failure under an injected defect could not be attributed to the defect. In the copy it was: failed
    it failed with: acceptance.benchmark.corpus.UnresolvableRevisionError: case '163-gate2-run1' names revision '4d13ba1', which this repository no longer resolves. The corpus cases are pinned to real history; a rewritten or pruned commit breaks them by design rather than shrinking the suite silently.
  [failed: UnresolvableRevisionError] tests/benchmark/test_rating_regression.py::test_every_scored_rating_is_the_arithmetic_over_that_case_s_own_verdicts
    the test passes in the project but not in an unmodified copy of it, so a failure under an injected defect could not be attributed to the defect. In the copy it was: failed
    it failed with: acceptance.benchmark.corpus.UnresolvableRevisionError: case '163-gate2-run1' names revision '4d13ba1', which this repository no longer resolves. The corpus cases are pinned to real history; a rewritten or pruned commit breaks them by design rather than shrinking the suite silently.
  [failed: UnresolvableRevisionError] tests/benchmark/test_rating_regression.py::test_running_the_suite_does_not_alter_the_judgement_stage
    the test passes in the project but not in an unmodified copy of it, so a failure under an injected defect could not be attributed to the defect. In the copy it was: failed
    it failed with: acceptance.benchmark.corpus.UnresolvableRevisionError: case '163-gate2-run1' names revision '4d13ba1', which this repository no longer resolves. The corpus cases are pinned to real history; a rewritten or pruned commit breaks them by design rather than shrinking the suite silently.

Changes since 11ba9dd3:
  moved:
    - Update the ranking experiment findings to record whether the ranking still holds with the embedding request the review can send, and what stopping early costs and saves on recorded reviews.
        test evidence: indeterminate -> unsupported
  verdict: UNABLE-TO-DETERMINE -> INCOMPLETE

Evidence limitations:
  1. Judgments are static inferences unless a higher tier is recorded; the full application was not independently executed.

Next: retrieve a criterion's full recommendation with
  acceptance recommendation --criterion <id>run 74a2ec85e3b40404
  continuing 845dbd7c4ca04392
  continue this run with: --continue 74a2ec85e3b40404
Model usage by stage:
  stage                         model                                                            calls   prompt  output  cached  this run  recorded
  ----------------------------  -------------------------------------------  -------------------------  -------  ------  ------  --------  --------
  obligation linking            voyage/voyage-3.5-lite                         1 (0 live / 1 replayed)      944       0       —   $0.0000   $0.0000
  defect-to-test pair mapping   voyage/voyage-3.5-lite, openai/gpt-5.4-mini    6 (1 live / 5 replayed)   91,618      76    0.0%   $0.0009   $0.0028
  coverage classification       openai/gpt-5.4-mini                            1 (1 live / 0 replayed)   29,708   2,649    0.0%   $0.0342   $0.0342
  unrequested-change detection  openai/gpt-5.4-mini                            1 (1 live / 0 replayed)   28,992   1,504    0.0%   $0.0285   $0.0285
  disposition judgment          openai/gpt-5.4-mini                            1 (1 live / 0 replayed)    1,958      60    0.0%   $0.0017   $0.0017
  test recommendation           openai/gpt-5.4-mini                            1 (1 live / 0 replayed)   27,792     689    0.0%   $0.0239   $0.0239
  mutation descriptor           openai/gpt-5.4-mini                          70 (0 live / 70 replayed)  530,296   9,456    0.0%   $0.0000   $0.4403
  this run spent $0.0893 on 5 live call(s); the evidence cost $0.5315 to record (76 call(s) replayed at no cost to this run)

