Task completion: INCOMPLETE

6 obligation(s) with non-discriminating test evidence (inject-edit-for-each-plausible-defect, red-test-does-not-identify-defect, dropped-pair-drop-reason-recorded, injection-attempt-basis, dropped-pair-not-demonstration-of-test-failure, report-says-how-many-pairs-run-decided).

Obligations:

  1. Inject an edit for each plausible defect it enumerates.
       requirements: task-01
       code evidence: addressed
         (no corresponding change)
       test evidence: partially supported — kills 3 of 4 enumerated defects (static prediction)  [tier: static]
         1.1  tests/defects/test_pair_mapping.py::test_a_continued_run_carries_verdicts_through_the_ledger
         1.2  tests/defects/test_pair_mapping.py::test_a_defect_whose_asked_pairs_yield_no_kill_has_its_skipped_pairs_judged
         1.3  tests/defects/test_pair_mapping.py::test_a_surviving_pair_stops_the_criterion_reaching_strongly_supported
         1.4  tests/defects/test_pair_mapping.py::test_a_verdict_is_produced_again_when_its_defect_changed
         1.5  tests/defects/test_pair_mapping.py::test_a_verdict_is_produced_again_when_the_tests_source_changed
         1.6  tests/defects/test_pair_mapping.py::test_a_verdict_is_reused_when_its_defect_and_its_test_are_both_unchanged
         1.7  tests/defects/test_pair_mapping.py::test_adding_one_test_judges_only_that_tests_pairs
         1.8  tests/defects/test_pair_mapping.py::test_routing_off_asks_about_everything
         1.9  tests/defects/test_pair_mapping.py::test_the_defect_list_sits_in_the_shared_prefix_of_every_call
         1.10  tests/defects/test_pair_mapping.py::test_the_question_put_about_a_pair_is_the_failure_question
         1.11  tests/defects/test_pair_mapping.py::test_the_second_pass_happens_before_the_result_is_returned
         1.12  tests/test_mutation_pipeline_wiring.py::TestTheRunRoutesPairsThroughTheRealPipeline::test_a_defect_with_no_kill_among_its_judged_pairs_gets_them_back
         1.13  tests/test_pair_routing.py::TestWhichPairsTheRunAnswers::test_a_test_that_failed_under_the_edit_is_still_asked
         1.14  tests/test_pair_routing.py::TestWhichPairsTheRunAnswers::test_a_test_that_kept_passing_under_the_edit_is_not_asked
         1.15  tests/test_unverified_mutation_is_inert.py::TestThroughTheWholeReview::test_the_static_judge_is_told_nothing_about_the_edit
         recommended test: For every plausible defect the review enumerates, the run includes a corresponding injected edit.
           inputs:  A review setup with at least one plausible defect that is enumerated in the defect sets but never appears in any killed mutation attempt, plus another defect that does produce a killed attempt so routing is active. The skipped-pair map should be expected to include pairs for the enumerated-but-never-killed defect if the implementation is correct.
           detects: The skipped-pair map is derived only from killed mutation attempts, so any plausible defect that is enumerated but never appears in a killed attempt contributes no injected edit at all.
           full detail: acceptance recommendation --criterion inject-edit-for-each-plausible-defect

  2. Run the project's candidate tests against that edit.
       requirements: task-01
       code evidence: addressed
         2.1  src/acceptance/mutation/verdicts.py#@@ -27,7 +27,56 @@ from acceptance.evidence_tier import EvidenceTier
         2.2  src/acceptance/pipeline.py#@@ -61,7 +61,11 @@ from acceptance.mutation.descriptor import build_descriptors, from_mapping
         2.3  src/acceptance/pipeline.py#@@ -513,6 +517,14 @@ def run_review(
         2.4  src/acceptance/defects/pair_mapping.py#@@ -544,19 +545,101 @@ def judge_pairs(
       test evidence: strongly supported — kills 3 of 3 enumerated defects (static prediction)  [tier: static]
         2.5  tests/defects/test_pair_mapping.py::test_a_defect_whose_asked_pairs_yield_no_kill_has_its_skipped_pairs_judged
         2.6  tests/defects/test_pair_mapping.py::test_adding_one_test_judges_only_that_tests_pairs
         2.7  tests/defects/test_pair_mapping.py::test_the_second_pass_happens_before_the_result_is_returned
         2.8  tests/defects/test_pair_mapping.py::test_two_runs_over_the_same_input_agree_byte_for_byte
         2.9  tests/test_mandate_coverage_wiring.py::test_two_runs_over_identical_task_text_produce_byte_identical_review_state
         2.10  tests/test_mutation_pipeline_wiring.py::TestTheRunRoutesPairsThroughTheRealPipeline::test_a_defect_with_no_kill_among_its_judged_pairs_gets_them_back
         2.11  tests/test_mutation_pipeline_wiring.py::TestTheRunRoutesPairsThroughTheRealPipeline::test_routing_off_puts_both_tests_to_the_model

  3. Use what the candidate-test run showed to decide which defect-and-test pairs are worth putting to a model.
       requirements: task-01
       code evidence: addressed
         3.1  src/acceptance/defects/pair_mapping.py#@@ -544,19 +545,101 @@ def judge_pairs(
         3.2  src/acceptance/mutation/verdicts.py#@@ -27,7 +27,56 @@ from acceptance.evidence_tier import EvidenceTier
         3.3  src/acceptance/pipeline.py#@@ -513,6 +517,14 @@ def run_review(
       test evidence: strongly supported — kills 4 of 4 enumerated defects (static prediction)  [tier: static]
         3.4  tests/defects/test_pair_mapping.py::test_a_continued_run_carries_verdicts_through_the_ledger
         3.5  tests/defects/test_pair_mapping.py::test_a_defect_whose_asked_pairs_yield_no_kill_has_its_skipped_pairs_judged
         3.6  tests/defects/test_pair_mapping.py::test_a_ragged_pair_set_is_still_split_into_rectangles
         3.7  tests/defects/test_pair_mapping.py::test_adding_one_test_judges_only_that_tests_pairs
         3.8  tests/defects/test_pair_mapping.py::test_the_prefilter_keeps_its_own_cause
         3.9  tests/defects/test_pair_mapping.py::test_the_second_pass_happens_before_the_result_is_returned
         3.10  tests/defects/test_pair_mapping.py::test_two_runs_over_the_same_input_agree_byte_for_byte
         3.11  tests/defects/test_reachability.py::test_excludes_and_records_the_one_provable_shape
         3.12  tests/test_mandate_coverage_wiring.py::test_two_runs_over_identical_task_text_produce_byte_identical_review_state
         3.13  tests/test_mutation_pipeline_wiring.py::TestAnAlreadyPresentDefect::test_it_still_reaches_the_static_judge
         3.14  tests/test_mutation_pipeline_wiring.py::TestTheRunRoutesPairsThroughTheRealPipeline::test_a_defect_with_no_kill_among_its_judged_pairs_gets_them_back
         3.15  tests/test_mutation_pipeline_wiring.py::TestTheRunRoutesPairsThroughTheRealPipeline::test_routing_off_puts_both_tests_to_the_model
         3.16  tests/test_mutation_pipeline_wiring.py::TestTheRunRoutesPairsThroughTheRealPipeline::test_the_held_back_pair_is_recorded_rather_than_dropped
         3.17  tests/test_mutation_pipeline_wiring.py::TestTheRunRoutesPairsThroughTheRealPipeline::test_the_test_that_kept_passing_is_never_put_to_the_model
         3.18  tests/test_pair_routing.py::TestADroppedPairIsNotASurvival::test_it_cannot_make_a_criterion_strongly_supported
         3.19  tests/test_pair_routing.py::TestADroppedPairIsNotASurvival::test_it_contributes_no_verdict_and_no_test_link
         3.20  tests/test_pair_routing.py::TestADroppedPairIsNotASurvival::test_it_raises_unknown_rather_than_reading_as_uncovered
         3.21  tests/test_pair_routing.py::TestWhichPairsTheRunAnswers::test_a_settled_attempt_skips_nothing
         3.22  tests/test_pair_routing.py::TestWhichPairsTheRunAnswers::test_a_survival_skips_nothing
         3.23  tests/test_unverified_mutation_is_inert.py::TestThroughTheWholeReview::test_the_static_judge_is_told_nothing_about_the_edit

  4. The review asks the model far fewer defect-and-test questions than it does today.
       requirements: task-01
       code evidence: addressed
         4.1  src/acceptance/defects/pair_mapping.py#@@ -544,19 +545,101 @@ def judge_pairs(
         4.2  tests/test_pair_routing.py#@@ -0,0 +1,179 @@
       test evidence: strongly supported — kills 4 of 4 enumerated defects (static prediction)  [tier: static]
         4.3  tests/defects/test_pair_mapping.py::test_a_continued_run_carries_verdicts_through_the_ledger
         4.4  tests/defects/test_pair_mapping.py::test_a_defect_whose_asked_pairs_yield_no_kill_has_its_skipped_pairs_judged
         4.5  tests/defects/test_pair_mapping.py::test_a_failing_answer_with_no_reason_is_not_kept_as_a_verdict
         4.6  tests/defects/test_pair_mapping.py::test_a_kill_on_an_asked_pair_keeps_the_saving
         4.7  tests/defects/test_pair_mapping.py::test_a_pair_the_judge_never_answers_is_recorded_not_read_as_surviving
         4.8  tests/defects/test_pair_mapping.py::test_a_prefiltered_pair_is_named_in_the_report
         4.9  tests/defects/test_pair_mapping.py::test_a_skipped_pair_comes_back_unjudged_with_its_reason
         4.10  tests/defects/test_pair_mapping.py::test_a_skipped_pair_is_never_offered_to_the_model
         4.11  tests/defects/test_pair_mapping.py::test_a_surviving_answer_carrying_a_reason_is_not_kept_as_a_verdict
         4.12  tests/defects/test_pair_mapping.py::test_a_surviving_answer_carrying_an_empty_reason_is_still_a_verdict
         4.13  tests/defects/test_pair_mapping.py::test_adding_one_test_judges_only_that_tests_pairs
         4.14  tests/defects/test_pair_mapping.py::test_one_misshapen_answer_does_not_discard_the_rest_of_its_batch
         4.15  tests/defects/test_pair_mapping.py::test_the_answer_about_a_pair_carries_a_reason_only_where_the_test_would_fail
         4.16  tests/defects/test_pair_mapping.py::test_the_second_pass_happens_before_the_result_is_returned
         4.17  tests/defects/test_pair_mapping.py::test_two_runs_over_the_same_input_agree_byte_for_byte
         4.18  tests/defects/test_reachability.py::test_excludes_and_records_the_one_provable_shape
         4.19  tests/defects/test_support.py::test_a_criterion_whose_only_evidence_is_unjudged_is_indeterminate_not_nominal
         4.20  tests/defects/test_support.py::test_a_prefilter_exclusion_counts_as_a_surviving_pair_not_an_unknown_one
         4.21  tests/defects/test_support.py::test_an_unjudged_defect_never_reads_as_a_surviving_one
         4.22  tests/test_mandate_coverage_wiring.py::test_two_runs_over_identical_task_text_produce_byte_identical_review_state
         4.23  tests/test_mutation_pipeline_wiring.py::TestTheRunRoutesPairsThroughTheRealPipeline::test_a_defect_with_no_kill_among_its_judged_pairs_gets_them_back
         4.24  tests/test_mutation_pipeline_wiring.py::TestTheRunRoutesPairsThroughTheRealPipeline::test_the_held_back_pair_is_recorded_rather_than_dropped
         4.25  tests/test_mutation_pipeline_wiring.py::TestTheRunRoutesPairsThroughTheRealPipeline::test_the_test_that_kept_passing_is_never_put_to_the_model
         4.26  tests/test_pair_routing.py::TestADroppedPairIsNotASurvival::test_it_contributes_no_verdict_and_no_test_link
         4.27  tests/test_pair_routing.py::TestWhichPairsTheRunAnswers::test_a_test_that_failed_under_the_edit_is_still_asked
         4.28  tests/test_pair_routing.py::TestWhichPairsTheRunAnswers::test_a_test_that_kept_passing_under_the_edit_is_not_asked
         4.29  tests/test_pair_routing.py::TestWhichPairsTheRunAnswers::test_the_reason_says_the_edit_was_not_verified

  5. A test that went on passing under the same edit is not put to the model when at least one candidate test failed under that edit.
       requirements: task-02
       code evidence: addressed
         5.1  src/acceptance/mutation/verdicts.py#@@ -27,7 +27,56 @@ from acceptance.evidence_tier import EvidenceTier
         5.2  src/acceptance/defects/pair_mapping.py#@@ -544,19 +545,101 @@ def judge_pairs(
         5.3  tests/test_pair_routing.py#@@ -0,0 +1,179 @@
       test evidence: strongly supported — kills 3 of 3 enumerated defects (static prediction)  [tier: static]
         5.4  tests/defects/test_pair_mapping.py::test_routing_off_asks_about_everything
         5.5  tests/test_mutation_archetype_acceptance.py::TestTheGroundTruthIsReproduced::test_every_labelled_defect_got_an_attempt
         5.6  tests/test_mutation_archetype_acceptance.py::TestTheGroundTruthIsReproduced::test_the_killing_tests_match_the_labels
         5.7  tests/test_mutation_pipeline_wiring.py::TestTheRunRoutesPairsThroughTheRealPipeline::test_routing_off_puts_both_tests_to_the_model
         5.8  tests/test_mutation_pipeline_wiring.py::TestTheRunRoutesPairsThroughTheRealPipeline::test_the_held_back_pair_is_recorded_rather_than_dropped
         5.9  tests/test_mutation_pipeline_wiring.py::TestTheRunRoutesPairsThroughTheRealPipeline::test_the_report_names_where_the_defects_pairs_went
         5.10  tests/test_mutation_pipeline_wiring.py::TestTheRunRoutesPairsThroughTheRealPipeline::test_the_test_that_kept_passing_is_never_put_to_the_model
         5.11  tests/test_mutation_pipeline_wiring.py::TestVerification::test_the_verifier_is_not_shown_the_tests
         5.12  tests/test_unverified_mutation_is_inert.py::TestThroughTheWholeReview::test_the_static_judge_is_told_nothing_about_the_edit

  6. The tests that failed under it are still put to the model.
       requirements: task-02
       code evidence: addressed
         6.1  src/acceptance/mutation/verdicts.py#@@ -27,7 +27,56 @@ from acceptance.evidence_tier import EvidenceTier
         6.2  tests/test_pair_routing.py#@@ -0,0 +1,179 @@
       test evidence: strongly supported — kills 2 of 2 enumerated defects (static prediction)  [tier: static]
         6.3  tests/defects/test_pair_mapping.py::test_two_runs_over_the_same_input_agree_byte_for_byte
         6.4  tests/test_mandate_coverage_wiring.py::test_two_runs_over_identical_task_text_produce_byte_identical_review_state
         6.5  tests/test_mutation_pipeline_wiring.py::TestVerification::test_the_verifier_is_not_shown_the_tests

  7. A test going red does not by itself establish that the named defect is what it caught.
       requirements: task-02
       code evidence: addressed
         7.1  src/acceptance/mutation/verdicts.py#@@ -27,7 +27,56 @@ from acceptance.evidence_tier import EvidenceTier
         7.2  tests/test_pair_routing.py#@@ -0,0 +1,179 @@
       test evidence: partially supported — kills 1 of 2 enumerated defects (static prediction)  [tier: static]
         7.3  tests/defects/test_pair_mapping.py::test_the_second_pass_happens_before_the_result_is_returned
         recommended test: The review does not infer the named defect solely from a failing test.
           inputs:  A review where one candidate test fails under the injected edit, but the named defect is not uniquely established by that failure. Include at least two plausible defects or an ambiguous setup so the failing test alone cannot prove which defect it caught, while routing still uses the failure to skip other pairs.
           detects: A failing test is used as proof that the named defect is what it caught, instead of being treated only as a reason to ask fewer pairs.
           full detail: acceptance recommendation --criterion red-test-does-not-identify-defect

  8. Where no candidate test failed under an edit, every pair for that defect is put to the model.
       requirements: task-03
       code evidence: addressed
         8.1  src/acceptance/defects/pair_mapping.py#@@ -544,19 +545,101 @@ def judge_pairs(
         8.2  tests/test_pair_routing.py#@@ -0,0 +1,179 @@
         8.3  tests/test_mutation_pipeline_wiring.py#@@ -779,3 +804,160 @@ class TestWhenTheTestsCannotBeRunAtAll:
       test evidence: strongly supported — kills 2 of 2 enumerated defects (static prediction)  [tier: static]
         8.4  tests/defects/test_pair_mapping.py::test_a_defect_whose_asked_pairs_yield_no_kill_has_its_skipped_pairs_judged
         8.5  tests/defects/test_pair_mapping.py::test_routing_off_asks_about_everything
         8.6  tests/defects/test_pair_mapping.py::test_the_second_pass_happens_before_the_result_is_returned
         8.7  tests/test_mutation_archetype_acceptance.py::TestTheGroundTruthIsReproduced::test_every_labelled_defect_got_an_attempt
         8.8  tests/test_mutation_archetype_acceptance.py::TestTheGroundTruthIsReproduced::test_the_killing_tests_match_the_labels
         8.9  tests/test_mutation_pipeline_wiring.py::TestAnAlreadyPresentDefect::test_it_still_reaches_the_static_judge
         8.10  tests/test_mutation_pipeline_wiring.py::TestTheRunRoutesPairsThroughTheRealPipeline::test_routing_off_puts_both_tests_to_the_model

  9. Every pair for a defect no edit could be built for is put to the model.
       requirements: task-03
       code evidence: addressed
         (no corresponding change)
       test evidence: strongly supported — kills 2 of 2 enumerated defects (static prediction)  [tier: static]
         9.1  tests/defects/test_pair_mapping.py::test_a_defect_whose_asked_pairs_yield_no_kill_has_its_skipped_pairs_judged
         9.2  tests/defects/test_pair_mapping.py::test_a_skipped_pair_comes_back_unjudged_with_its_reason
         9.3  tests/defects/test_pair_mapping.py::test_a_skipped_pair_is_never_offered_to_the_model
         9.4  tests/defects/test_pair_mapping.py::test_the_second_pass_happens_before_the_result_is_returned
         9.5  tests/test_mutation_archetype_acceptance.py::TestTheGroundTruthIsReproduced::test_every_labelled_defect_got_an_attempt
         9.6  tests/test_mutation_archetype_acceptance.py::TestTheGroundTruthIsReproduced::test_the_killing_tests_match_the_labels
         9.7  tests/test_mutation_pipeline_wiring.py::TestAnAlreadyPresentDefect::test_it_still_reaches_the_static_judge
         9.8  tests/test_mutation_pipeline_wiring.py::TestTheRunRoutesPairsThroughTheRealPipeline::test_a_defect_with_no_kill_among_its_judged_pairs_gets_them_back

  10. A pair the review drops this way is reported as not decided.
       requirements: task-04
       code evidence: addressed
         10.1  src/acceptance/defects/pair_mapping.py#@@ -544,19 +545,101 @@ def judge_pairs(
         10.2  src/acceptance/review_state.py#@@ -287,6 +291,20 @@ class UnjudgedCause(str, Enum):
         10.3  src/acceptance/report.py#@@ -27,6 +27,7 @@ from acceptance.review_state import (
         10.4  src/acceptance/report.py#@@ -348,11 +349,46 @@ def _mutation_block(review: Review) -> list[str]:
       test evidence: strongly supported — kills 2 of 2 enumerated defects (static prediction)  [tier: static]
         10.5  tests/defects/test_pair_mapping.py::test_a_kill_on_an_asked_pair_keeps_the_saving
         10.6  tests/defects/test_pair_mapping.py::test_a_skipped_pair_comes_back_unjudged_with_its_reason
         10.7  tests/defects/test_pair_mapping.py::test_the_prefilter_keeps_its_own_cause
         10.8  tests/test_mutation_pipeline_wiring.py::TestTheRunRoutesPairsThroughTheRealPipeline::test_a_defect_with_no_kill_among_its_judged_pairs_gets_them_back

  11. The review's output states that a dropped pair was dropped rather than presenting it as answered.
       requirements: task-04
       code evidence: addressed
         11.1  src/acceptance/report.py#@@ -348,11 +349,46 @@ def _mutation_block(review: Review) -> list[str]:
       test evidence: strongly supported — kills 2 of 2 enumerated defects (static prediction)  [tier: static]
         11.2  tests/test_mutation_pipeline_wiring.py::TestTheRunRoutesPairsThroughTheRealPipeline::test_the_report_names_where_the_defects_pairs_went

  12. The review records, for each dropped pair, why it was dropped.
       requirements: task-04
       code evidence: addressed
         12.1  src/acceptance/mutation/verdicts.py#@@ -27,7 +27,56 @@ from acceptance.evidence_tier import EvidenceTier
         12.2  src/acceptance/defects/pair_mapping.py#@@ -544,19 +545,101 @@ def judge_pairs(
         12.3  src/acceptance/review_state.py#@@ -287,6 +291,20 @@ class UnjudgedCause(str, Enum):
       test evidence: partially supported — kills 2 of 3 enumerated defects (static prediction)  [tier: static]
         12.4  tests/defects/test_pair_mapping.py::test_a_failing_answer_with_no_reason_is_not_kept_as_a_verdict
         12.5  tests/defects/test_pair_mapping.py::test_a_pair_the_judge_never_answers_is_recorded_not_read_as_surviving
         12.6  tests/defects/test_pair_mapping.py::test_a_skipped_pair_comes_back_unjudged_with_its_reason
         12.7  tests/defects/test_pair_mapping.py::test_the_prefilter_keeps_its_own_cause
         12.8  tests/defects/test_reachability.py::test_excludes_and_records_the_one_provable_shape
         12.9  tests/requirement/test_carry_forward.py::test_the_review_pipeline_carries_forward_and_hands_back_what_it_derived
         12.10  tests/test_mutation_pipeline_wiring.py::TestTheRunRoutesPairsThroughTheRealPipeline::test_the_held_back_pair_is_recorded_rather_than_dropped
         12.11  tests/test_mutation_pipeline_wiring.py::TestTheTierRuns::test_the_enumerated_behaviours_reach_the_descriptor_request
         recommended test: Each dropped pair in the review output includes an explanation of why it was dropped.
           inputs:  A review with at least one mutation attempt that produces a dropped pair via pair routing: one defect with one candidate test that failed under the injected edit and at least one other candidate test that passed under the same edit, with routing enabled so the pair is held back and then recorded as `PASSED_UNDER_EDIT`. Render the review report from that review.
           detects: The code records dropped pairs in the review state, but the review output never includes that dropped-pair explanation, so the observable review output can omit why a pair was dropped.
           full detail: acceptance recommendation --criterion dropped-pair-drop-reason-recorded

  13. The review records which injection attempt the decision rests on.
       requirements: task-04
       code evidence: addressed
         13.1  src/acceptance/mutation/verdicts.py#@@ -27,7 +27,56 @@ from acceptance.evidence_tier import EvidenceTier
         13.2  src/acceptance/pipeline.py#@@ -513,6 +517,14 @@ def run_review(
         13.3  src/acceptance/report.py#@@ -348,11 +349,46 @@ def _mutation_block(review: Review) -> list[str]:
       test evidence: partially supported — kills 1 of 2 enumerated defects (static prediction)  [tier: static]
         13.4  tests/test_mutation_pipeline_wiring.py::TestAnAlreadyPresentDefect::test_it_still_reaches_the_static_judge
         recommended test: The output includes the injection attempt that the decision is based on for each dropped pair.
           inputs:  A review with a dropped pair whose reason depends on a specific mutation attempt, and a rendered report that should mention the originating attempt basis. Use at least one defect with a held-back pair and one killed attempt so the basis is meaningful.
           detects: The pair-routing logic may compute skipped pairs from attempts, but the reporting path does not thread the originating attempt through to the dropped-pair output, so the observable review text cannot state which attempt the decision rests on.
           full detail: acceptance recommendation --criterion injection-attempt-basis

  14. A dropped pair is not a demonstration that the test fails to catch the defect.
       requirements: task-04
       code evidence: addressed
         14.1  src/acceptance/mutation/verdicts.py#@@ -27,7 +27,56 @@ from acceptance.evidence_tier import EvidenceTier
         14.2  src/acceptance/review_state.py#@@ -287,6 +291,20 @@ class UnjudgedCause(str, Enum):
         14.3  tests/test_pair_routing.py#@@ -0,0 +1,179 @@
       test evidence: partially supported — kills 1 of 2 enumerated defects (static prediction)  [tier: static]
         14.4  tests/defects/test_pair_mapping.py::test_a_surviving_pair_stops_the_criterion_reaching_strongly_supported
         14.5  tests/test_mutation_pipeline_wiring.py::TestAnAlreadyPresentDefect::test_a_claim_is_never_counted_as_a_kill
         14.6  tests/test_pair_routing.py::TestADroppedPairIsNotASurvival::test_it_cannot_make_a_criterion_strongly_supported
         14.7  tests/test_pair_routing.py::TestADroppedPairIsNotASurvival::test_it_raises_unknown_rather_than_reading_as_uncovered
         recommended test: The review output does not treat a dropped pair as evidence that the test failed to catch the defect.
           inputs:  A review where a pair is dropped because another candidate test failed under the injected edit, and the dropped pair's reason is rendered in the report. The review should include both the failing test and the held-back passing test for the same defect, with routing enabled.
           detects: The report text for dropped pairs can present them in a way that reads like proof the test failed to catch the defect, rather than as a non-verdict reason for skipping the pair.
           full detail: acceptance recommendation --criterion dropped-pair-not-demonstration-of-test-failure

  15. The review decides whether running the project's tests is worth doing.
       requirements: task-05
       code evidence: not required — This is a review judgment about whether tests are worth running, which the repository itself cannot settle.
       test evidence: not required — This is a review judgment about whether tests are worth running, which the repository itself cannot settle.

  16. Count the pairs that running the project's tests would let it drop.
       requirements: task-05
       code evidence: addressed
         16.1  src/acceptance/report.py#@@ -348,11 +349,46 @@ def _mutation_block(review: Review) -> list[str]:
       test evidence: strongly supported — kills 3 of 3 enumerated defects (static prediction)  [tier: static]
         16.2  tests/defects/test_pair_mapping.py::test_a_surviving_pair_stops_the_criterion_reaching_strongly_supported
         16.3  tests/test_mutation_pipeline_wiring.py::TestTheRunRoutesPairsThroughTheRealPipeline::test_a_defect_with_no_kill_among_its_judged_pairs_gets_them_back
         16.4  tests/test_mutation_pipeline_wiring.py::TestTheRunRoutesPairsThroughTheRealPipeline::test_the_held_back_pair_is_recorded_rather_than_dropped
         16.5  tests/test_mutation_pipeline_wiring.py::TestTheRunRoutesPairsThroughTheRealPipeline::test_the_report_names_where_the_defects_pairs_went
         16.6  tests/test_unverified_mutation_is_inert.py::TestThroughTheWholeReview::test_the_report_says_the_result_is_not_counted

  17. The review supports turning off dropping pairs.
       requirements: task-06
       code evidence: addressed
         17.1  src/acceptance/mutation/settings.py#@@ -54,6 +59,12 @@ class ExecutionSettings(_Model):
         17.2  src/acceptance/pipeline.py#@@ -513,6 +517,14 @@ def run_review(
         17.3  src/acceptance/defects/pair_mapping.py#@@ -544,19 +545,101 @@ def judge_pairs(
         17.4  tests/test_execution_decision.py#@@ -24,9 +24,15 @@ class TestWhenItDeclines:
         17.5  tests/test_mutation_pipeline_wiring.py#@@ -284,17 +285,39 @@ class TestVerification:
         17.6  tests/test_mutation_pipeline_wiring.py#@@ -581,8 +604,10 @@ class TestExecutionOffChangesNothing:
         17.7  tests/test_mutation_pipeline_wiring.py#@@ -779,3 +804,160 @@ class TestWhenTheTestsCannotBeRunAtAll:
       test evidence: strongly supported — kills 3 of 3 enumerated defects (static prediction)  [tier: static]
         17.8  tests/defects/test_pair_mapping.py::test_a_defect_whose_asked_pairs_yield_no_kill_has_its_skipped_pairs_judged
         17.9  tests/defects/test_pair_mapping.py::test_routing_off_asks_about_everything
         17.10  tests/defects/test_pair_mapping.py::test_the_second_pass_happens_before_the_result_is_returned
         17.11  tests/test_mutation_archetype_acceptance.py::TestTheGroundTruthIsReproduced::test_every_labelled_defect_got_an_attempt
         17.12  tests/test_mutation_archetype_acceptance.py::TestTheGroundTruthIsReproduced::test_the_killing_tests_match_the_labels
         17.13  tests/test_mutation_pipeline_wiring.py::TestAnAlreadyPresentDefect::test_it_still_reaches_the_static_judge
         17.14  tests/test_mutation_pipeline_wiring.py::TestTheRunRoutesPairsThroughTheRealPipeline::test_a_defect_with_no_kill_among_its_judged_pairs_gets_them_back
         17.15  tests/test_mutation_pipeline_wiring.py::TestTheRunRoutesPairsThroughTheRealPipeline::test_routing_off_puts_both_tests_to_the_model

  18. Preserve the ability to run a review the way it runs today.
       requirements: task-06
       code evidence: addressed
         18.1  src/acceptance/mutation/settings.py#@@ -54,6 +59,12 @@ class ExecutionSettings(_Model):
         18.2  src/acceptance/mutation/settings.py#@@ -81,14 +92,14 @@ def decide_execution(
         18.3  tests/test_execution_decision.py#@@ -24,9 +24,15 @@ class TestWhenItDeclines:
         18.4  tests/test_mutation_pipeline_wiring.py#@@ -284,17 +285,39 @@ class TestVerification:
         18.5  tests/test_mutation_pipeline_wiring.py#@@ -581,8 +604,10 @@ class TestExecutionOffChangesNothing:
       test evidence: strongly supported — kills 2 of 2 enumerated defects (static prediction)  [tier: static]
         18.6  tests/defects/test_pair_mapping.py::test_a_continued_run_carries_verdicts_through_the_ledger
         18.7  tests/defects/test_pair_mapping.py::test_a_defect_whose_asked_pairs_yield_no_kill_has_its_skipped_pairs_judged
         18.8  tests/defects/test_pair_mapping.py::test_routing_off_asks_about_everything
         18.9  tests/defects/test_pair_mapping.py::test_the_defect_list_sits_in_the_shared_prefix_of_every_call
         18.10  tests/defects/test_pair_mapping.py::test_the_question_put_about_a_pair_is_the_failure_question
         18.11  tests/requirement/test_carry_forward.py::test_the_review_pipeline_carries_forward_and_hands_back_what_it_derived
         18.12  tests/test_execution_decision.py::TestWhenItDeclines::test_nothing_would_consume_the_result

  19. The report states how many of its pairs the run itself decided.
       requirements: task-07
       code evidence: addressed
         19.1  src/acceptance/report.py#@@ -348,11 +349,46 @@ def _mutation_block(review: Review) -> list[str]:
       test evidence: partially supported — kills 1 of 2 enumerated defects (static prediction)  [tier: static]
         19.2  tests/test_mutation_pipeline_wiring.py::TestTheRunRoutesPairsThroughTheRealPipeline::test_the_report_names_where_the_defects_pairs_went
         recommended test: The report includes a count of pairs decided by the run itself.
           inputs:  A review with at least one mutation attempt that has a nonzero mix of settled, asked, and dropped pairs so the mutation block should show a pair-count line. Render the report for that review.
           detects: The report can omit the pair-count line for a mutation attempt, so the report does not always state how many pairs the run itself decided.
           full detail: acceptance recommendation --criterion report-says-how-many-pairs-run-decided

  20. The report states how many pairs were put to the model.
       requirements: task-07
       code evidence: addressed
         20.1  src/acceptance/report.py#@@ -348,11 +349,46 @@ def _mutation_block(review: Review) -> list[str]:
       test evidence: strongly supported — kills 2 of 2 enumerated defects (static prediction)  [tier: static]
         20.2  tests/test_mutation_pipeline_wiring.py::TestTheRunRoutesPairsThroughTheRealPipeline::test_the_report_names_where_the_defects_pairs_went
         20.3  tests/test_mutation_pipeline_wiring.py::TestTheRunRoutesPairsThroughTheRealPipeline::test_the_test_that_kept_passing_is_never_put_to_the_model

  21. The report states how many pairs were dropped.
       requirements: task-07
       code evidence: addressed
         21.1  src/acceptance/report.py#@@ -348,11 +349,46 @@ def _mutation_block(review: Review) -> list[str]:
       test evidence: strongly supported — kills 3 of 3 enumerated defects (static prediction)  [tier: static]
         21.2  tests/defects/test_pair_mapping.py::test_a_continued_run_carries_verdicts_through_the_ledger
         21.3  tests/defects/test_pair_mapping.py::test_a_defect_whose_asked_pairs_yield_no_kill_has_its_skipped_pairs_judged
         21.4  tests/defects/test_pair_mapping.py::test_a_pair_the_judge_never_answers_is_recorded_not_read_as_surviving
         21.5  tests/defects/test_pair_mapping.py::test_a_ragged_pair_set_is_still_split_into_rectangles
         21.6  tests/defects/test_pair_mapping.py::test_a_skipped_pair_is_never_offered_to_the_model
         21.7  tests/defects/test_pair_mapping.py::test_every_request_is_a_full_rectangle
         21.8  tests/test_mutation_archetype_acceptance.py::TestTheGroundTruthIsReproduced::test_every_labelled_defect_got_an_attempt
         21.9  tests/test_mutation_archetype_acceptance.py::TestTheGroundTruthIsReproduced::test_the_killing_tests_match_the_labels
         21.10  tests/test_mutation_pipeline_wiring.py::TestAnAlreadyPresentDefect::test_it_still_reaches_the_static_judge
         21.11  tests/test_mutation_pipeline_wiring.py::TestTheRunRoutesPairsThroughTheRealPipeline::test_the_held_back_pair_is_recorded_rather_than_dropped
         21.12  tests/test_mutation_pipeline_wiring.py::TestTheRunRoutesPairsThroughTheRealPipeline::test_the_report_names_where_the_defects_pairs_went
         21.13  tests/test_mutation_pipeline_wiring.py::TestTheTierRuns::test_the_enumerated_behaviours_reach_the_descriptor_request
         21.14  tests/test_mutation_pipeline_wiring.py::TestVerification::test_a_refused_edit_stays_static_and_goes_to_the_static_judge

  22. Nothing about the edit or about what the tests did under it reaches the model.
       requirements: constraint-01
       code evidence: addressed
         22.1  src/acceptance/mutation/verdicts.py#@@ -27,7 +27,56 @@ from acceptance.evidence_tier import EvidenceTier
         22.2  src/acceptance/pipeline.py#@@ -513,6 +517,14 @@ def run_review(
         22.3  src/acceptance/defects/pair_mapping.py#@@ -544,19 +545,101 @@ def judge_pairs(
         22.4  tests/test_mutation_pipeline_wiring.py#@@ -779,3 +804,160 @@ class TestWhenTheTestsCannotBeRunAtAll:
       test evidence: strongly supported — kills 2 of 2 enumerated defects (static prediction)  [tier: static]
         22.5  tests/defects/test_pair_mapping.py::test_a_skipped_pair_comes_back_unjudged_with_its_reason
         22.6  tests/defects/test_pair_mapping.py::test_two_runs_over_the_same_input_agree_byte_for_byte
         22.7  tests/test_mutation_pipeline_wiring.py::TestAnAlreadyPresentDefect::test_it_still_reaches_the_static_judge
         22.8  tests/test_mutation_pipeline_wiring.py::TestAnAlreadyPresentDefect::test_the_block_is_absent_when_nothing_was_already_present
         22.9  tests/test_pair_routing.py::TestWhichPairsTheRunAnswers::test_the_reason_says_the_edit_was_not_verified
         22.10  tests/test_unverified_mutation_is_inert.py::TestThroughTheWholeReview::test_the_report_says_the_result_is_not_counted
         22.11  tests/test_unverified_mutation_is_inert.py::TestThroughTheWholeReview::test_the_static_judge_is_told_nothing_about_the_edit

  23. An edit that was not separately checked does not settle the question of whether it makes the named defect true.
       requirements: constraint-02
       code evidence: addressed
         23.1  src/acceptance/mutation/settings.py#@@ -9,13 +9,18 @@ know whether a run would produce anything, and the review does.
         23.2  src/acceptance/mutation/verdicts.py#@@ -27,7 +27,56 @@ from acceptance.evidence_tier import EvidenceTier
         23.3  src/acceptance/review_state.py#@@ -287,6 +291,20 @@ class UnjudgedCause(str, Enum):
         23.4  tests/test_mutation_pipeline_wiring.py#@@ -284,17 +285,39 @@ class TestVerification:
         23.5  tests/test_pair_routing.py#@@ -0,0 +1,179 @@
       test evidence: strongly supported — kills 3 of 3 enumerated defects (static prediction)  [tier: static]
         23.6  tests/defects/test_pair_mapping.py::test_a_defect_whose_asked_pairs_yield_no_kill_has_its_skipped_pairs_judged
         23.7  tests/defects/test_pair_mapping.py::test_a_ragged_pair_set_is_still_split_into_rectangles
         23.8  tests/defects/test_pair_mapping.py::test_a_surviving_pair_stops_the_criterion_reaching_strongly_supported
         23.9  tests/defects/test_pair_mapping.py::test_the_second_pass_happens_before_the_result_is_returned
         23.10  tests/test_mutation_pipeline_wiring.py::TestAnAlreadyPresentDefect::test_it_still_reaches_the_static_judge
         23.11  tests/test_mutation_pipeline_wiring.py::TestAnUnverifiedEditIsNotEvidence::test_the_attempt_is_not_settled
         23.12  tests/test_mutation_pipeline_wiring.py::TestAnUnverifiedEditIsNotEvidence::test_the_criterion_stays_at_the_static_tier
         23.13  tests/test_mutation_pipeline_wiring.py::TestAnUnverifiedEditIsNotEvidence::test_the_report_says_the_result_is_not_counted
         23.14  tests/test_mutation_pipeline_wiring.py::TestTheRunRoutesPairsThroughTheRealPipeline::test_the_held_back_pair_is_recorded_rather_than_dropped
         23.15  tests/test_mutation_pipeline_wiring.py::TestTheRunRoutesPairsThroughTheRealPipeline::test_the_test_that_kept_passing_is_never_put_to_the_model
         23.16  tests/test_mutation_pipeline_wiring.py::TestTheTierRuns::test_the_survival_is_observed_and_recorded
         23.17  tests/test_mutation_verdicts.py::TestTheRatingReadsBoth::test_one_predicted_defect_holds_the_criterion_at_static
         23.18  tests/test_unverified_mutation_is_inert.py::TestThroughTheWholeReview::test_the_static_judge_is_told_nothing_about_the_edit

  24. A dropped pair does not reach any evidence tier and does not yield a finding.
       requirements: constraint-02
       code evidence: addressed
         24.1  src/acceptance/defects/support.py#@@ -217,6 +217,14 @@ def derive_support(
         24.2  src/acceptance/review_state.py#@@ -287,6 +291,20 @@ class UnjudgedCause(str, Enum):
         24.3  tests/test_pair_routing.py#@@ -0,0 +1,179 @@
       test evidence: strongly supported — kills 3 of 3 enumerated defects (static prediction)  [tier: static]
         24.4  tests/defects/test_pair_mapping.py::test_a_surviving_pair_stops_the_criterion_reaching_strongly_supported
         24.5  tests/defects/test_pair_mapping.py::test_the_pipeline_really_judges_pairs
         24.6  tests/defects/test_pair_mapping.py::test_the_second_pass_happens_before_the_result_is_returned
         24.7  tests/test_mutation_pipeline_wiring.py::TestAnAlreadyPresentDefect::test_a_claim_is_never_counted_as_a_kill
         24.8  tests/test_mutation_pipeline_wiring.py::TestTheRunRoutesPairsThroughTheRealPipeline::test_a_defect_with_no_kill_among_its_judged_pairs_gets_them_back
         24.9  tests/test_pair_routing.py::TestADroppedPairIsNotASurvival::test_it_cannot_make_a_criterion_strongly_supported
         24.10  tests/test_pair_routing.py::TestADroppedPairIsNotASurvival::test_it_contributes_no_verdict_and_no_test_link
         24.11  tests/test_pair_routing.py::TestADroppedPairIsNotASurvival::test_it_raises_unknown_rather_than_reading_as_uncovered
         24.12  tests/test_unverified_mutation_is_inert.py::TestThroughTheWholeReview::test_the_criterion_is_rated_as_if_execution_had_not_run

  25. The change does not add or perform checking whether an edit really makes its named defect true.
       requirements: exclusion-01
       code evidence: addressed
         examined 26 changes across 12 files; none breaches this boundary
       test evidence: not required — This is a scope exclusion about work not being done, so a reader can settle it by inspecting the change itself.

  26. The change does not include building an edit, choosing the region it falls in, or deciding whether it is valid.
       requirements: exclusion-02
       code evidence: addressed
         examined 26 changes across 12 files; none breaches this boundary
       test evidence: not required — This is a scope exclusion about work the change must not do, and it is settled by inspecting the source change rather than by tests.

  27. The change does not alter which tests are candidates, and it does not alter whether the project's tests can be run at all.
       requirements: exclusion-03
       code evidence: addressed
         examined 26 changes across 12 files; none breaches this boundary
       test evidence: not required — This is a scope exclusion about work the change must not do, so a reader can confirm it directly from the source change without needing a test.

  28. The change does not run the project's whole test suite.
       requirements: exclusion-04
       code evidence: addressed
         examined 26 changes across 12 files; none breaches this boundary
       test evidence: not required — This is a scope exclusion, so the source change itself is sufficient to show the excluded work was not added.

Mandate coverage: 13 of 13 requirements yielded obligations
  (none)

Unrequested changes:
  1. [in_service] `judge_pairs` now exposes a new `skipped` parameter and the helper `_carry_and_ask` changes the function's internal return shape. The task obligations require routing pairs and reporting dropped pairs, but they do not ask for a public API expansion or signature change on this acceptance function.
       src/acceptance/defects/pair_mapping.py#@@ -544,19 +545,101 @@ def judge_pairs(
       src/acceptance/defects/pair_mapping.py#@@ -639,12 +722,4 @@ def judge_pairs(
  2. [in_service] `ExecutionSettings` gains a new `route_pairs` configuration field and `decide_execution` changes its decision rule to depend on it. The obligations require the review to support dropping pairs and preserve current run mode, but they do not call for a new user-facing execution setting or a changed run-worthiness policy.
       src/acceptance/mutation/settings.py#@@ -9,13 +9,18 @@ know whether a run would produce anything, and the review does.
       src/acceptance/mutation/settings.py#@@ -54,6 +59,12 @@ class ExecutionSettings(_Model):
       src/acceptance/mutation/settings.py#@@ -81,14 +92,14 @@ def decide_execution(
       src/acceptance/mutation/settings.py#@@ -100,11 +111,17 @@ def decide_execution(
  3. [in_service] `pairs_not_worth_asking` is a newly exported helper in `acceptance.mutation.verdicts`. The obligations require the behavior of guided pair selection, but they do not ask for a new exported API surface in this module.
       src/acceptance/mutation/verdicts.py#@@ -27,7 +27,56 @@ from acceptance.evidence_tier import EvidenceTier
  4. [in_service] `run_review` now conditionally computes and passes routed pairs into `judge_pairs`, which changes pipeline behavior beyond the requested pair-dropping/reporting semantics. The obligations ask for guided pair selection and preserving current run mode, but not for this specific pipeline wiring change.
       src/acceptance/pipeline.py#@@ -61,7 +61,11 @@ from acceptance.mutation.descriptor import build_descriptors, from_mapping
  5. [in_service] `_pair_disposition` adds new report text summarizing settled/asked/dropped pair counts. The obligations require the report to state counts and dropped-pair status, but this specific formatting and extra per-defect summary block is an additional reporting behavior not directly requested.
       src/acceptance/report.py#@@ -27,6 +27,7 @@ from acceptance.review_state import (
       src/acceptance/report.py#@@ -348,11 +349,46 @@ def _mutation_block(review: Review) -> list[str]:
  6. [in_service] `UnjudgedCause` gains a new enum member and associated explanatory text. The obligations require dropped pairs to be reported as not decided and not evidence, but they do not explicitly require introducing a new cause value in the shared review-state model.
       src/acceptance/review_state.py#@@ -271,7 +271,7 @@ class PairVerdict(_Model):
       src/acceptance/review_state.py#@@ -279,6 +279,10 @@ class UnjudgedCause(str, Enum):
       src/acceptance/review_state.py#@@ -287,6 +291,20 @@ class UnjudgedCause(str, Enum):
  7. [in_service] The new tests in `tests/test_execution_decision.py` assert that routing alone makes a review worth running. The obligations require preserving current run mode and supporting pair dropping, but they do not require changing the execution-decision contract to treat routing as sufficient to run.
       tests/test_execution_decision.py#@@ -24,9 +24,15 @@ class TestWhenItDeclines:
       tests/test_execution_decision.py#@@ -50,6 +56,20 @@ class TestWhenItRuns:
  8. [in_service] The added archetype acceptance tests exercise `pairs_not_worth_asking` directly and assert fixture-specific routing behavior. The obligations require the feature behavior, but not this extra acceptance coverage or the helper-level assertions in this fixture.
       tests/test_mutation_archetype_acceptance.py#@@ -32,7 +32,7 @@ from acceptance.evidence_tier import EvidenceTier
       tests/test_mutation_archetype_acceptance.py#@@ -185,3 +185,43 @@ class TestTheUpgradeThisMilestoneExistsFor:
  9. [in_service] The new pipeline wiring tests assert the default review now runs without verification and that routing is active by default. The obligations require preserving current review run mode and supporting turning off dropping pairs, but they do not require changing the default execution behavior or adding these specific end-to-end assertions.
       tests/test_mutation_pipeline_wiring.py#@@ -30,6 +30,7 @@ from acceptance.mutation.attempt import MutationOutcomeKind, RepairCorroboration
       tests/test_mutation_pipeline_wiring.py#@@ -284,17 +285,39 @@ class TestVerification:
       tests/test_mutation_pipeline_wiring.py#@@ -581,8 +604,10 @@ class TestExecutionOffChangesNothing:
       tests/test_mutation_pipeline_wiring.py#@@ -779,3 +804,160 @@ class TestWhenTheTestsCannotBeRunAtAll:
  10. [in_service] The new `tests/test_pair_routing.py` module adds direct unit coverage for routing decisions and support accounting. The obligations require the feature behavior, but not this additional standalone test module or its specific assertions about `derive_support`.
       tests/test_pair_routing.py#@@ -0,0 +1,179 @@

Ways the change could fail a criterion (what each rating is measured against):

  inject-edit-for-each-plausible-defect
    [not_wired] inject-edit-for-each-plausible-defect/route-pairs-flag-not-threaded
      The new pair-skipping logic exists, but the review pipeline never passes the computed skipped-pair map into `judge_pairs`, so no injected edit is actually omitted or revisited based on the injection run.
      src/acceptance/pipeline.py#0
      src/acceptance/defects/pair_mapping.py#1
    [missing_case] inject-edit-for-each-plausible-defect/skipped-pairs-not-revisited-after-no-kill
      Pairs held back as `PASSED_UNDER_EDIT` are only revisited when the first pass produces a kill, but the criterion requires an injected edit for every plausible defect, including defects whose asked pairs produce no kill.
      src/acceptance/defects/pair_mapping.py#1
    [scope_too_narrow] inject-edit-for-each-plausible-defect/skipped-map-built-from-attempts-instead-of-plausible-defects
      The skipped-pair map is derived only from killed mutation attempts, so any plausible defect that is enumerated but never appears in a killed attempt contributes no injected edit at all.
      src/acceptance/mutation/verdicts.py#0
      src/acceptance/pipeline.py#0
      src/acceptance/defects/pair_mapping.py#1
    [other] inject-edit-for-each-plausible-defect/pair-routing-disabled-by-default
      The new `route_pairs` setting defaults to `True`, but if that default were wrong or overridden in the delivered path, the injected-edit routing would be absent for ordinary runs and the criterion would fail for every plausible defect.
      src/acceptance/mutation/settings.py#1
      src/acceptance/mutation/settings.py#2
      src/acceptance/pipeline.py#0

  run-candidate-tests-against-edit
    [scope_too_narrow] run-candidate-tests-against-edit/route-pairs-gate-off
      The review skips running candidate tests against the edit when edit verification is off and pair routing is also off, even though the criterion requires the candidate test suite to run against the injected edit.
      src/acceptance/mutation/settings.py#2
    [not_wired] run-candidate-tests-against-edit/pair-routing-disabled-bypasses-edit-tests
      The new pair-routing path can be disabled by configuration, so the injected edit may never be used to drive candidate-test execution on the delivered path.
      src/acceptance/pipeline.py#0
      src/acceptance/pipeline.py#1
      src/acceptance/defects/pair_mapping.py#1
    [missing_case] run-candidate-tests-against-edit/skipped-pairs-not-asked-after-no-kill
      Pairs held back as not worth asking are only revisited when the first pass produces a kill; if the edit changes candidate tests but none of the asked pairs kill the defect, the skipped pairs are never actually run against the edit.
      src/acceptance/defects/pair_mapping.py#1
      src/acceptance/defects/pair_mapping.py#2
      src/acceptance/mutation/verdicts.py#0

  run-guided-pair-selection
    [not_wired] run-guided-pair-selection/route-pairs-flag-not-threaded-into-pair-judging
      The new pair-selection path is added to the pipeline, but the judge can still be called without the skipped-pair map, so candidate-test results would not actually affect which pairs are offered to the model.
      src/acceptance/pipeline.py#0
      src/acceptance/pipeline.py#1
      src/acceptance/defects/pair_mapping.py#1
    [missing_case] run-guided-pair-selection/skipped-pairs-not-revisited-after-no-kill
      Pairs marked as skipped are always dropped as PASSED_UNDER_EDIT, even when the defect's asked pairs produced no kill and the code says those skipped pairs should be asked after all.
      src/acceptance/defects/pair_mapping.py#1
      src/acceptance/defects/pair_mapping.py#2
    [condition_inverted] run-guided-pair-selection/skipped-pairs-filter-applied-before-prefilter
      The code could filter out skipped pairs before the prefilter runs, which would let the weaker candidate-test result override a stronger unreachable judgment and misclassify pairs.
      src/acceptance/defects/pair_mapping.py#1
    [other] run-guided-pair-selection/passed-under-edit-counted-as-unknown
      PASSED_UNDER_EDIT may be treated like an ordinary unjudged cause in support derivation, so skipped pairs would still inflate the unknown tally instead of being excluded from it.
      src/acceptance/defects/support.py#0
      src/acceptance/review_state.py#0
      src/acceptance/review_state.py#1
      src/acceptance/review_state.py#2

  reduce-model-questions
    [not_wired] reduce-model-questions/route-pairs-disabled-by-default-or-not-propagated
      The new pair-routing path exists, but the review still does not actually use it on the delivered execution path, so the model keeps getting the same defect-and-test questions as before.
      src/acceptance/pipeline.py#0
      src/acceptance/pipeline.py#1
      src/acceptance/defects/pair_mapping.py#1
      src/acceptance/defects/pair_mapping.py#2
    [condition_inverted] reduce-model-questions/skipped-pairs-not-actually-removed-from-asked-set
      Pairs marked as skipped could still be included in the set that is sent to the model if the filtering step in judge_pairs uses the wrong condition or the wrong key, so the question count would not drop.
      src/acceptance/defects/pair_mapping.py#1
    [scope_too_narrow] reduce-model-questions/two-pass-revisit-logic-too-narrow
      The second-pass exception only re-asks skipped pairs when the first pass produced a kill, but the criterion is about reducing questions overall; if the revisit condition is too narrow or keyed to the wrong notion of kill, some pairs that should be skipped will still be asked.
      src/acceptance/defects/pair_mapping.py#1
    [wrong_output_shape] reduce-model-questions/skipped-pairs-recorded-with-wrong-cause-or-shape
      Pairs that are withheld from the model could be recorded in the wrong unjudged form, or with the wrong cause, so downstream code does not recognize them as skipped and the reduction in questions is not reflected correctly.
      src/acceptance/defects/pair_mapping.py#1
      src/acceptance/review_state.py#2
      src/acceptance/report.py#0
      src/acceptance/report.py#1
      src/acceptance/defects/support.py#0

  exclude-passing-tests-under-edit
    [missing_case] exclude-passing-tests-under-edit/passed-tests-not-filtered-from-judge-input
      Passing candidate tests that were marked skipped under an edit can still be sent to the model because the new skipped-pair handling only records them after judging the first pass and does not remove them from the actual model input in the second pass path.
      src/acceptance/defects/pair_mapping.py#1
      src/acceptance/pipeline.py#0
    [scope_too_narrow] exclude-passing-tests-under-edit/skipped-pairs-not-applied-to-first-pass-input
      The new skip map is applied only after the prefilter and only to pairs already judged, so if the first pass includes passing pairs from an edit that also has a failed candidate test, those pairs are not excluded from the model input in that pass.
      src/acceptance/defects/pair_mapping.py#1
    [not_wired] exclude-passing-tests-under-edit/route-pairs-disabled-still-omits-passing-tests
      The pipeline only computes and passes the skip map when route_pairs is enabled, so if the criterion is expected to hold whenever the implementation path is used, the exclusion logic is absent on the delivered path when routing is off.
      src/acceptance/pipeline.py#0
      src/acceptance/mutation/settings.py#1
      src/acceptance/defects/pair_mapping.py#1

  retain-failed-tests-in-model-input
    [scope_too_narrow] retain-failed-tests-in-model-input/failed-tests-filtered-out-by-skipped-map
      The new skipped-pair routing can exclude the tests that failed under the edit, so those failed tests never reach the model input even though the criterion requires them to be included.
      src/acceptance/defects/pair_mapping.py#1
      src/acceptance/pipeline.py#0
      src/acceptance/mutation/verdicts.py#0
    [missing_case] retain-failed-tests-in-model-input/failed-tests-not-revisited-after-no-kill
      The two-pass logic only revisits skipped pairs when the first pass produces no kill for the defect, so a failed test can still be omitted from the model input in cases where the defect had at least one kill elsewhere.
      src/acceptance/defects/pair_mapping.py#1
      src/acceptance/mutation/verdicts.py#0

  red-test-does-not-identify-defect
    [condition_inverted] red-test-does-not-identify-defect/treats-red-test-as-defect-proof
      A failing test is used as proof that the named defect is what it caught, instead of being treated only as a reason to ask fewer pairs.
      src/acceptance/defects/pair_mapping.py#1
      src/acceptance/pipeline.py#0
      src/acceptance/mutation/verdicts.py#0
    [established_not_maintained] red-test-does-not-identify-defect/skipped-pairs-counted-as-defect-evidence
      Pairs skipped because another candidate test failed under the edit are later treated as if they established the defect, rather than remaining unjudged/unknown.
      src/acceptance/defects/pair_mapping.py#1
      src/acceptance/defects/support.py#0
      src/acceptance/report.py#0
      src/acceptance/review_state.py#0

  every-pair-put-to-model-when-no-candidate-test-failed
    [missing_case] every-pair-put-to-model-when-no-candidate-test-failed/skipped-pairs-never-revisited-when-no-kill
      Pairs marked as skipped are only sent back for a second pass when the first pass produced at least one kill; if a defect has no candidate test failing under the edit, its skipped pairs are never revisited and therefore never put to the model.
      src/acceptance/defects/pair_mapping.py#1
    [not_wired] every-pair-put-to-model-when-no-candidate-test-failed/route-pairs-disabled-skips-model-routing
      The new pair-routing path is gated off by execution settings, so a run with routing disabled never computes or passes the skipped-pair map and can leave pairs unasked even when no candidate test failed under the edit.
      src/acceptance/mutation/settings.py#1
      src/acceptance/mutation/settings.py#2
      src/acceptance/pipeline.py#0
      src/acceptance/pipeline.py#1

  every-pair-for-unbuildable-defect
    [scope_too_narrow] every-pair-for-unbuildable-defect/skipped-pairs-never-revisited-when-no-kill
      Pairs marked as skipped for a defect are only revisited when the first pass produces at least one kill, so a defect whose asked pairs all survive still leaves its skipped pairs out of the model call.
      src/acceptance/defects/pair_mapping.py#1
      src/acceptance/pipeline.py#1
      src/acceptance/mutation/verdicts.py#0
    [other] every-pair-for-unbuildable-defect/skipped-pairs-filtered-after-prefilter-instead-of-before
      The new skip filter is applied after prefiltering, so pairs that the prefilter already proved unreachable are removed from the judged set before the new logic can decide whether they should still be sent to the model for an unbuildable defect.
      src/acceptance/defects/pair_mapping.py#1

  dropped-pair-not-decided
    [explanation_states_wrong_cause] dropped-pair-not-decided/dropped-pairs-described-as-passed-under-edit
      Dropped pairs are reported with the wrong status text: the report says they were "passed under edit" instead of saying they were not decided.
      src/acceptance/report.py#0
    [explanation_absent] dropped-pair-not-decided/dropped-pairs-not-marked-undecided-in-report
      The report block for pair disposition counts dropped pairs, but it never explicitly says that those dropped pairs are not decided.
      src/acceptance/report.py#0

  state-dropped-pair-as-dropped
    [not_wired] state-dropped-pair-as-dropped/dropped-pairs-not-rendered-in-mutation-block
      The review report computes dropped pairs, but the mutation output path never includes that dropped-pair disposition, so a dropped pair could still be shown only as an ordinary answered pair or not mentioned at all.
      src/acceptance/report.py#0
      src/acceptance/report.py#1
    [explanation_absent] state-dropped-pair-as-dropped/dropped-pair-count-shown-without-explicit-status
      The report summarizes pair counts, but the text can mention a dropped count without explicitly marking the individual dropped pair as dropped or not answered, so the observable output may still read as if the pair were simply part of the answered set.
      src/acceptance/report.py#0
      src/acceptance/report.py#1

  dropped-pair-drop-reason-recorded
    [not_wired] dropped-pair-drop-reason-recorded/dropped-pairs-not-rendered-in-review-output
      The code records dropped pairs in the review state, but the review output never includes that dropped-pair explanation, so the observable review output can omit why a pair was dropped.
      src/acceptance/report.py#0
      src/acceptance/report.py#1
    [explanation_absent] dropped-pair-drop-reason-recorded/dropped-pair-reason-not-carried-into-unjudged-entry
      The dropped-pair path may create an unjudged entry without a reason, so the review records that the pair was dropped but not why it was dropped.
      src/acceptance/defects/pair_mapping.py#1
      src/acceptance/review_state.py#2
    [explanation_states_wrong_cause] dropped-pair-drop-reason-recorded/dropped-pair-reason-uses-wrong-cause
      The code may explain a dropped pair as if it were a normal survival or prefilter result instead of saying it was skipped because it was not worth asking after the injection run.
      src/acceptance/defects/pair_mapping.py#1
      src/acceptance/review_state.py#1
      src/acceptance/review_state.py#2
      src/acceptance/report.py#1

  injection-attempt-basis
    [missing_case] injection-attempt-basis/dropped-pairs-have-no-attempt-basis
      Dropped pairs are recorded without any field or text identifying which injection attempt caused them to be skipped, so the review cannot show what attempt the decision rests on for those pairs.
      src/acceptance/defects/pair_mapping.py#1
      src/acceptance/report.py#0
      src/acceptance/report.py#1
    [not_wired] injection-attempt-basis/attempt-basis-not-threaded-into-report
      The pair-routing logic may compute skipped pairs from attempts, but the reporting path does not thread the originating attempt through to the dropped-pair output, so the observable review text cannot state which attempt the decision rests on.
      src/acceptance/mutation/verdicts.py#0
      src/acceptance/pipeline.py#0
      src/acceptance/defects/pair_mapping.py#1
      src/acceptance/report.py#1

  dropped-pair-not-demonstration-of-test-failure
    [prior_behavior_altered] dropped-pair-not-demonstration-of-test-failure/dropped-pairs-counted-as-unknown-support
      Dropped pairs are still treated as ordinary unknown/unanswered pairs when support is derived, so the review can count them as if they were evidence that the test failed to catch the defect.
      src/acceptance/defects/support.py#0
      src/acceptance/review_state.py#1
    [other] dropped-pair-not-demonstration-of-test-failure/dropped-pair-reason-presented-as-failure-evidence
      The report text for dropped pairs can present them in a way that reads like proof the test failed to catch the defect, rather than as a non-verdict reason for skipping the pair.
      src/acceptance/report.py#0

  pair-drop-counting
    [other] pair-drop-counting/pair-drop-count-not-included-in-report
      The review may compute the dropped-pair count, but the report can omit it or render it in a way that does not expose the count of pairs that would be dropped by running the tests.
      src/acceptance/report.py#0
    [scope_too_narrow] pair-drop-counting/dropped-pairs-counted-only-for-killed-attempts
      Pairs are only marked as dropped when the corresponding mutation attempt is killed, so defects whose injected tests failed but whose skipped pairs should still be counted as dropped after a no-kill second pass are missed.
      src/acceptance/defects/pair_mapping.py#1
      src/acceptance/mutation/verdicts.py#0
      src/acceptance/pipeline.py#0
    [not_wired] pair-drop-counting/route-pairs-disabled-skips-drop-counting
      The new pair-routing path that identifies pairs worth skipping is gated behind a setting, so when that setting is off the review never computes the dropped-pair count even though the criterion still covers it.
      src/acceptance/mutation/settings.py#1
      src/acceptance/mutation/settings.py#2
      src/acceptance/pipeline.py#0

  dropping-pairs-can-be-turned-off
    [other] dropping-pairs-can-be-turned-off/route-pairs-defaults-to-on
      The new control path for pair dropping is always enabled by default, so there is no configuration state that actually turns dropping off during review.
      src/acceptance/mutation/settings.py#1
      src/acceptance/mutation/settings.py#2
      src/acceptance/pipeline.py#1
    [not_wired] dropping-pairs-can-be-turned-off/pair-routing-flag-not-threaded-into-review
      The new pair-dropping toggle is defined in execution settings but may not be consulted by the review path that judges pairs, so changing the setting would not affect review behavior.
      src/acceptance/mutation/settings.py#1
      src/acceptance/pipeline.py#1
      src/acceptance/defects/pair_mapping.py#1
    [scope_too_narrow] dropping-pairs-can-be-turned-off/skipped-pairs-only-applied-after-kill
      Pairs marked as skippable are only suppressed in the branch where some other pair for the same defect produced a kill, so the disabling behavior does not cover all review cases.
      src/acceptance/defects/pair_mapping.py#1
      src/acceptance/mutation/verdicts.py#0
      src/acceptance/pipeline.py#1

  preserve-current-review-run-mode
    [other] preserve-current-review-run-mode/route-pairs-default-changes-current-mode
      The new pair-routing setting changes the default review run mode, so a review no longer runs the way it did before unless callers explicitly override the new option.
      src/acceptance/mutation/settings.py#1
      src/acceptance/mutation/settings.py#2
      src/acceptance/mutation/settings.py#3
    [not_wired] preserve-current-review-run-mode/pair-routing-skips-current-judgement-path
      The review pipeline now routes pair selection through a new skipped-pairs path, so the current review mode may no longer exercise the same judgement behavior as before.
      src/acceptance/pipeline.py#0
      src/acceptance/pipeline.py#1
      src/acceptance/defects/pair_mapping.py#1
      src/acceptance/mutation/verdicts.py#0

  report-says-how-many-pairs-run-decided
    [missing_case] report-says-how-many-pairs-run-decided/pair-count-not-shown-for-mutation-block
      The report can omit the pair-count line for a mutation attempt, so the report does not always state how many pairs the run itself decided.
      src/acceptance/report.py#0
      src/acceptance/report.py#1
    [wrong_output_shape] report-says-how-many-pairs-run-decided/pair-count-includes-non-run-decisions
      The pair count is split into settled, asked, and dropped counts instead of reporting a single count of pairs decided by the run itself, so the stated count can be the wrong shape for the criterion.
      src/acceptance/report.py#1

  put-to-the-model-count
    [other] put-to-the-model-count/count-shows-asked-instead-of-put-to-model
      The report can label the number of pairs that were actually asked of the model as the number 'put to the model', so the displayed count includes carried verdicts and fresh asks rather than only pairs that were sent to the model.
      src/acceptance/report.py#0
    [missing_case] put-to-the-model-count/dropped-pairs-not-counted-as-put-to-model
      The report omits pairs that were held back by pair routing and later revisited, so a defect that had skipped pairs asked in the second pass can show only the first-pass count instead of the total number put to the model.
      src/acceptance/report.py#0
      src/acceptance/defects/pair_mapping.py#1

  dropped-pairs-count
    [wrong_output_shape] dropped-pairs-count/dropped-count-uses-asked-instead-of-dropped
      The report can print the number of pairs that were asked or settled, but not the number that were actually dropped as PASSED_UNDER_EDIT.
      src/acceptance/report.py#0
      src/acceptance/report.py#1
      src/acceptance/review_state.py#0
      src/acceptance/review_state.py#1
    [scope_too_narrow] dropped-pairs-count/dropped-count-not-shown-for-defects-with-only-asked-pairs
      The report can omit the dropped-pairs line for defects that have no settled verdicts or no asked pairs, even though they still had pairs dropped under edit.
      src/acceptance/report.py#1
    [not_wired] dropped-pairs-count/dropped-pairs-not-threaded-into-judge_pairs
      The pipeline computes skipped pairs, but the pair judge may never receive them, so the report never learns which pairs were dropped.
      src/acceptance/pipeline.py#0
      src/acceptance/pipeline.py#1
      src/acceptance/defects/pair_mapping.py#1

  model-sees-no-edit-or-test-result
    [other] model-sees-no-edit-or-test-result/skipped-reason-leaks-edit-and-test-outcomes
      The skipped-pair reason is built from injection-run details and test outcomes, so those details can be forwarded into the model prompt or input when the skipped pairs are reported.
      src/acceptance/mutation/verdicts.py#0
      src/acceptance/pipeline.py#0
      src/acceptance/report.py#0
    [other] model-sees-no-edit-or-test-result/pair-routing-fed-from-injection-run-results
      The new pair-skipping logic is wired from mutation attempts, so edit verification or under-edit test results can influence what is sent onward in the review flow.
      src/acceptance/pipeline.py#0
      src/acceptance/mutation/verdicts.py#0
      src/acceptance/defects/pair_mapping.py#1

  unchecked-edit-settles-nothing
    [condition_inverted] unchecked-edit-settles-nothing/passed-under-edit-treated-as-survival
      Pairs skipped because the injected edit was not separately verified can be treated as if they established that the defect is false, so an unchecked edit would settle the defect question instead of leaving it open.
      src/acceptance/defects/pair_mapping.py#1
      src/acceptance/review_state.py#1
      src/acceptance/review_state.py#2
      src/acceptance/report.py#0
    [not_wired] unchecked-edit-settles-nothing/skipped-pairs-not-routed-into-judge
      The new skipped-pair path can exist in the pipeline but never reach pair judging, so unchecked edits would still be ignored rather than being handled as a separate non-settling outcome.
      src/acceptance/pipeline.py#0
      src/acceptance/pipeline.py#1
      src/acceptance/defects/pair_mapping.py#1
    [established_not_maintained] unchecked-edit-settles-nothing/passed-under-edit-counted-as-established-support
      A pair skipped because the edit was unchecked can be counted as established support later, which would let an unverified edit settle the defect indirectly through support aggregation.
      src/acceptance/defects/support.py#0
      src/acceptance/review_state.py#1
      src/acceptance/review_state.py#2
      src/acceptance/report.py#0

  dropped-pair-no-evidence-tier
    [condition_inverted] dropped-pair-no-evidence-tier/dropped-pairs-marked-as-defect-killed
      Dropped pairs could be recorded with an evidence tier instead of as skipped entries if the code that classifies held-back pairs uses the wrong branch when building the unjudged list.
      src/acceptance/defects/pair_mapping.py#1
      src/acceptance/review_state.py#2
      src/acceptance/report.py#0
    [unenforced_on_one_path] dropped-pair-no-evidence-tier/skipped-pairs-still-counted-as-findings
      The skip logic could be applied only to the first pass, while the second pass reintroduces held-back pairs and lets them produce findings or evidence-tier results.
      src/acceptance/defects/pair_mapping.py#1
      src/acceptance/pipeline.py#0
      src/acceptance/mutation/verdicts.py#0
    [established_not_maintained] dropped-pair-no-evidence-tier/passed-under-edit-treated-as-evidence
      Pairs recorded as PASSED_UNDER_EDIT could be counted later as if they were established survival or evidence-tier results, which would let dropped pairs contribute to findings indirectly.
      src/acceptance/defects/support.py#0
      src/acceptance/report.py#0
      src/acceptance/review_state.py#0

  no-edit-checking
    [other] no-edit-checking/route-pairs-adds-edit-checking
      The new pair-routing path could be implemented as edit-checking logic by using the injection run to decide which defect-and-test pairs are worth asking, which is still checking whether an edit makes a defect true even though it is framed as routing.
      src/acceptance/mutation/verdicts.py#0
      src/acceptance/pipeline.py#0
      src/acceptance/defects/pair_mapping.py#1
      src/acceptance/review_state.py#1
      src/acceptance/report.py#0
    [other] no-edit-checking/two-pass-routing-derives-from-edit-outcome
      The pair-mapping change could add a second pass that revisits skipped pairs only when the first pass produced no kill for a defect, which makes the edit outcome part of the judgement path.
      src/acceptance/defects/pair_mapping.py#1
      src/acceptance/mutation/verdicts.py#0
      src/acceptance/pipeline.py#0
      src/acceptance/review_state.py#2

  no-edit-construction-or-validation
    [other] no-edit-construction-or-validation/route-pairs-default-enables-edit-construction
      The new routing path can still be enabled by default, so the change may include deciding whether to run pair routing and thereby deciding how the edit is used, which is within the criterion’s forbidden edit-construction/validation territory.
      src/acceptance/mutation/settings.py#1
      src/acceptance/mutation/settings.py#2
      src/acceptance/pipeline.py#0
    [other] no-edit-construction-or-validation/pair-routing-derived-from-mutation-attempts
      The new `pairs_not_worth_asking` helper derives skipped pairs from mutation attempts, which is a form of deciding which edit-derived pairs are worth asking about and therefore a validity-style decision appearing in the change.
      src/acceptance/mutation/verdicts.py#0
      src/acceptance/pipeline.py#0
    [other] no-edit-construction-or-validation/judge-pairs-two-pass-skipping-logic
      `judge_pairs` now performs a two-pass skip/revisit decision based on prior kills, which is a region-selection decision about how the edit is applied to pairs and therefore falls into the criterion’s forbidden territory.
      src/acceptance/defects/pair_mapping.py#1
      src/acceptance/defects/pair_mapping.py#2

  exclude-test-selection-and-run-eligibility
    [other] exclude-test-selection-and-run-eligibility/route-pairs-changes-run-eligibility
      The new pair-routing setting changes the decision of whether the project's tests can be run, so the diff alters run eligibility even though the criterion says it must not.
      src/acceptance/mutation/settings.py#2
      src/acceptance/mutation/settings.py#1
      src/acceptance/pipeline.py#0
    [other] exclude-test-selection-and-run-eligibility/pair-skipping-changes-candidate-selection
      The new skipped-pair path changes which defect-and-test pairs are candidates for model judging, so the diff alters test-candidate selection.
      src/acceptance/defects/pair_mapping.py#1
      src/acceptance/pipeline.py#0
      src/acceptance/mutation/verdicts.py#0

  no-whole-suite-run
    [other] no-whole-suite-run/whole-suite-still-triggered-by-route-pairs
      The new pair-routing path can still end up invoking the project's whole test suite instead of only the targeted mutation/injection tests.
      src/acceptance/mutation/settings.py#1
      src/acceptance/mutation/settings.py#2
      src/acceptance/pipeline.py#0
      src/acceptance/pipeline.py#1

Pairs left unjudged (a criterion's rating cannot account for these):
  [passed_under_edit] dropped-pair-no-evidence-tier/passed-under-edit-treated-as-evidence x tests/benchmark/test_corpus.py::test_every_case_is_traceable_to_the_judgement_it_came_from
    not asked: the test still passed when this defect was injected, and 8 other candidate test(s) failed under the same edit. The edit was not verified, so this is not evidence that the test fails to catch the defect.
  [passed_under_edit] dropped-pair-no-evidence-tier/passed-under-edit-treated-as-evidence x tests/benchmark/test_coverage.py::test_cli_and_benchmark_share_one_pipeline
    not asked: the test still passed when this defect was injected, and 8 other candidate test(s) failed under the same edit. The edit was not verified, so this is not evidence that the test fails to catch the defect.
  [passed_under_edit] dropped-pair-no-evidence-tier/passed-under-edit-treated-as-evidence x tests/benchmark/test_instability.py::test_a_caller_supplied_model_set_is_actually_measured
    not asked: the test still passed when this defect was injected, and 8 other candidate test(s) failed under the same edit. The edit was not verified, so this is not evidence that the test fails to catch the defect.
  [passed_under_edit] dropped-pair-no-evidence-tier/passed-under-edit-treated-as-evidence x tests/benchmark/test_instability.py::test_a_flipped_evidence_class_is_content_and_never_shape
    not asked: the test still passed when this defect was injected, and 8 other candidate test(s) failed under the same edit. The edit was not verified, so this is not evidence that the test fails to catch the defect.
  [passed_under_edit] dropped-pair-no-evidence-tier/passed-under-edit-treated-as-evidence x tests/benchmark/test_instability.py::test_a_flipped_pair_verdict_is_reported_per_pair
    not asked: the test still passed when this defect was injected, and 8 other candidate test(s) failed under the same edit. The edit was not verified, so this is not evidence that the test fails to catch the defect.
  [passed_under_edit] dropped-pair-no-evidence-tier/passed-under-edit-treated-as-evidence x tests/benchmark/test_instability.py::test_a_lost_obligation_is_reported_as_a_content_difference
    not asked: the test still passed when this defect was injected, and 8 other candidate test(s) failed under the same edit. The edit was not verified, so this is not evidence that the test fails to catch the defect.
  [passed_under_edit] dropped-pair-no-evidence-tier/passed-under-edit-treated-as-evidence x tests/benchmark/test_instability.py::test_a_model_that_cannot_make_up_its_mind_does_not_count_as_agreeing
    not asked: the test still passed when this defect was injected, and 8 other candidate test(s) failed under the same edit. The edit was not verified, so this is not evidence that the test fails to catch the defect.
  [passed_under_edit] dropped-pair-no-evidence-tier/passed-under-edit-treated-as-evidence x tests/benchmark/test_instability.py::test_a_perturbation_run_is_included_when_one_is_supplied
    not asked: the test still passed when this defect was injected, and 8 other candidate test(s) failed under the same edit. The edit was not verified, so this is not evidence that the test fails to catch the defect.
  [passed_under_edit] dropped-pair-no-evidence-tier/passed-under-edit-treated-as-evidence x tests/benchmark/test_instability.py::test_a_repartitioned_obligation_is_reported_as_a_shape_difference
    not asked: the test still passed when this defect was injected, and 8 other candidate test(s) failed under the same edit. The edit was not verified, so this is not evidence that the test fails to catch the defect.
  [passed_under_edit] dropped-pair-no-evidence-tier/passed-under-edit-treated-as-evidence x tests/benchmark/test_instability.py::test_an_oscillating_open_question_is_a_content_difference
    not asked: the test still passed when this defect was injected, and 8 other candidate test(s) failed under the same edit. The edit was not verified, so this is not evidence that the test fails to catch the defect.
  [passed_under_edit] dropped-pair-no-evidence-tier/passed-under-edit-treated-as-evidence x tests/benchmark/test_instability.py::test_an_unanswered_subject_counts_as_content_not_shape
    not asked: the test still passed when this defect was injected, and 8 other candidate test(s) failed under the same edit. The edit was not verified, so this is not evidence that the test fails to catch the defect.
  [passed_under_edit] dropped-pair-no-evidence-tier/passed-under-edit-treated-as-evidence x tests/benchmark/test_instability.py::test_an_unmatched_statement_covered_by_nothing_is_a_content_difference
    not asked: the test still passed when this defect was injected, and 8 other candidate test(s) failed under the same edit. The edit was not verified, so this is not evidence that the test fails to catch the defect.
  [passed_under_edit] dropped-pair-no-evidence-tier/passed-under-edit-treated-as-evidence x tests/benchmark/test_instability.py::test_an_unmatched_statement_covered_by_the_other_set_is_a_shape_difference
    not asked: the test still passed when this defect was injected, and 8 other candidate test(s) failed under the same edit. The edit was not verified, so this is not evidence that the test fails to catch the defect.
  [passed_under_edit] dropped-pair-no-evidence-tier/passed-under-edit-treated-as-evidence x tests/benchmark/test_instability.py::test_content_and_shape_are_reported_as_separate_figures
    not asked: the test still passed when this defect was injected, and 8 other candidate test(s) failed under the same edit. The edit was not verified, so this is not evidence that the test fails to catch the defect.
  [passed_under_edit] dropped-pair-no-evidence-tier/passed-under-edit-treated-as-evidence x tests/benchmark/test_instability.py::test_content_and_shape_counts_diverge_when_both_kinds_occur
    not asked: the test still passed when this defect was injected, and 8 other candidate test(s) failed under the same edit. The edit was not verified, so this is not evidence that the test fails to catch the defect.
  [passed_under_edit] dropped-pair-no-evidence-tier/passed-under-edit-treated-as-evidence x tests/benchmark/test_instability.py::test_cross_model_agreement_covers_every_judgement_axis
    not asked: the test still passed when this defect was injected, and 8 other candidate test(s) failed under the same edit. The edit was not verified, so this is not evidence that the test fails to catch the defect.
  [passed_under_edit] dropped-pair-no-evidence-tier/passed-under-edit-treated-as-evidence x tests/benchmark/test_instability.py::test_cross_model_agreement_is_none_with_a_single_model
    not asked: the test still passed when this defect was injected, and 8 other candidate test(s) failed under the same edit. The edit was not verified, so this is not evidence that the test fails to catch the defect.
  [passed_under_edit] dropped-pair-no-evidence-tier/passed-under-edit-treated-as-evidence x tests/benchmark/test_instability.py::test_cross_model_agreement_is_reported_alongside_within_model_variance
    not asked: the test still passed when this defect was injected, and 8 other candidate test(s) failed under the same edit. The edit was not verified, so this is not evidence that the test fails to catch the defect.
  [passed_under_edit] dropped-pair-no-evidence-tier/passed-under-edit-treated-as-evidence x tests/benchmark/test_instability.py::test_decomposition_variation_is_surfaced_and_not_only_evidence_variation
    not asked: the test still passed when this defect was injected, and 8 other candidate test(s) failed under the same edit. The edit was not verified, so this is not evidence that the test fails to catch the defect.
  [passed_under_edit] dropped-pair-no-evidence-tier/passed-under-edit-treated-as-evidence x tests/benchmark/test_instability.py::test_evidence_class_distribution_counts_every_draw
    not asked: the test still passed when this defect was injected, and 8 other candidate test(s) failed under the same edit. The edit was not verified, so this is not evidence that the test fails to catch the defect.
  [passed_under_edit] dropped-pair-no-evidence-tier/passed-under-edit-treated-as-evidence x tests/benchmark/test_instability.py::test_matching_ids_with_different_text_are_not_treated_as_the_same_obligation
    not asked: the test still passed when this defect was injected, and 8 other candidate test(s) failed under the same edit. The edit was not verified, so this is not evidence that the test fails to catch the defect.
  [passed_under_edit] dropped-pair-no-evidence-tier/passed-under-edit-treated-as-evidence x tests/benchmark/test_instability.py::test_measure_instability_records_the_conditions_that_produced_it
    not asked: the test still passed when this defect was injected, and 8 other candidate test(s) failed under the same edit. The edit was not verified, so this is not evidence that the test fails to catch the defect.
  [passed_under_edit] dropped-pair-no-evidence-tier/passed-under-edit-treated-as-evidence x tests/benchmark/test_instability.py::test_measure_instability_varies_the_seed_across_runs
    not asked: the test still passed when this defect was injected, and 8 other candidate test(s) failed under the same edit. The edit was not verified, so this is not evidence that the test fails to catch the defect.
  [passed_under_edit] dropped-pair-no-evidence-tier/passed-under-edit-treated-as-evidence x tests/benchmark/test_instability.py::test_measuring_variance_requires_at_least_two_runs
    not asked: the test still passed when this defect was injected, and 8 other candidate test(s) failed under the same edit. The edit was not verified, so this is not evidence that the test fails to catch the defect.
  [passed_under_edit] dropped-pair-no-evidence-tier/passed-under-edit-treated-as-evidence x tests/benchmark/test_instability.py::test_no_ci_workflow_invokes_the_instability_harness
    not asked: the test still passed when this defect was injected, and 8 other candidate test(s) failed under the same edit. The edit was not verified, so this is not evidence that the test fails to catch the defect.
  [passed_under_edit] dropped-pair-no-evidence-tier/passed-under-edit-treated-as-evidence x tests/benchmark/test_instability.py::test_obligations_align_by_content_even_when_their_ids_differ
    not asked: the test still passed when this defect was injected, and 8 other candidate test(s) failed under the same edit. The edit was not verified, so this is not evidence that the test fails to catch the defect.
  [passed_under_edit] dropped-pair-no-evidence-tier/passed-under-edit-treated-as-evidence x tests/benchmark/test_instability.py::test_observations_do_not_leak_between_clients
    not asked: the test still passed when this defect was injected, and 8 other candidate test(s) failed under the same edit. The edit was not verified, so this is not evidence that the test fails to catch the defect.
  [passed_under_edit] dropped-pair-no-evidence-tier/passed-under-edit-treated-as-evidence x tests/benchmark/test_instability.py::test_omitted_parameters_fall_back_to_the_declared_defaults
    not asked: the test still passed when this defect was injected, and 8 other candidate test(s) failed under the same edit. The edit was not verified, so this is not evidence that the test fails to catch the defect.
  [passed_under_edit] dropped-pair-no-evidence-tier/passed-under-edit-treated-as-evidence x tests/benchmark/test_instability.py::test_perturbation_sensitivity_is_a_proportion_of_watched_judgements
    not asked: the test still passed when this defect was injected, and 8 other candidate test(s) failed under the same edit. The edit was not verified, so this is not evidence that the test fails to catch the defect.
  [passed_under_edit] dropped-pair-no-evidence-tier/passed-under-edit-treated-as-evidence x tests/benchmark/test_instability.py::test_perturbation_sensitivity_is_none_when_nothing_was_watched
    not asked: the test still passed when this defect was injected, and 8 other candidate test(s) failed under the same edit. The edit was not verified, so this is not evidence that the test fails to catch the defect.
  [passed_under_edit] dropped-pair-no-evidence-tier/passed-under-edit-treated-as-evidence x tests/benchmark/test_instability.py::test_presence_rows_show_an_obligation_missing_from_some_runs
    not asked: the test still passed when this defect was injected, and 8 other candidate test(s) failed under the same edit. The edit was not verified, so this is not evidence that the test fails to catch the defect.
  [passed_under_edit] dropped-pair-no-evidence-tier/passed-under-edit-treated-as-evidence x tests/benchmark/test_instability.py::test_run_once_drives_the_real_pipeline_and_snapshots_its_output
    not asked: the test still passed when this defect was injected, and 8 other candidate test(s) failed under the same edit. The edit was not verified, so this is not evidence that the test fails to catch the defect.
  [passed_under_edit] dropped-pair-no-evidence-tier/passed-under-edit-treated-as-evidence x tests/benchmark/test_instability.py::test_runs_are_recorded_live_and_never_replayed
    not asked: the test still passed when this defect was injected, and 8 other candidate test(s) failed under the same edit. The edit was not verified, so this is not evidence that the test fails to catch the defect.
  [passed_under_edit] dropped-pair-no-evidence-tier/passed-under-edit-treated-as-evidence x tests/benchmark/test_instability.py::test_seeds_are_derived_so_a_measurement_is_repeatable_from_its_provenance
    not asked: the test still passed when this defect was injected, and 8 other candidate test(s) failed under the same edit. The edit was not verified, so this is not evidence that the test fails to catch the defect.
  [passed_under_edit] dropped-pair-no-evidence-tier/passed-under-edit-treated-as-evidence x tests/benchmark/test_instability.py::test_the_default_run_count_produces_three_runs_per_model
    not asked: the test still passed when this defect was injected, and 8 other candidate test(s) failed under the same edit. The edit was not verified, so this is not evidence that the test fails to catch the defect.
  [passed_under_edit] dropped-pair-no-evidence-tier/passed-under-edit-treated-as-evidence x tests/benchmark/test_instability.py::test_the_default_run_is_one_model_and_three_runs
    not asked: the test still passed when this defect was injected, and 8 other candidate test(s) failed under the same edit. The edit was not verified, so this is not evidence that the test fails to catch the defect.
  [passed_under_edit] dropped-pair-no-evidence-tier/passed-under-edit-treated-as-evidence x tests/benchmark/test_instability.py::test_the_harness_reports_variance_without_reducing_it
    not asked: the test still passed when this defect was injected, and 8 other candidate test(s) failed under the same edit. The edit was not verified, so this is not evidence that the test fails to catch the defect.
  [passed_under_edit] dropped-pair-no-evidence-tier/passed-under-edit-treated-as-evidence x tests/benchmark/test_instability.py::test_the_harness_uses_the_benchmark_variance_path_and_not_a_second_one
    not asked: the test still passed when this defect was injected, and 8 other candidate test(s) failed under the same edit. The edit was not verified, so this is not evidence that the test fails to catch the defect.
  [passed_under_edit] dropped-pair-no-evidence-tier/passed-under-edit-treated-as-evidence x tests/benchmark/test_instability.py::test_the_observing_client_does_not_change_what_the_pipeline_produces
    not asked: the test still passed when this defect was injected, and 8 other candidate test(s) failed under the same edit. The edit was not verified, so this is not evidence that the test fails to catch the defect.
  [passed_under_edit] dropped-pair-no-evidence-tier/passed-under-edit-treated-as-evidence x tests/benchmark/test_instability.py::test_the_perturbation_adds_a_test_that_asserts_nothing_about_the_change
    not asked: the test still passed when this defect was injected, and 8 other candidate test(s) failed under the same edit. The edit was not verified, so this is not evidence that the test fails to catch the defect.
  [passed_under_edit] dropped-pair-no-evidence-tier/passed-under-edit-treated-as-evidence x tests/benchmark/test_instability.py::test_the_perturbation_never_writes_into_the_repository_under_review
    not asked: the test still passed when this defect was injected, and 8 other candidate test(s) failed under the same edit. The edit was not verified, so this is not evidence that the test fails to catch the defect.
  [passed_under_edit] dropped-pair-no-evidence-tier/passed-under-edit-treated-as-evidence x tests/benchmark/test_instability.py::test_the_report_carries_no_pass_fail_or_threshold_field
    not asked: the test still passed when this defect was injected, and 8 other candidate test(s) failed under the same edit. The edit was not verified, so this is not evidence that the test fails to catch the defect.
  [passed_under_edit] dropped-pair-no-evidence-tier/passed-under-edit-treated-as-evidence x tests/benchmark/test_instability.py::test_the_three_movement_sources_are_reported_as_distinct_figures
    not asked: the test still passed when this defect was injected, and 8 other candidate test(s) failed under the same edit. The edit was not verified, so this is not evidence that the test fails to catch the defect.
  [passed_under_edit] dropped-pair-no-evidence-tier/passed-under-edit-treated-as-evidence x tests/benchmark/test_instability.py::test_with_no_counterpart_set_at_all_everything_is_content
    not asked: the test still passed when this defect was injected, and 8 other candidate test(s) failed under the same edit. The edit was not verified, so this is not evidence that the test fails to catch the defect.
  [passed_under_edit] dropped-pair-no-evidence-tier/passed-under-edit-treated-as-evidence x tests/benchmark/test_rating_regression.py::test_the_case_set_can_catch_a_judge_erring_either_way
    not asked: the test still passed when this defect was injected, and 8 other candidate test(s) failed under the same edit. The edit was not verified, so this is not evidence that the test fails to catch the defect.
  [passed_under_edit] dropped-pair-no-evidence-tier/passed-under-edit-treated-as-evidence x tests/defects/test_pair_mapping.py::test_a_continued_run_carries_verdicts_through_the_ledger
    not asked: the test still passed when this defect was injected, and 8 other candidate test(s) failed under the same edit. The edit was not verified, so this is not evidence that the test fails to catch the defect.
  [passed_under_edit] dropped-pair-no-evidence-tier/passed-under-edit-treated-as-evidence x tests/defects/test_pair_mapping.py::test_a_defect_whose_asked_pairs_yield_no_kill_has_its_skipped_pairs_judged
    not asked: the test still passed when this defect was injected, and 8 other candidate test(s) failed under the same edit. The edit was not verified, so this is not evidence that the test fails to catch the defect.
  [passed_under_edit] dropped-pair-no-evidence-tier/passed-under-edit-treated-as-evidence x tests/defects/test_pair_mapping.py::test_a_failing_answer_with_no_reason_is_not_kept_as_a_verdict
    not asked: the test still passed when this defect was injected, and 8 other candidate test(s) failed under the same edit. The edit was not verified, so this is not evidence that the test fails to catch the defect.
  [passed_under_edit] dropped-pair-no-evidence-tier/passed-under-edit-treated-as-evidence x tests/defects/test_pair_mapping.py::test_a_kill_on_an_asked_pair_keeps_the_saving
    not asked: the test still passed when this defect was injected, and 8 other candidate test(s) failed under the same edit. The edit was not verified, so this is not evidence that the test fails to catch the defect.
  [passed_under_edit] dropped-pair-no-evidence-tier/passed-under-edit-treated-as-evidence x tests/defects/test_pair_mapping.py::test_a_pair_the_judge_never_answers_is_recorded_not_read_as_surviving
    not asked: the test still passed when this defect was injected, and 8 other candidate test(s) failed under the same edit. The edit was not verified, so this is not evidence that the test fails to catch the defect.
  [passed_under_edit] dropped-pair-no-evidence-tier/passed-under-edit-treated-as-evidence x tests/defects/test_pair_mapping.py::test_a_ragged_pair_set_is_still_split_into_rectangles
    not asked: the test still passed when this defect was injected, and 8 other candidate test(s) failed under the same edit. The edit was not verified, so this is not evidence that the test fails to catch the defect.
  [passed_under_edit] dropped-pair-no-evidence-tier/passed-under-edit-treated-as-evidence x tests/defects/test_pair_mapping.py::test_a_skipped_pair_comes_back_unjudged_with_its_reason
    not asked: the test still passed when this defect was injected, and 8 other candidate test(s) failed under the same edit. The edit was not verified, so this is not evidence that the test fails to catch the defect.
  [passed_under_edit] dropped-pair-no-evidence-tier/passed-under-edit-treated-as-evidence x tests/defects/test_pair_mapping.py::test_a_skipped_pair_is_never_offered_to_the_model
    not asked: the test still passed when this defect was injected, and 8 other candidate test(s) failed under the same edit. The edit was not verified, so this is not evidence that the test fails to catch the defect.
  [passed_under_edit] dropped-pair-no-evidence-tier/passed-under-edit-treated-as-evidence x tests/defects/test_pair_mapping.py::test_a_surviving_answer_carrying_a_reason_is_not_kept_as_a_verdict
    not asked: the test still passed when this defect was injected, and 8 other candidate test(s) failed under the same edit. The edit was not verified, so this is not evidence that the test fails to catch the defect.
  [passed_under_edit] dropped-pair-no-evidence-tier/passed-under-edit-treated-as-evidence x tests/defects/test_pair_mapping.py::test_a_surviving_answer_carrying_an_empty_reason_is_still_a_verdict
    not asked: the test still passed when this defect was injected, and 8 other candidate test(s) failed under the same edit. The edit was not verified, so this is not evidence that the test fails to catch the defect.
  [passed_under_edit] dropped-pair-no-evidence-tier/passed-under-edit-treated-as-evidence x tests/defects/test_pair_mapping.py::test_a_surviving_pair_is_stored_without_a_reason
    not asked: the test still passed when this defect was injected, and 8 other candidate test(s) failed under the same edit. The edit was not verified, so this is not evidence that the test fails to catch the defect.
  [passed_under_edit] dropped-pair-no-evidence-tier/passed-under-edit-treated-as-evidence x tests/defects/test_pair_mapping.py::test_a_verdict_is_produced_again_when_its_defect_changed
    not asked: the test still passed when this defect was injected, and 8 other candidate test(s) failed under the same edit. The edit was not verified, so this is not evidence that the test fails to catch the defect.
  [passed_under_edit] dropped-pair-no-evidence-tier/passed-under-edit-treated-as-evidence x tests/defects/test_pair_mapping.py::test_a_verdict_is_produced_again_when_the_tests_source_changed
    not asked: the test still passed when this defect was injected, and 8 other candidate test(s) failed under the same edit. The edit was not verified, so this is not evidence that the test fails to catch the defect.
  [passed_under_edit] dropped-pair-no-evidence-tier/passed-under-edit-treated-as-evidence x tests/defects/test_pair_mapping.py::test_a_verdict_is_reused_when_its_defect_and_its_test_are_both_unchanged
    not asked: the test still passed when this defect was injected, and 8 other candidate test(s) failed under the same edit. The edit was not verified, so this is not evidence that the test fails to catch the defect.
  [passed_under_edit] dropped-pair-no-evidence-tier/passed-under-edit-treated-as-evidence x tests/defects/test_pair_mapping.py::test_adding_one_test_judges_only_that_tests_pairs
    not asked: the test still passed when this defect was injected, and 8 other candidate test(s) failed under the same edit. The edit was not verified, so this is not evidence that the test fails to catch the defect.
  [passed_under_edit] dropped-pair-no-evidence-tier/passed-under-edit-treated-as-evidence x tests/defects/test_pair_mapping.py::test_changing_how_many_tests_share_a_call_invalidates_the_transcripts
    not asked: the test still passed when this defect was injected, and 8 other candidate test(s) failed under the same edit. The edit was not verified, so this is not evidence that the test fails to catch the defect.
  [passed_under_edit] dropped-pair-no-evidence-tier/passed-under-edit-treated-as-evidence x tests/defects/test_pair_mapping.py::test_defect_text_ignores_the_defect_id
    not asked: the test still passed when this defect was injected, and 8 other candidate test(s) failed under the same edit. The edit was not verified, so this is not evidence that the test fails to catch the defect.
  [passed_under_edit] dropped-pair-no-evidence-tier/passed-under-edit-treated-as-evidence x tests/defects/test_pair_mapping.py::test_every_offered_pair_comes_back_with_a_verdict
    not asked: the test still passed when this defect was injected, and 8 other candidate test(s) failed under the same edit. The edit was not verified, so this is not evidence that the test fails to catch the defect.
  [passed_under_edit] dropped-pair-no-evidence-tier/passed-under-edit-treated-as-evidence x tests/defects/test_pair_mapping.py::test_every_request_is_a_full_rectangle
    not asked: the test still passed when this defect was injected, and 8 other candidate test(s) failed under the same edit. The edit was not verified, so this is not evidence that the test fails to catch the defect.
  [passed_under_edit] dropped-pair-no-evidence-tier/passed-under-edit-treated-as-evidence x tests/defects/test_pair_mapping.py::test_no_request_carries_more_judgements_than_the_limit
    not asked: the test still passed when this defect was injected, and 8 other candidate test(s) failed under the same edit. The edit was not verified, so this is not evidence that the test fails to catch the defect.
  [passed_under_edit] dropped-pair-no-evidence-tier/passed-under-edit-treated-as-evidence x tests/defects/test_pair_mapping.py::test_one_misshapen_answer_does_not_discard_the_rest_of_its_batch
    not asked: the test still passed when this defect was injected, and 8 other candidate test(s) failed under the same edit. The edit was not verified, so this is not evidence that the test fails to catch the defect.
  [passed_under_edit] dropped-pair-no-evidence-tier/passed-under-edit-treated-as-evidence x tests/defects/test_pair_mapping.py::test_routing_off_asks_about_everything
    not asked: the test still passed when this defect was injected, and 8 other candidate test(s) failed under the same edit. The edit was not verified, so this is not evidence that the test fails to catch the defect.
  [passed_under_edit] dropped-pair-no-evidence-tier/passed-under-edit-treated-as-evidence x tests/defects/test_pair_mapping.py::test_the_answer_about_a_pair_carries_a_reason_only_where_the_test_would_fail
    not asked: the test still passed when this defect was injected, and 8 other candidate test(s) failed under the same edit. The edit was not verified, so this is not evidence that the test fails to catch the defect.
  [passed_under_edit] dropped-pair-no-evidence-tier/passed-under-edit-treated-as-evidence x tests/defects/test_pair_mapping.py::test_the_defect_list_sits_in_the_shared_prefix_of_every_call
    not asked: the test still passed when this defect was injected, and 8 other candidate test(s) failed under the same edit. The edit was not verified, so this is not evidence that the test fails to catch the defect.
  [passed_under_edit] dropped-pair-no-evidence-tier/passed-under-edit-treated-as-evidence x tests/defects/test_pair_mapping.py::test_the_digest_is_per_test_not_per_file
    not asked: the test still passed when this defect was injected, and 8 other candidate test(s) failed under the same edit. The edit was not verified, so this is not evidence that the test fails to catch the defect.
  [passed_under_edit] dropped-pair-no-evidence-tier/passed-under-edit-treated-as-evidence x tests/defects/test_pair_mapping.py::test_the_prefilter_keeps_its_own_cause
    not asked: the test still passed when this defect was injected, and 8 other candidate test(s) failed under the same edit. The edit was not verified, so this is not evidence that the test fails to catch the defect.
  [passed_under_edit] dropped-pair-no-evidence-tier/passed-under-edit-treated-as-evidence x tests/defects/test_pair_mapping.py::test_the_question_put_about_a_pair_is_the_failure_question
    not asked: the test still passed when this defect was injected, and 8 other candidate test(s) failed under the same edit. The edit was not verified, so this is not evidence that the test fails to catch the defect.
  [passed_under_edit] dropped-pair-no-evidence-tier/passed-under-edit-treated-as-evidence x tests/defects/test_pair_mapping.py::test_the_second_pass_happens_before_the_result_is_returned
    not asked: the test still passed when this defect was injected, and 8 other candidate test(s) failed under the same edit. The edit was not verified, so this is not evidence that the test fails to catch the defect.
  [passed_under_edit] dropped-pair-no-evidence-tier/passed-under-edit-treated-as-evidence x tests/defects/test_pair_mapping.py::test_the_stage_is_byte_identical_when_its_calls_finish_out_of_order
    not asked: the test still passed when this defect was injected, and 8 other candidate test(s) failed under the same edit. The edit was not verified, so this is not evidence that the test fails to catch the defect.
  [passed_under_edit] dropped-pair-no-evidence-tier/passed-under-edit-treated-as-evidence x tests/defects/test_pair_mapping.py::test_which_pairs_share_a_request_does_not_change_what_carries
    not asked: the test still passed when this defect was injected, and 8 other candidate test(s) failed under the same edit. The edit was not verified, so this is not evidence that the test fails to catch the defect.
  [passed_under_edit] dropped-pair-no-evidence-tier/passed-under-edit-treated-as-evidence x tests/defects/test_reachability.py::test_excludes_and_records_the_one_provable_shape
    not asked: the test still passed when this defect was injected, and 8 other candidate test(s) failed under the same edit. The edit was not verified, so this is not evidence that the test fails to catch the defect.
  [passed_under_edit] dropped-pair-no-evidence-tier/passed-under-edit-treated-as-evidence x tests/defects/test_reachability.py::test_judges_a_test_that_names_something_the_defects_file_defines
    not asked: the test still passed when this defect was injected, and 8 other candidate test(s) failed under the same edit. The edit was not verified, so this is not evidence that the test fails to catch the defect.
  [passed_under_edit] dropped-pair-no-evidence-tier/passed-under-edit-treated-as-evidence x tests/defects/test_reachability.py::test_judges_a_test_that_reaches_the_defect_through_a_helper_module
    not asked: the test still passed when this defect was injected, and 8 other candidate test(s) failed under the same edit. The edit was not verified, so this is not evidence that the test fails to catch the defect.
  [passed_under_edit] dropped-pair-no-evidence-tier/passed-under-edit-treated-as-evidence x tests/defects/test_reachability.py::test_judges_a_test_that_takes_a_fixture
    not asked: the test still passed when this defect was injected, and 8 other candidate test(s) failed under the same edit. The edit was not verified, so this is not evidence that the test fails to catch the defect.
  [passed_under_edit] dropped-pair-no-evidence-tier/passed-under-edit-treated-as-evidence x tests/defects/test_reachability.py::test_judges_when_the_defect_implicates_no_file
    not asked: the test still passed when this defect was injected, and 8 other candidate test(s) failed under the same edit. The edit was not verified, so this is not evidence that the test fails to catch the defect.
  [passed_under_edit] dropped-pair-no-evidence-tier/passed-under-edit-treated-as-evidence x tests/defects/test_reachability.py::test_judges_when_the_module_imports_dynamically
    not asked: the test still passed when this defect was injected, and 8 other candidate test(s) failed under the same edit. The edit was not verified, so this is not evidence that the test fails to catch the defect.
  [passed_under_edit] dropped-pair-no-evidence-tier/passed-under-edit-treated-as-evidence x tests/defects/test_reachability.py::test_judges_when_the_module_imports_relatively
    not asked: the test still passed when this defect was injected, and 8 other candidate test(s) failed under the same edit. The edit was not verified, so this is not evidence that the test fails to catch the defect.
  [passed_under_edit] dropped-pair-no-evidence-tier/passed-under-edit-treated-as-evidence x tests/defects/test_support.py::test_a_fully_judged_criterion_takes_the_class_its_kill_count_implies
    not asked: the test still passed when this defect was injected, and 8 other candidate test(s) failed under the same edit. The edit was not verified, so this is not evidence that the test fails to catch the defect.
  [passed_under_edit] dropped-pair-no-evidence-tier/passed-under-edit-treated-as-evidence x tests/defects/test_support.py::test_test_links_carry_only_the_tests_judged_to_fail_on_a_defect
    not asked: the test still passed when this defect was injected, and 8 other candidate test(s) failed under the same edit. The edit was not verified, so this is not evidence that the test fails to catch the defect.
  [passed_under_edit] dropped-pair-no-evidence-tier/passed-under-edit-treated-as-evidence x tests/defects/test_support.py::test_the_derivation_makes_no_model_call_and_repeats_exactly
    not asked: the test still passed when this defect was injected, and 8 other candidate test(s) failed under the same edit. The edit was not verified, so this is not evidence that the test fails to catch the defect.
  [passed_under_edit] dropped-pair-no-evidence-tier/passed-under-edit-treated-as-evidence x tests/fixtures/archetypes/08-unrequested-change-separable/head/test_report.py::test_low_stock_report_filters_by_threshold
    not asked: the test still passed when this defect was injected, and 8 other candidate test(s) failed under the same edit. The edit was not verified, so this is not evidence that the test fails to catch the defect.
  [passed_under_edit] dropped-pair-no-evidence-tier/passed-under-edit-treated-as-evidence x tests/requirement/test_carry_forward.py::test_the_review_pipeline_carries_forward_and_hands_back_what_it_derived
    not asked: the test still passed when this defect was injected, and 8 other candidate test(s) failed under the same edit. The edit was not verified, so this is not evidence that the test fails to catch the defect.
  [passed_under_edit] dropped-pair-no-evidence-tier/passed-under-edit-treated-as-evidence x tests/requirement/test_carry_forward.py::test_the_review_pipeline_leaves_no_ledger_behind_when_given_no_sink
    not asked: the test still passed when this defect was injected, and 8 other candidate test(s) failed under the same edit. The edit was not verified, so this is not evidence that the test fails to catch the defect.
  [passed_under_edit] dropped-pair-no-evidence-tier/passed-under-edit-treated-as-evidence x tests/test_cli_execution.py::TestTheSettingsArrive::test_the_pipeline_is_given_settings_to_decide_with
    not asked: the test still passed when this defect was injected, and 8 other candidate test(s) failed under the same edit. The edit was not verified, so this is not evidence that the test fails to catch the defect.
  [passed_under_edit] dropped-pair-no-evidence-tier/passed-under-edit-treated-as-evidence x tests/test_execution_decision.py::TestTheDecisionIsAlwaysExplained::test_every_outcome_carries_a_reason
    not asked: the test still passed when this defect was injected, and 8 other candidate test(s) failed under the same edit. The edit was not verified, so this is not evidence that the test fails to catch the defect.
  [passed_under_edit] dropped-pair-no-evidence-tier/passed-under-edit-treated-as-evidence x tests/test_execution_decision.py::TestWhenItDeclines::test_no_defect_can_be_edited
    not asked: the test still passed when this defect was injected, and 8 other candidate test(s) failed under the same edit. The edit was not verified, so this is not evidence that the test fails to catch the defect.
  [passed_under_edit] dropped-pair-no-evidence-tier/passed-under-edit-treated-as-evidence x tests/test_execution_decision.py::TestWhenItDeclines::test_no_settings_at_all_is_not_a_run
    not asked: the test still passed when this defect was injected, and 8 other candidate test(s) failed under the same edit. The edit was not verified, so this is not evidence that the test fails to catch the defect.
  [passed_under_edit] dropped-pair-no-evidence-tier/passed-under-edit-treated-as-evidence x tests/test_execution_decision.py::TestWhenItDeclines::test_nothing_would_consume_the_result
    not asked: the test still passed when this defect was injected, and 8 other candidate test(s) failed under the same edit. The edit was not verified, so this is not evidence that the test fails to catch the defect.
  [passed_under_edit] dropped-pair-no-evidence-tier/passed-under-edit-treated-as-evidence x tests/test_execution_decision.py::TestWhenItRuns::test_a_result_could_count_and_there_is_something_to_inject
    not asked: the test still passed when this defect was injected, and 8 other candidate test(s) failed under the same edit. The edit was not verified, so this is not evidence that the test fails to catch the defect.
  [passed_under_edit] dropped-pair-no-evidence-tier/passed-under-edit-treated-as-evidence x tests/test_execution_decision.py::TestWhenItRuns::test_routing_alone_is_enough
    not asked: the test still passed when this defect was injected, and 8 other candidate test(s) failed under the same edit. The edit was not verified, so this is not evidence that the test fails to catch the defect.
  [passed_under_edit] dropped-pair-no-evidence-tier/passed-under-edit-treated-as-evidence x tests/test_execution_decision.py::TestWhenItRuns::test_the_reason_does_not_promise_evidence_routing_cannot_give
    not asked: the test still passed when this defect was injected, and 8 other candidate test(s) failed under the same edit. The edit was not verified, so this is not evidence that the test fails to catch the defect.
  [passed_under_edit] dropped-pair-no-evidence-tier/passed-under-edit-treated-as-evidence x tests/test_execution_decision.py::TestWhenItRuns::test_the_reason_says_what_made_it_worth_doing
    not asked: the test still passed when this defect was injected, and 8 other candidate test(s) failed under the same edit. The edit was not verified, so this is not evidence that the test fails to catch the defect.
  [passed_under_edit] dropped-pair-no-evidence-tier/passed-under-edit-treated-as-evidence x tests/test_mandate_coverage.py::test_a_decline_is_not_re_judged_even_when_the_text_reads_like_a_requirement
    not asked: the test still passed when this defect was injected, and 8 other candidate test(s) failed under the same edit. The edit was not verified, so this is not evidence that the test fails to catch the defect.
  [passed_under_edit] dropped-pair-no-evidence-tier/passed-under-edit-treated-as-evidence x tests/test_mandate_coverage.py::test_a_requirement_whose_question_the_diff_resolved_counts_as_judged
    not asked: the test still passed when this defect was injected, and 8 other candidate test(s) failed under the same edit. The edit was not verified, so this is not evidence that the test fails to catch the defect.
  [passed_under_edit] dropped-pair-no-evidence-tier/passed-under-edit-treated-as-evidence x tests/test_mutation_archetype_acceptance.py::TestRoutingChangesNothingHereButTheCost::test_a_survivor_holds_nothing_back_even_with_a_passing_test
    not asked: the test still passed when this defect was injected, and 8 other candidate test(s) failed under the same edit. The edit was not verified, so this is not evidence that the test fails to catch the defect.
  [passed_under_edit] dropped-pair-no-evidence-tier/passed-under-edit-treated-as-evidence x tests/test_mutation_archetype_acceptance.py::TestRoutingChangesNothingHereButTheCost::test_routing_holds_nothing_back_on_this_fixture
    not asked: the test still passed when this defect was injected, and 8 other candidate test(s) failed under the same edit. The edit was not verified, so this is not evidence that the test fails to catch the defect.
  [passed_under_edit] dropped-pair-no-evidence-tier/passed-under-edit-treated-as-evidence x tests/test_mutation_archetype_acceptance.py::TestRoutingChangesNothingHereButTheCost::test_the_labelled_kill_is_untouched
    not asked: the test still passed when this defect was injected, and 8 other candidate test(s) failed under the same edit. The edit was not verified, so this is not evidence that the test fails to catch the defect.
  [passed_under_edit] dropped-pair-no-evidence-tier/passed-under-edit-treated-as-evidence x tests/test_mutation_archetype_acceptance.py::TestTheGroundTruthIsReproduced::test_every_attempt_was_observed_by_execution
    not asked: the test still passed when this defect was injected, and 8 other candidate test(s) failed under the same edit. The edit was not verified, so this is not evidence that the test fails to catch the defect.
  [passed_under_edit] dropped-pair-no-evidence-tier/passed-under-edit-treated-as-evidence x tests/test_mutation_archetype_acceptance.py::TestTheGroundTruthIsReproduced::test_every_labelled_defect_got_an_attempt
    not asked: the test still passed when this defect was injected, and 8 other candidate test(s) failed under the same edit. The edit was not verified, so this is not evidence that the test fails to catch the defect.
  [passed_under_edit] dropped-pair-no-evidence-tier/passed-under-edit-treated-as-evidence x tests/test_mutation_archetype_acceptance.py::TestTheGroundTruthIsReproduced::test_the_killing_tests_match_the_labels
    not asked: the test still passed when this defect was injected, and 8 other candidate test(s) failed under the same edit. The edit was not verified, so this is not evidence that the test fails to catch the defect.
  [passed_under_edit] dropped-pair-no-evidence-tier/passed-under-edit-treated-as-evidence x tests/test_mutation_archetype_acceptance.py::TestTheUpgradeThisMilestoneExistsFor::test_a_defect_the_test_cannot_catch_is_observed_to_survive
    not asked: the test still passed when this defect was injected, and 8 other candidate test(s) failed under the same edit. The edit was not verified, so this is not evidence that the test fails to catch the defect.
  [passed_under_edit] dropped-pair-no-evidence-tier/passed-under-edit-treated-as-evidence x tests/test_mutation_archetype_acceptance.py::TestTheUpgradeThisMilestoneExistsFor::test_the_defect_the_test_can_catch_is_observed_to_die
    not asked: the test still passed when this defect was injected, and 8 other candidate test(s) failed under the same edit. The edit was not verified, so this is not evidence that the test fails to catch the defect.
  [passed_under_edit] dropped-pair-no-evidence-tier/passed-under-edit-treated-as-evidence x tests/test_mutation_archetype_acceptance.py::TestTheUpgradeThisMilestoneExistsFor::test_the_injected_edit_is_recorded_for_each
    not asked: the test still passed when this defect was injected, and 8 other candidate test(s) failed under the same edit. The edit was not verified, so this is not evidence that the test fails to catch the defect.
  [passed_under_edit] dropped-pair-no-evidence-tier/passed-under-edit-treated-as-evidence x tests/test_mutation_archetype_acceptance.py::TestTheUpgradeThisMilestoneExistsFor::test_the_verdicts_reach_the_executed_tier_once_the_edits_are_verified
    not asked: the test still passed when this defect was injected, and 8 other candidate test(s) failed under the same edit. The edit was not verified, so this is not evidence that the test fails to catch the defect.
  [passed_under_edit] dropped-pair-no-evidence-tier/passed-under-edit-treated-as-evidence x tests/test_mutation_archetype_acceptance.py::TestTheUpgradeThisMilestoneExistsFor::test_without_verification_nothing_reaches_the_executed_tier
    not asked: the test still passed when this defect was injected, and 8 other candidate test(s) failed under the same edit. The edit was not verified, so this is not evidence that the test fails to catch the defect.
  [passed_under_edit] dropped-pair-no-evidence-tier/passed-under-edit-treated-as-evidence x tests/test_mutation_verdicts.py::TestAnUnverifiedEditCountsForNothing::test_an_unverified_kill_produces_no_verdict
    not asked: the test still passed when this defect was injected, and 8 other candidate test(s) failed under the same edit. The edit was not verified, so this is not evidence that the test fails to catch the defect.
  [passed_under_edit] dropped-pair-no-evidence-tier/passed-under-edit-treated-as-evidence x tests/test_mutation_verdicts.py::TestAnUnverifiedEditCountsForNothing::test_an_unverified_survival_produces_no_verdict
    not asked: the test still passed when this defect was injected, and 8 other candidate test(s) failed under the same edit. The edit was not verified, so this is not evidence that the test fails to catch the defect.
  [passed_under_edit] dropped-pair-no-evidence-tier/passed-under-edit-treated-as-evidence x tests/test_mutation_verdicts.py::TestAnUnverifiedEditCountsForNothing::test_its_defect_still_goes_to_the_static_judge
    not asked: the test still passed when this defect was injected, and 8 other candidate test(s) failed under the same edit. The edit was not verified, so this is not evidence that the test fails to catch the defect.
  [passed_under_edit] dropped-pair-no-evidence-tier/passed-under-edit-treated-as-evidence x tests/test_mutation_verdicts.py::TestAnUnverifiedEditCountsForNothing::test_the_criterion_it_belongs_to_stays_static
    not asked: the test still passed when this defect was injected, and 8 other candidate test(s) failed under the same edit. The edit was not verified, so this is not evidence that the test fails to catch the defect.
  [passed_under_edit] dropped-pair-no-evidence-tier/passed-under-edit-treated-as-evidence x tests/test_mutation_verdicts.py::TestTheRatingReadsBoth::test_a_defect_with_no_verdict_at_all_holds_it_at_static
    not asked: the test still passed when this defect was injected, and 8 other candidate test(s) failed under the same edit. The edit was not verified, so this is not evidence that the test fails to catch the defect.
  [passed_under_edit] dropped-pair-no-evidence-tier/passed-under-edit-treated-as-evidence x tests/test_mutation_verdicts.py::TestTheRatingReadsBoth::test_a_fully_executed_criterion_reaches_the_defect_killed_tier
    not asked: the test still passed when this defect was injected, and 8 other candidate test(s) failed under the same edit. The edit was not verified, so this is not evidence that the test fails to catch the defect.
  [passed_under_edit] dropped-pair-no-evidence-tier/passed-under-edit-treated-as-evidence x tests/test_mutation_verdicts.py::TestTheRatingReadsBoth::test_a_predicted_kill_does_not_borrow_an_executed_survival_tier
    not asked: the test still passed when this defect was injected, and 8 other candidate test(s) failed under the same edit. The edit was not verified, so this is not evidence that the test fails to catch the defect.
  [passed_under_edit] dropped-pair-no-evidence-tier/passed-under-edit-treated-as-evidence x tests/test_mutation_verdicts.py::TestTheRatingReadsBoth::test_a_review_with_no_execution_is_unchanged
    not asked: the test still passed when this defect was injected, and 8 other candidate test(s) failed under the same edit. The edit was not verified, so this is not evidence that the test fails to catch the defect.
  [passed_under_edit] dropped-pair-no-evidence-tier/passed-under-edit-treated-as-evidence x tests/test_mutation_verdicts.py::TestTheRatingReadsBoth::test_an_executed_kill_counts_toward_coverage
    not asked: the test still passed when this defect was injected, and 8 other candidate test(s) failed under the same edit. The edit was not verified, so this is not evidence that the test fails to catch the defect.
  [passed_under_edit] dropped-pair-no-evidence-tier/passed-under-edit-treated-as-evidence x tests/test_mutation_verdicts.py::TestTheRatingReadsBoth::test_an_executed_kill_is_not_dragged_down_by_a_predicted_verdict_on_the_same_defect
    not asked: the test still passed when this defect was injected, and 8 other candidate test(s) failed under the same edit. The edit was not verified, so this is not evidence that the test fails to catch the defect.
  [passed_under_edit] dropped-pair-no-evidence-tier/passed-under-edit-treated-as-evidence x tests/test_mutation_verdicts.py::TestTheRatingReadsBoth::test_an_executed_kill_outranks_a_predicted_kill_on_the_same_defect
    not asked: the test still passed when this defect was injected, and 8 other candidate test(s) failed under the same edit. The edit was not verified, so this is not evidence that the test fails to catch the defect.
  [passed_under_edit] dropped-pair-no-evidence-tier/passed-under-edit-treated-as-evidence x tests/test_mutation_verdicts.py::TestTheRatingReadsBoth::test_an_executed_survival_on_every_test_reaches_the_defect_killed_tier
    not asked: the test still passed when this defect was injected, and 8 other candidate test(s) failed under the same edit. The edit was not verified, so this is not evidence that the test fails to catch the defect.
  [passed_under_edit] dropped-pair-no-evidence-tier/passed-under-edit-treated-as-evidence x tests/test_mutation_verdicts.py::TestTheRatingReadsBoth::test_an_uncovered_defect_is_only_as_known_as_its_weakest_verdict
    not asked: the test still passed when this defect was injected, and 8 other candidate test(s) failed under the same edit. The edit was not verified, so this is not evidence that the test fails to catch the defect.
  [passed_under_edit] dropped-pair-no-evidence-tier/passed-under-edit-treated-as-evidence x tests/test_mutation_verdicts.py::TestTheRatingReadsBoth::test_one_predicted_defect_holds_the_criterion_at_static
    not asked: the test still passed when this defect was injected, and 8 other candidate test(s) failed under the same edit. The edit was not verified, so this is not evidence that the test fails to catch the defect.
  [passed_under_edit] dropped-pair-no-evidence-tier/passed-under-edit-treated-as-evidence x tests/test_mutation_verdicts.py::TestVerdictsFrom::test_a_kill_records_the_red_test_as_killing
    not asked: the test still passed when this defect was injected, and 8 other candidate test(s) failed under the same edit. The edit was not verified, so this is not evidence that the test fails to catch the defect.
  [passed_under_edit] dropped-pair-no-evidence-tier/passed-under-edit-treated-as-evidence x tests/test_mutation_verdicts.py::TestVerdictsFrom::test_a_survival_records_every_test_as_not_killing
    not asked: the test still passed when this defect was injected, and 8 other candidate test(s) failed under the same edit. The edit was not verified, so this is not evidence that the test fails to catch the defect.
  [passed_under_edit] dropped-pair-no-evidence-tier/passed-under-edit-treated-as-evidence x tests/test_mutation_verdicts.py::TestVerdictsFrom::test_an_unsettled_attempt_produces_no_verdict
    not asked: the test still passed when this defect was injected, and 8 other candidate test(s) failed under the same edit. The edit was not verified, so this is not evidence that the test fails to catch the defect.
  [passed_under_edit] dropped-pair-no-evidence-tier/passed-under-edit-treated-as-evidence x tests/test_mutation_verdicts.py::TestVerdictsFrom::test_every_test_the_mutant_ran_against_gets_a_verdict
    not asked: the test still passed when this defect was injected, and 8 other candidate test(s) failed under the same edit. The edit was not verified, so this is not evidence that the test fails to catch the defect.
  [passed_under_edit] dropped-pair-no-evidence-tier/passed-under-edit-treated-as-evidence x tests/test_mutation_verdicts.py::TestVerdictsFrom::test_executed_verdicts_carry_the_defect_killed_tier
    not asked: the test still passed when this defect was injected, and 8 other candidate test(s) failed under the same edit. The edit was not verified, so this is not evidence that the test fails to catch the defect.
  [passed_under_edit] dropped-pair-no-evidence-tier/passed-under-edit-treated-as-evidence x tests/test_mutation_verdicts.py::TestVerdictsFrom::test_no_carry_key_so_an_executed_verdict_is_never_carried_forward
    not asked: the test still passed when this defect was injected, and 8 other candidate test(s) failed under the same edit. The edit was not verified, so this is not evidence that the test fails to catch the defect.
  [passed_under_edit] dropped-pair-no-evidence-tier/passed-under-edit-treated-as-evidence x tests/test_mutation_verdicts.py::TestVerdictsFrom::test_the_defect_text_is_carried_so_a_later_run_can_identify_it
    not asked: the test still passed when this defect was injected, and 8 other candidate test(s) failed under the same edit. The edit was not verified, so this is not evidence that the test fails to catch the defect.
  [passed_under_edit] dropped-pair-no-evidence-tier/passed-under-edit-treated-as-evidence x tests/test_mutation_verdicts.py::TestVerdictsFrom::test_the_reason_says_the_answer_was_observed
    not asked: the test still passed when this defect was injected, and 8 other candidate test(s) failed under the same edit. The edit was not verified, so this is not evidence that the test fails to catch the defect.
  [passed_under_edit] dropped-pair-no-evidence-tier/passed-under-edit-treated-as-evidence x tests/test_pair_routing.py::TestADroppedPairIsNotASurvival::test_it_contributes_no_verdict_and_no_test_link
    not asked: the test still passed when this defect was injected, and 8 other candidate test(s) failed under the same edit. The edit was not verified, so this is not evidence that the test fails to catch the defect.
  [passed_under_edit] dropped-pair-no-evidence-tier/passed-under-edit-treated-as-evidence x tests/test_pair_routing.py::TestWhichPairsTheRunAnswers::test_a_settled_attempt_skips_nothing
    not asked: the test still passed when this defect was injected, and 8 other candidate test(s) failed under the same edit. The edit was not verified, so this is not evidence that the test fails to catch the defect.
  [passed_under_edit] dropped-pair-no-evidence-tier/passed-under-edit-treated-as-evidence x tests/test_pair_routing.py::TestWhichPairsTheRunAnswers::test_a_survival_skips_nothing
    not asked: the test still passed when this defect was injected, and 8 other candidate test(s) failed under the same edit. The edit was not verified, so this is not evidence that the test fails to catch the defect.
  [passed_under_edit] dropped-pair-no-evidence-tier/passed-under-edit-treated-as-evidence x tests/test_pair_routing.py::TestWhichPairsTheRunAnswers::test_a_test_that_failed_under_the_edit_is_still_asked
    not asked: the test still passed when this defect was injected, and 8 other candidate test(s) failed under the same edit. The edit was not verified, so this is not evidence that the test fails to catch the defect.
  [passed_under_edit] dropped-pair-no-evidence-tier/passed-under-edit-treated-as-evidence x tests/test_pair_routing.py::TestWhichPairsTheRunAnswers::test_a_test_that_kept_passing_under_the_edit_is_not_asked
    not asked: the test still passed when this defect was injected, and 8 other candidate test(s) failed under the same edit. The edit was not verified, so this is not evidence that the test fails to catch the defect.
  [passed_under_edit] dropped-pair-no-evidence-tier/passed-under-edit-treated-as-evidence x tests/test_pair_routing.py::TestWhichPairsTheRunAnswers::test_the_reason_says_the_edit_was_not_verified
    not asked: the test still passed when this defect was injected, and 8 other candidate test(s) failed under the same edit. The edit was not verified, so this is not evidence that the test fails to catch the defect.
  [passed_under_edit] dropped-pair-no-evidence-tier/passed-under-edit-treated-as-evidence x tests/test_supplied_ids.py::test_a_clean_answer_records_nothing_and_keeps_its_negative_verdicts
    not asked: the test still passed when this defect was injected, and 8 other candidate test(s) failed under the same edit. The edit was not verified, so this is not evidence that the test fails to catch the defect.
  [passed_under_edit] dropped-pair-no-evidence-tier/passed-under-edit-treated-as-evidence x tests/test_supplied_ids.py::test_a_foreign_defect_id_is_recorded_not_silently_dropped
    not asked: the test still passed when this defect was injected, and 8 other candidate test(s) failed under the same edit. The edit was not verified, so this is not evidence that the test fails to catch the defect.
  [passed_under_edit] dropped-pair-no-evidence-tier/passed-under-edit-treated-as-evidence x tests/test_supplied_ids.py::test_the_schema_asked_for_differs_from_the_shape_parsed
    not asked: the test still passed when this defect was injected, and 8 other candidate test(s) failed under the same edit. The edit was not verified, so this is not evidence that the test fails to catch the defect.
  [passed_under_edit] dropped-pair-no-evidence-tier/passed-under-edit-treated-as-evidence x tests/test_unverified_mutation_is_inert.py::TestNothingDerivesFromIt::test_no_test_is_credited_to_the_criterion
    not asked: the test still passed when this defect was injected, and 8 other candidate test(s) failed under the same edit. The edit was not verified, so this is not evidence that the test fails to catch the defect.
  [passed_under_edit] dropped-pair-no-evidence-tier/passed-under-edit-treated-as-evidence x tests/test_unverified_mutation_is_inert.py::TestNothingDerivesFromIt::test_the_defect_still_reaches_the_static_judge
    not asked: the test still passed when this defect was injected, and 8 other candidate test(s) failed under the same edit. The edit was not verified, so this is not evidence that the test fails to catch the defect.
  [passed_under_edit] dropped-pair-no-evidence-tier/passed-under-edit-treated-as-evidence x tests/test_unverified_mutation_is_inert.py::TestNothingDerivesFromIt::test_the_evidence_class_is_unchanged
    not asked: the test still passed when this defect was injected, and 8 other candidate test(s) failed under the same edit. The edit was not verified, so this is not evidence that the test fails to catch the defect.
  [passed_under_edit] dropped-pair-no-evidence-tier/passed-under-edit-treated-as-evidence x tests/test_unverified_mutation_is_inert.py::TestNothingDerivesFromIt::test_the_rating_stays_at_the_static_tier
    not asked: the test still passed when this defect was injected, and 8 other candidate test(s) failed under the same edit. The edit was not verified, so this is not evidence that the test fails to catch the defect.
  [passed_under_edit] dropped-pair-no-evidence-tier/passed-under-edit-treated-as-evidence x tests/test_unverified_mutation_is_inert.py::test_a_verified_attempt_does_contribute_verdicts
    not asked: the test still passed when this defect was injected, and 8 other candidate test(s) failed under the same edit. The edit was not verified, so this is not evidence that the test fails to catch the defect.
  [passed_under_edit] dropped-pair-no-evidence-tier/passed-under-edit-treated-as-evidence x tests/test_unverified_mutation_is_inert.py::test_an_unverified_attempt_contributes_no_verdict
    not asked: the test still passed when this defect was injected, and 8 other candidate test(s) failed under the same edit. The edit was not verified, so this is not evidence that the test fails to catch the defect.
  [passed_under_edit] dropped-pair-no-evidence-tier/passed-under-edit-treated-as-evidence x tests/test_verdict.py::test_a_tests_only_obligation_is_still_judged_on_its_test_evidence
    not asked: the test still passed when this defect was injected, and 8 other candidate test(s) failed under the same edit. The edit was not verified, so this is not evidence that the test fails to catch the defect.
  [passed_under_edit] dropped-pair-not-demonstration-of-test-failure/dropped-pairs-counted-as-unknown-support x tests/benchmark/test_corpus.py::test_every_case_is_traceable_to_the_judgement_it_came_from
    not asked: the test still passed when this defect was injected, and 2 other candidate test(s) failed under the same edit. The edit was not verified, so this is not evidence that the test fails to catch the defect.
  [passed_under_edit] dropped-pair-not-demonstration-of-test-failure/dropped-pairs-counted-as-unknown-support x tests/benchmark/test_coverage.py::test_cli_and_benchmark_share_one_pipeline
    not asked: the test still passed when this defect was injected, and 2 other candidate test(s) failed under the same edit. The edit was not verified, so this is not evidence that the test fails to catch the defect.
  [passed_under_edit] dropped-pair-not-demonstration-of-test-failure/dropped-pairs-counted-as-unknown-support x tests/benchmark/test_instability.py::test_a_caller_supplied_model_set_is_actually_measured
    not asked: the test still passed when this defect was injected, and 2 other candidate test(s) failed under the same edit. The edit was not verified, so this is not evidence that the test fails to catch the defect.
  [passed_under_edit] dropped-pair-not-demonstration-of-test-failure/dropped-pairs-counted-as-unknown-support x tests/benchmark/test_instability.py::test_a_flipped_evidence_class_is_content_and_never_shape
    not asked: the test still passed when this defect was injected, and 2 other candidate test(s) failed under the same edit. The edit was not verified, so this is not evidence that the test fails to catch the defect.
  [passed_under_edit] dropped-pair-not-demonstration-of-test-failure/dropped-pairs-counted-as-unknown-support x tests/benchmark/test_instability.py::test_a_flipped_pair_verdict_is_reported_per_pair
    not asked: the test still passed when this defect was injected, and 2 other candidate test(s) failed under the same edit. The edit was not verified, so this is not evidence that the test fails to catch the defect.
  [passed_under_edit] dropped-pair-not-demonstration-of-test-failure/dropped-pairs-counted-as-unknown-support x tests/benchmark/test_instability.py::test_a_lost_obligation_is_reported_as_a_content_difference
    not asked: the test still passed when this defect was injected, and 2 other candidate test(s) failed under the same edit. The edit was not verified, so this is not evidence that the test fails to catch the defect.
  [passed_under_edit] dropped-pair-not-demonstration-of-test-failure/dropped-pairs-counted-as-unknown-support x tests/benchmark/test_instability.py::test_a_model_that_cannot_make_up_its_mind_does_not_count_as_agreeing
    not asked: the test still passed when this defect was injected, and 2 other candidate test(s) failed under the same edit. The edit was not verified, so this is not evidence that the test fails to catch the defect.
  [passed_under_edit] dropped-pair-not-demonstration-of-test-failure/dropped-pairs-counted-as-unknown-support x tests/benchmark/test_instability.py::test_a_perturbation_run_is_included_when_one_is_supplied
    not asked: the test still passed when this defect was injected, and 2 other candidate test(s) failed under the same edit. The edit was not verified, so this is not evidence that the test fails to catch the defect.
  [passed_under_edit] dropped-pair-not-demonstration-of-test-failure/dropped-pairs-counted-as-unknown-support x tests/benchmark/test_instability.py::test_a_repartitioned_obligation_is_reported_as_a_shape_difference
    not asked: the test still passed when this defect was injected, and 2 other candidate test(s) failed under the same edit. The edit was not verified, so this is not evidence that the test fails to catch the defect.
  [passed_under_edit] dropped-pair-not-demonstration-of-test-failure/dropped-pairs-counted-as-unknown-support x tests/benchmark/test_instability.py::test_an_oscillating_open_question_is_a_content_difference
    not asked: the test still passed when this defect was injected, and 2 other candidate test(s) failed under the same edit. The edit was not verified, so this is not evidence that the test fails to catch the defect.
  [passed_under_edit] dropped-pair-not-demonstration-of-test-failure/dropped-pairs-counted-as-unknown-support x tests/benchmark/test_instability.py::test_an_unanswered_subject_counts_as_content_not_shape
    not asked: the test still passed when this defect was injected, and 2 other candidate test(s) failed under the same edit. The edit was not verified, so this is not evidence that the test fails to catch the defect.
  [passed_under_edit] dropped-pair-not-demonstration-of-test-failure/dropped-pairs-counted-as-unknown-support x tests/benchmark/test_instability.py::test_an_unmatched_statement_covered_by_nothing_is_a_content_difference
    not asked: the test still passed when this defect was injected, and 2 other candidate test(s) failed under the same edit. The edit was not verified, so this is not evidence that the test fails to catch the defect.
  [passed_under_edit] dropped-pair-not-demonstration-of-test-failure/dropped-pairs-counted-as-unknown-support x tests/benchmark/test_instability.py::test_an_unmatched_statement_covered_by_the_other_set_is_a_shape_difference
    not asked: the test still passed when this defect was injected, and 2 other candidate test(s) failed under the same edit. The edit was not verified, so this is not evidence that the test fails to catch the defect.
  [passed_under_edit] dropped-pair-not-demonstration-of-test-failure/dropped-pairs-counted-as-unknown-support x tests/benchmark/test_instability.py::test_content_and_shape_are_reported_as_separate_figures
    not asked: the test still passed when this defect was injected, and 2 other candidate test(s) failed under the same edit. The edit was not verified, so this is not evidence that the test fails to catch the defect.
  [passed_under_edit] dropped-pair-not-demonstration-of-test-failure/dropped-pairs-counted-as-unknown-support x tests/benchmark/test_instability.py::test_content_and_shape_counts_diverge_when_both_kinds_occur
    not asked: the test still passed when this defect was injected, and 2 other candidate test(s) failed under the same edit. The edit was not verified, so this is not evidence that the test fails to catch the defect.
  [passed_under_edit] dropped-pair-not-demonstration-of-test-failure/dropped-pairs-counted-as-unknown-support x tests/benchmark/test_instability.py::test_cross_model_agreement_covers_every_judgement_axis
    not asked: the test still passed when this defect was injected, and 2 other candidate test(s) failed under the same edit. The edit was not verified, so this is not evidence that the test fails to catch the defect.
  [passed_under_edit] dropped-pair-not-demonstration-of-test-failure/dropped-pairs-counted-as-unknown-support x tests/benchmark/test_instability.py::test_cross_model_agreement_is_none_with_a_single_model
    not asked: the test still passed when this defect was injected, and 2 other candidate test(s) failed under the same edit. The edit was not verified, so this is not evidence that the test fails to catch the defect.
  [passed_under_edit] dropped-pair-not-demonstration-of-test-failure/dropped-pairs-counted-as-unknown-support x tests/benchmark/test_instability.py::test_cross_model_agreement_is_reported_alongside_within_model_variance
    not asked: the test still passed when this defect was injected, and 2 other candidate test(s) failed under the same edit. The edit was not verified, so this is not evidence that the test fails to catch the defect.
  [passed_under_edit] dropped-pair-not-demonstration-of-test-failure/dropped-pairs-counted-as-unknown-support x tests/benchmark/test_instability.py::test_decomposition_variation_is_surfaced_and_not_only_evidence_variation
    not asked: the test still passed when this defect was injected, and 2 other candidate test(s) failed under the same edit. The edit was not verified, so this is not evidence that the test fails to catch the defect.
  [passed_under_edit] dropped-pair-not-demonstration-of-test-failure/dropped-pairs-counted-as-unknown-support x tests/benchmark/test_instability.py::test_evidence_class_distribution_counts_every_draw
    not asked: the test still passed when this defect was injected, and 2 other candidate test(s) failed under the same edit. The edit was not verified, so this is not evidence that the test fails to catch the defect.
  [passed_under_edit] dropped-pair-not-demonstration-of-test-failure/dropped-pairs-counted-as-unknown-support x tests/benchmark/test_instability.py::test_matching_ids_with_different_text_are_not_treated_as_the_same_obligation
    not asked: the test still passed when this defect was injected, and 2 other candidate test(s) failed under the same edit. The edit was not verified, so this is not evidence that the test fails to catch the defect.
  [passed_under_edit] dropped-pair-not-demonstration-of-test-failure/dropped-pairs-counted-as-unknown-support x tests/benchmark/test_instability.py::test_measure_instability_records_the_conditions_that_produced_it
    not asked: the test still passed when this defect was injected, and 2 other candidate test(s) failed under the same edit. The edit was not verified, so this is not evidence that the test fails to catch the defect.
  [passed_under_edit] dropped-pair-not-demonstration-of-test-failure/dropped-pairs-counted-as-unknown-support x tests/benchmark/test_instability.py::test_measure_instability_varies_the_seed_across_runs
    not asked: the test still passed when this defect was injected, and 2 other candidate test(s) failed under the same edit. The edit was not verified, so this is not evidence that the test fails to catch the defect.
  [passed_under_edit] dropped-pair-not-demonstration-of-test-failure/dropped-pairs-counted-as-unknown-support x tests/benchmark/test_instability.py::test_measuring_variance_requires_at_least_two_runs
    not asked: the test still passed when this defect was injected, and 2 other candidate test(s) failed under the same edit. The edit was not verified, so this is not evidence that the test fails to catch the defect.
  [passed_under_edit] dropped-pair-not-demonstration-of-test-failure/dropped-pairs-counted-as-unknown-support x tests/benchmark/test_instability.py::test_no_ci_workflow_invokes_the_instability_harness
    not asked: the test still passed when this defect was injected, and 2 other candidate test(s) failed under the same edit. The edit was not verified, so this is not evidence that the test fails to catch the defect.
  [passed_under_edit] dropped-pair-not-demonstration-of-test-failure/dropped-pairs-counted-as-unknown-support x tests/benchmark/test_instability.py::test_obligations_align_by_content_even_when_their_ids_differ
    not asked: the test still passed when this defect was injected, and 2 other candidate test(s) failed under the same edit. The edit was not verified, so this is not evidence that the test fails to catch the defect.
  [passed_under_edit] dropped-pair-not-demonstration-of-test-failure/dropped-pairs-counted-as-unknown-support x tests/benchmark/test_instability.py::test_observations_do_not_leak_between_clients
    not asked: the test still passed when this defect was injected, and 2 other candidate test(s) failed under the same edit. The edit was not verified, so this is not evidence that the test fails to catch the defect.
  [passed_under_edit] dropped-pair-not-demonstration-of-test-failure/dropped-pairs-counted-as-unknown-support x tests/benchmark/test_instability.py::test_omitted_parameters_fall_back_to_the_declared_defaults
    not asked: the test still passed when this defect was injected, and 2 other candidate test(s) failed under the same edit. The edit was not verified, so this is not evidence that the test fails to catch the defect.
  [passed_under_edit] dropped-pair-not-demonstration-of-test-failure/dropped-pairs-counted-as-unknown-support x tests/benchmark/test_instability.py::test_perturbation_sensitivity_is_a_proportion_of_watched_judgements
    not asked: the test still passed when this defect was injected, and 2 other candidate test(s) failed under the same edit. The edit was not verified, so this is not evidence that the test fails to catch the defect.
  [passed_under_edit] dropped-pair-not-demonstration-of-test-failure/dropped-pairs-counted-as-unknown-support x tests/benchmark/test_instability.py::test_perturbation_sensitivity_is_none_when_nothing_was_watched
    not asked: the test still passed when this defect was injected, and 2 other candidate test(s) failed under the same edit. The edit was not verified, so this is not evidence that the test fails to catch the defect.
  [passed_under_edit] dropped-pair-not-demonstration-of-test-failure/dropped-pairs-counted-as-unknown-support x tests/benchmark/test_instability.py::test_presence_rows_show_an_obligation_missing_from_some_runs
    not asked: the test still passed when this defect was injected, and 2 other candidate test(s) failed under the same edit. The edit was not verified, so this is not evidence that the test fails to catch the defect.
  [passed_under_edit] dropped-pair-not-demonstration-of-test-failure/dropped-pairs-counted-as-unknown-support x tests/benchmark/test_instability.py::test_run_once_drives_the_real_pipeline_and_snapshots_its_output
    not asked: the test still passed when this defect was injected, and 2 other candidate test(s) failed under the same edit. The edit was not verified, so this is not evidence that the test fails to catch the defect.
  [passed_under_edit] dropped-pair-not-demonstration-of-test-failure/dropped-pairs-counted-as-unknown-support x tests/benchmark/test_instability.py::test_runs_are_recorded_live_and_never_replayed
    not asked: the test still passed when this defect was injected, and 2 other candidate test(s) failed under the same edit. The edit was not verified, so this is not evidence that the test fails to catch the defect.
  [passed_under_edit] dropped-pair-not-demonstration-of-test-failure/dropped-pairs-counted-as-unknown-support x tests/benchmark/test_instability.py::test_seeds_are_derived_so_a_measurement_is_repeatable_from_its_provenance
    not asked: the test still passed when this defect was injected, and 2 other candidate test(s) failed under the same edit. The edit was not verified, so this is not evidence that the test fails to catch the defect.
  [passed_under_edit] dropped-pair-not-demonstration-of-test-failure/dropped-pairs-counted-as-unknown-support x tests/benchmark/test_instability.py::test_the_default_run_count_produces_three_runs_per_model
    not asked: the test still passed when this defect was injected, and 2 other candidate test(s) failed under the same edit. The edit was not verified, so this is not evidence that the test fails to catch the defect.
  [passed_under_edit] dropped-pair-not-demonstration-of-test-failure/dropped-pairs-counted-as-unknown-support x tests/benchmark/test_instability.py::test_the_default_run_is_one_model_and_three_runs
    not asked: the test still passed when this defect was injected, and 2 other candidate test(s) failed under the same edit. The edit was not verified, so this is not evidence that the test fails to catch the defect.
  [passed_under_edit] dropped-pair-not-demonstration-of-test-failure/dropped-pairs-counted-as-unknown-support x tests/benchmark/test_instability.py::test_the_harness_reports_variance_without_reducing_it
    not asked: the test still passed when this defect was injected, and 2 other candidate test(s) failed under the same edit. The edit was not verified, so this is not evidence that the test fails to catch the defect.
  [passed_under_edit] dropped-pair-not-demonstration-of-test-failure/dropped-pairs-counted-as-unknown-support x tests/benchmark/test_instability.py::test_the_harness_uses_the_benchmark_variance_path_and_not_a_second_one
    not asked: the test still passed when this defect was injected, and 2 other candidate test(s) failed under the same edit. The edit was not verified, so this is not evidence that the test fails to catch the defect.
  [passed_under_edit] dropped-pair-not-demonstration-of-test-failure/dropped-pairs-counted-as-unknown-support x tests/benchmark/test_instability.py::test_the_observing_client_does_not_change_what_the_pipeline_produces
    not asked: the test still passed when this defect was injected, and 2 other candidate test(s) failed under the same edit. The edit was not verified, so this is not evidence that the test fails to catch the defect.
  [passed_under_edit] dropped-pair-not-demonstration-of-test-failure/dropped-pairs-counted-as-unknown-support x tests/benchmark/test_instability.py::test_the_perturbation_adds_a_test_that_asserts_nothing_about_the_change
    not asked: the test still passed when this defect was injected, and 2 other candidate test(s) failed under the same edit. The edit was not verified, so this is not evidence that the test fails to catch the defect.
  [passed_under_edit] dropped-pair-not-demonstration-of-test-failure/dropped-pairs-counted-as-unknown-support x tests/benchmark/test_instability.py::test_the_perturbation_never_writes_into_the_repository_under_review
    not asked: the test still passed when this defect was injected, and 2 other candidate test(s) failed under the same edit. The edit was not verified, so this is not evidence that the test fails to catch the defect.
  [passed_under_edit] dropped-pair-not-demonstration-of-test-failure/dropped-pairs-counted-as-unknown-support x tests/benchmark/test_instability.py::test_the_report_carries_no_pass_fail_or_threshold_field
    not asked: the test still passed when this defect was injected, and 2 other candidate test(s) failed under the same edit. The edit was not verified, so this is not evidence that the test fails to catch the defect.
  [passed_under_edit] dropped-pair-not-demonstration-of-test-failure/dropped-pairs-counted-as-unknown-support x tests/benchmark/test_instability.py::test_the_three_movement_sources_are_reported_as_distinct_figures
    not asked: the test still passed when this defect was injected, and 2 other candidate test(s) failed under the same edit. The edit was not verified, so this is not evidence that the test fails to catch the defect.
  [passed_under_edit] dropped-pair-not-demonstration-of-test-failure/dropped-pairs-counted-as-unknown-support x tests/benchmark/test_instability.py::test_with_no_counterpart_set_at_all_everything_is_content
    not asked: the test still passed when this defect was injected, and 2 other candidate test(s) failed under the same edit. The edit was not verified, so this is not evidence that the test fails to catch the defect.
  [passed_under_edit] dropped-pair-not-demonstration-of-test-failure/dropped-pairs-counted-as-unknown-support x tests/benchmark/test_rating_regression.py::test_the_case_set_can_catch_a_judge_erring_either_way
    not asked: the test still passed when this defect was injected, and 2 other candidate test(s) failed under the same edit. The edit was not verified, so this is not evidence that the test fails to catch the defect.
  [passed_under_edit] dropped-pair-not-demonstration-of-test-failure/dropped-pairs-counted-as-unknown-support x tests/defects/test_pair_mapping.py::test_a_continued_run_carries_verdicts_through_the_ledger
    not asked: the test still passed when this defect was injected, and 2 other candidate test(s) failed under the same edit. The edit was not verified, so this is not evidence that the test fails to catch the defect.
  [passed_under_edit] dropped-pair-not-demonstration-of-test-failure/dropped-pairs-counted-as-unknown-support x tests/defects/test_pair_mapping.py::test_a_defect_whose_asked_pairs_yield_no_kill_has_its_skipped_pairs_judged
    not asked: the test still passed when this defect was injected, and 2 other candidate test(s) failed under the same edit. The edit was not verified, so this is not evidence that the test fails to catch the defect.
  [passed_under_edit] dropped-pair-not-demonstration-of-test-failure/dropped-pairs-counted-as-unknown-support x tests/defects/test_pair_mapping.py::test_a_failing_answer_with_no_reason_is_not_kept_as_a_verdict
    not asked: the test still passed when this defect was injected, and 2 other candidate test(s) failed under the same edit. The edit was not verified, so this is not evidence that the test fails to catch the defect.
  [passed_under_edit] dropped-pair-not-demonstration-of-test-failure/dropped-pairs-counted-as-unknown-support x tests/defects/test_pair_mapping.py::test_a_kill_on_an_asked_pair_keeps_the_saving
    not asked: the test still passed when this defect was injected, and 2 other candidate test(s) failed under the same edit. The edit was not verified, so this is not evidence that the test fails to catch the defect.
  [passed_under_edit] dropped-pair-not-demonstration-of-test-failure/dropped-pairs-counted-as-unknown-support x tests/defects/test_pair_mapping.py::test_a_pair_the_judge_never_answers_is_recorded_not_read_as_surviving
    not asked: the test still passed when this defect was injected, and 2 other candidate test(s) failed under the same edit. The edit was not verified, so this is not evidence that the test fails to catch the defect.
  [passed_under_edit] dropped-pair-not-demonstration-of-test-failure/dropped-pairs-counted-as-unknown-support x tests/defects/test_pair_mapping.py::test_a_ragged_pair_set_is_still_split_into_rectangles
    not asked: the test still passed when this defect was injected, and 2 other candidate test(s) failed under the same edit. The edit was not verified, so this is not evidence that the test fails to catch the defect.
  [passed_under_edit] dropped-pair-not-demonstration-of-test-failure/dropped-pairs-counted-as-unknown-support x tests/defects/test_pair_mapping.py::test_a_skipped_pair_comes_back_unjudged_with_its_reason
    not asked: the test still passed when this defect was injected, and 2 other candidate test(s) failed under the same edit. The edit was not verified, so this is not evidence that the test fails to catch the defect.
  [passed_under_edit] dropped-pair-not-demonstration-of-test-failure/dropped-pairs-counted-as-unknown-support x tests/defects/test_pair_mapping.py::test_a_skipped_pair_is_never_offered_to_the_model
    not asked: the test still passed when this defect was injected, and 2 other candidate test(s) failed under the same edit. The edit was not verified, so this is not evidence that the test fails to catch the defect.
  [passed_under_edit] dropped-pair-not-demonstration-of-test-failure/dropped-pairs-counted-as-unknown-support x tests/defects/test_pair_mapping.py::test_a_surviving_answer_carrying_a_reason_is_not_kept_as_a_verdict
    not asked: the test still passed when this defect was injected, and 2 other candidate test(s) failed under the same edit. The edit was not verified, so this is not evidence that the test fails to catch the defect.
  [passed_under_edit] dropped-pair-not-demonstration-of-test-failure/dropped-pairs-counted-as-unknown-support x tests/defects/test_pair_mapping.py::test_a_surviving_answer_carrying_an_empty_reason_is_still_a_verdict
    not asked: the test still passed when this defect was injected, and 2 other candidate test(s) failed under the same edit. The edit was not verified, so this is not evidence that the test fails to catch the defect.
  [passed_under_edit] dropped-pair-not-demonstration-of-test-failure/dropped-pairs-counted-as-unknown-support x tests/defects/test_pair_mapping.py::test_a_surviving_pair_is_stored_without_a_reason
    not asked: the test still passed when this defect was injected, and 2 other candidate test(s) failed under the same edit. The edit was not verified, so this is not evidence that the test fails to catch the defect.
  [passed_under_edit] dropped-pair-not-demonstration-of-test-failure/dropped-pairs-counted-as-unknown-support x tests/defects/test_pair_mapping.py::test_a_verdict_is_produced_again_when_its_defect_changed
    not asked: the test still passed when this defect was injected, and 2 other candidate test(s) failed under the same edit. The edit was not verified, so this is not evidence that the test fails to catch the defect.
  [passed_under_edit] dropped-pair-not-demonstration-of-test-failure/dropped-pairs-counted-as-unknown-support x tests/defects/test_pair_mapping.py::test_a_verdict_is_produced_again_when_the_tests_source_changed
    not asked: the test still passed when this defect was injected, and 2 other candidate test(s) failed under the same edit. The edit was not verified, so this is not evidence that the test fails to catch the defect.
  [passed_under_edit] dropped-pair-not-demonstration-of-test-failure/dropped-pairs-counted-as-unknown-support x tests/defects/test_pair_mapping.py::test_a_verdict_is_reused_when_its_defect_and_its_test_are_both_unchanged
    not asked: the test still passed when this defect was injected, and 2 other candidate test(s) failed under the same edit. The edit was not verified, so this is not evidence that the test fails to catch the defect.
  [passed_under_edit] dropped-pair-not-demonstration-of-test-failure/dropped-pairs-counted-as-unknown-support x tests/defects/test_pair_mapping.py::test_adding_one_test_judges_only_that_tests_pairs
    not asked: the test still passed when this defect was injected, and 2 other candidate test(s) failed under the same edit. The edit was not verified, so this is not evidence that the test fails to catch the defect.
  [passed_under_edit] dropped-pair-not-demonstration-of-test-failure/dropped-pairs-counted-as-unknown-support x tests/defects/test_pair_mapping.py::test_changing_how_many_tests_share_a_call_invalidates_the_transcripts
    not asked: the test still passed when this defect was injected, and 2 other candidate test(s) failed under the same edit. The edit was not verified, so this is not evidence that the test fails to catch the defect.
  [passed_under_edit] dropped-pair-not-demonstration-of-test-failure/dropped-pairs-counted-as-unknown-support x tests/defects/test_pair_mapping.py::test_defect_text_ignores_the_defect_id
    not asked: the test still passed when this defect was injected, and 2 other candidate test(s) failed under the same edit. The edit was not verified, so this is not evidence that the test fails to catch the defect.
  [passed_under_edit] dropped-pair-not-demonstration-of-test-failure/dropped-pairs-counted-as-unknown-support x tests/defects/test_pair_mapping.py::test_every_offered_pair_comes_back_with_a_verdict
    not asked: the test still passed when this defect was injected, and 2 other candidate test(s) failed under the same edit. The edit was not verified, so this is not evidence that the test fails to catch the defect.
  [passed_under_edit] dropped-pair-not-demonstration-of-test-failure/dropped-pairs-counted-as-unknown-support x tests/defects/test_pair_mapping.py::test_every_request_is_a_full_rectangle
    not asked: the test still passed when this defect was injected, and 2 other candidate test(s) failed under the same edit. The edit was not verified, so this is not evidence that the test fails to catch the defect.
  [passed_under_edit] dropped-pair-not-demonstration-of-test-failure/dropped-pairs-counted-as-unknown-support x tests/defects/test_pair_mapping.py::test_no_request_carries_more_judgements_than_the_limit
    not asked: the test still passed when this defect was injected, and 2 other candidate test(s) failed under the same edit. The edit was not verified, so this is not evidence that the test fails to catch the defect.
  [passed_under_edit] dropped-pair-not-demonstration-of-test-failure/dropped-pairs-counted-as-unknown-support x tests/defects/test_pair_mapping.py::test_one_misshapen_answer_does_not_discard_the_rest_of_its_batch
    not asked: the test still passed when this defect was injected, and 2 other candidate test(s) failed under the same edit. The edit was not verified, so this is not evidence that the test fails to catch the defect.
  [passed_under_edit] dropped-pair-not-demonstration-of-test-failure/dropped-pairs-counted-as-unknown-support x tests/defects/test_pair_mapping.py::test_routing_off_asks_about_everything
    not asked: the test still passed when this defect was injected, and 2 other candidate test(s) failed under the same edit. The edit was not verified, so this is not evidence that the test fails to catch the defect.
  [passed_under_edit] dropped-pair-not-demonstration-of-test-failure/dropped-pairs-counted-as-unknown-support x tests/defects/test_pair_mapping.py::test_the_answer_about_a_pair_carries_a_reason_only_where_the_test_would_fail
    not asked: the test still passed when this defect was injected, and 2 other candidate test(s) failed under the same edit. The edit was not verified, so this is not evidence that the test fails to catch the defect.
  [passed_under_edit] dropped-pair-not-demonstration-of-test-failure/dropped-pairs-counted-as-unknown-support x tests/defects/test_pair_mapping.py::test_the_defect_list_sits_in_the_shared_prefix_of_every_call
    not asked: the test still passed when this defect was injected, and 2 other candidate test(s) failed under the same edit. The edit was not verified, so this is not evidence that the test fails to catch the defect.
  [passed_under_edit] dropped-pair-not-demonstration-of-test-failure/dropped-pairs-counted-as-unknown-support x tests/defects/test_pair_mapping.py::test_the_digest_is_per_test_not_per_file
    not asked: the test still passed when this defect was injected, and 2 other candidate test(s) failed under the same edit. The edit was not verified, so this is not evidence that the test fails to catch the defect.
  [passed_under_edit] dropped-pair-not-demonstration-of-test-failure/dropped-pairs-counted-as-unknown-support x tests/defects/test_pair_mapping.py::test_the_prefilter_keeps_its_own_cause
    not asked: the test still passed when this defect was injected, and 2 other candidate test(s) failed under the same edit. The edit was not verified, so this is not evidence that the test fails to catch the defect.
  [passed_under_edit] dropped-pair-not-demonstration-of-test-failure/dropped-pairs-counted-as-unknown-support x tests/defects/test_pair_mapping.py::test_the_question_put_about_a_pair_is_the_failure_question
    not asked: the test still passed when this defect was injected, and 2 other candidate test(s) failed under the same edit. The edit was not verified, so this is not evidence that the test fails to catch the defect.
  [passed_under_edit] dropped-pair-not-demonstration-of-test-failure/dropped-pairs-counted-as-unknown-support x tests/defects/test_pair_mapping.py::test_the_second_pass_happens_before_the_result_is_returned
    not asked: the test still passed when this defect was injected, and 2 other candidate test(s) failed under the same edit. The edit was not verified, so this is not evidence that the test fails to catch the defect.
  [passed_under_edit] dropped-pair-not-demonstration-of-test-failure/dropped-pairs-counted-as-unknown-support x tests/defects/test_pair_mapping.py::test_the_stage_is_byte_identical_when_its_calls_finish_out_of_order
    not asked: the test still passed when this defect was injected, and 2 other candidate test(s) failed under the same edit. The edit was not verified, so this is not evidence that the test fails to catch the defect.
  [passed_under_edit] dropped-pair-not-demonstration-of-test-failure/dropped-pairs-counted-as-unknown-support x tests/defects/test_pair_mapping.py::test_which_pairs_share_a_request_does_not_change_what_carries
    not asked: the test still passed when this defect was injected, and 2 other candidate test(s) failed under the same edit. The edit was not verified, so this is not evidence that the test fails to catch the defect.
  [passed_under_edit] dropped-pair-not-demonstration-of-test-failure/dropped-pairs-counted-as-unknown-support x tests/defects/test_reachability.py::test_excludes_and_records_the_one_provable_shape
    not asked: the test still passed when this defect was injected, and 2 other candidate test(s) failed under the same edit. The edit was not verified, so this is not evidence that the test fails to catch the defect.
  [passed_under_edit] dropped-pair-not-demonstration-of-test-failure/dropped-pairs-counted-as-unknown-support x tests/defects/test_reachability.py::test_judges_a_test_that_names_something_the_defects_file_defines
    not asked: the test still passed when this defect was injected, and 2 other candidate test(s) failed under the same edit. The edit was not verified, so this is not evidence that the test fails to catch the defect.
  [passed_under_edit] dropped-pair-not-demonstration-of-test-failure/dropped-pairs-counted-as-unknown-support x tests/defects/test_reachability.py::test_judges_a_test_that_reaches_the_defect_through_a_helper_module
    not asked: the test still passed when this defect was injected, and 2 other candidate test(s) failed under the same edit. The edit was not verified, so this is not evidence that the test fails to catch the defect.
  [passed_under_edit] dropped-pair-not-demonstration-of-test-failure/dropped-pairs-counted-as-unknown-support x tests/defects/test_reachability.py::test_judges_a_test_that_takes_a_fixture
    not asked: the test still passed when this defect was injected, and 2 other candidate test(s) failed under the same edit. The edit was not verified, so this is not evidence that the test fails to catch the defect.
  [passed_under_edit] dropped-pair-not-demonstration-of-test-failure/dropped-pairs-counted-as-unknown-support x tests/defects/test_reachability.py::test_judges_when_the_defect_implicates_no_file
    not asked: the test still passed when this defect was injected, and 2 other candidate test(s) failed under the same edit. The edit was not verified, so this is not evidence that the test fails to catch the defect.
  [passed_under_edit] dropped-pair-not-demonstration-of-test-failure/dropped-pairs-counted-as-unknown-support x tests/defects/test_reachability.py::test_judges_when_the_module_imports_dynamically
    not asked: the test still passed when this defect was injected, and 2 other candidate test(s) failed under the same edit. The edit was not verified, so this is not evidence that the test fails to catch the defect.
  [passed_under_edit] dropped-pair-not-demonstration-of-test-failure/dropped-pairs-counted-as-unknown-support x tests/defects/test_reachability.py::test_judges_when_the_module_imports_relatively
    not asked: the test still passed when this defect was injected, and 2 other candidate test(s) failed under the same edit. The edit was not verified, so this is not evidence that the test fails to catch the defect.
  [passed_under_edit] dropped-pair-not-demonstration-of-test-failure/dropped-pairs-counted-as-unknown-support x tests/defects/test_support.py::test_a_criterion_whose_only_evidence_is_unjudged_is_indeterminate_not_nominal
    not asked: the test still passed when this defect was injected, and 2 other candidate test(s) failed under the same edit. The edit was not verified, so this is not evidence that the test fails to catch the defect.
  [passed_under_edit] dropped-pair-not-demonstration-of-test-failure/dropped-pairs-counted-as-unknown-support x tests/defects/test_support.py::test_a_criterion_whose_pairs_were_offered_and_unanswered_is_indeterminate
    not asked: the test still passed when this defect was injected, and 2 other candidate test(s) failed under the same edit. The edit was not verified, so this is not evidence that the test fails to catch the defect.
  [passed_under_edit] dropped-pair-not-demonstration-of-test-failure/dropped-pairs-counted-as-unknown-support x tests/defects/test_support.py::test_a_fully_judged_criterion_takes_the_class_its_kill_count_implies
    not asked: the test still passed when this defect was injected, and 2 other candidate test(s) failed under the same edit. The edit was not verified, so this is not evidence that the test fails to catch the defect.
  [passed_under_edit] dropped-pair-not-demonstration-of-test-failure/dropped-pairs-counted-as-unknown-support x tests/defects/test_support.py::test_a_prefilter_exclusion_counts_as_a_surviving_pair_not_an_unknown_one
    not asked: the test still passed when this defect was injected, and 2 other candidate test(s) failed under the same edit. The edit was not verified, so this is not evidence that the test fails to catch the defect.
  [passed_under_edit] dropped-pair-not-demonstration-of-test-failure/dropped-pairs-counted-as-unknown-support x tests/defects/test_support.py::test_an_unjudged_defect_never_reads_as_a_surviving_one
    not asked: the test still passed when this defect was injected, and 2 other candidate test(s) failed under the same edit. The edit was not verified, so this is not evidence that the test fails to catch the defect.
  [passed_under_edit] dropped-pair-not-demonstration-of-test-failure/dropped-pairs-counted-as-unknown-support x tests/defects/test_support.py::test_an_unjudged_defect_stops_a_criterion_reaching_strongly_supported
    not asked: the test still passed when this defect was injected, and 2 other candidate test(s) failed under the same edit. The edit was not verified, so this is not evidence that the test fails to catch the defect.
  [passed_under_edit] dropped-pair-not-demonstration-of-test-failure/dropped-pairs-counted-as-unknown-support x tests/defects/test_support.py::test_test_links_carry_only_the_tests_judged_to_fail_on_a_defect
    not asked: the test still passed when this defect was injected, and 2 other candidate test(s) failed under the same edit. The edit was not verified, so this is not evidence that the test fails to catch the defect.
  [passed_under_edit] dropped-pair-not-demonstration-of-test-failure/dropped-pairs-counted-as-unknown-support x tests/defects/test_support.py::test_the_derivation_makes_no_model_call_and_repeats_exactly
    not asked: the test still passed when this defect was injected, and 2 other candidate test(s) failed under the same edit. The edit was not verified, so this is not evidence that the test fails to catch the defect.
  [passed_under_edit] dropped-pair-not-demonstration-of-test-failure/dropped-pairs-counted-as-unknown-support x tests/fixtures/archetypes/08-unrequested-change-separable/head/test_report.py::test_low_stock_report_filters_by_threshold
    not asked: the test still passed when this defect was injected, and 2 other candidate test(s) failed under the same edit. The edit was not verified, so this is not evidence that the test fails to catch the defect.
  [passed_under_edit] dropped-pair-not-demonstration-of-test-failure/dropped-pairs-counted-as-unknown-support x tests/requirement/test_carry_forward.py::test_the_review_pipeline_carries_forward_and_hands_back_what_it_derived
    not asked: the test still passed when this defect was injected, and 2 other candidate test(s) failed under the same edit. The edit was not verified, so this is not evidence that the test fails to catch the defect.
  [passed_under_edit] dropped-pair-not-demonstration-of-test-failure/dropped-pairs-counted-as-unknown-support x tests/requirement/test_carry_forward.py::test_the_review_pipeline_leaves_no_ledger_behind_when_given_no_sink
    not asked: the test still passed when this defect was injected, and 2 other candidate test(s) failed under the same edit. The edit was not verified, so this is not evidence that the test fails to catch the defect.
  [passed_under_edit] dropped-pair-not-demonstration-of-test-failure/dropped-pairs-counted-as-unknown-support x tests/test_cli_execution.py::TestTheSettingsArrive::test_the_pipeline_is_given_settings_to_decide_with
    not asked: the test still passed when this defect was injected, and 2 other candidate test(s) failed under the same edit. The edit was not verified, so this is not evidence that the test fails to catch the defect.
  [passed_under_edit] dropped-pair-not-demonstration-of-test-failure/dropped-pairs-counted-as-unknown-support x tests/test_execution_decision.py::TestTheDecisionIsAlwaysExplained::test_every_outcome_carries_a_reason
    not asked: the test still passed when this defect was injected, and 2 other candidate test(s) failed under the same edit. The edit was not verified, so this is not evidence that the test fails to catch the defect.
  [passed_under_edit] dropped-pair-not-demonstration-of-test-failure/dropped-pairs-counted-as-unknown-support x tests/test_execution_decision.py::TestWhenItDeclines::test_no_defect_can_be_edited
    not asked: the test still passed when this defect was injected, and 2 other candidate test(s) failed under the same edit. The edit was not verified, so this is not evidence that the test fails to catch the defect.
  [passed_under_edit] dropped-pair-not-demonstration-of-test-failure/dropped-pairs-counted-as-unknown-support x tests/test_execution_decision.py::TestWhenItDeclines::test_no_settings_at_all_is_not_a_run
    not asked: the test still passed when this defect was injected, and 2 other candidate test(s) failed under the same edit. The edit was not verified, so this is not evidence that the test fails to catch the defect.
  [passed_under_edit] dropped-pair-not-demonstration-of-test-failure/dropped-pairs-counted-as-unknown-support x tests/test_execution_decision.py::TestWhenItDeclines::test_nothing_would_consume_the_result
    not asked: the test still passed when this defect was injected, and 2 other candidate test(s) failed under the same edit. The edit was not verified, so this is not evidence that the test fails to catch the defect.
  [passed_under_edit] dropped-pair-not-demonstration-of-test-failure/dropped-pairs-counted-as-unknown-support x tests/test_execution_decision.py::TestWhenItRuns::test_a_result_could_count_and_there_is_something_to_inject
    not asked: the test still passed when this defect was injected, and 2 other candidate test(s) failed under the same edit. The edit was not verified, so this is not evidence that the test fails to catch the defect.
  [passed_under_edit] dropped-pair-not-demonstration-of-test-failure/dropped-pairs-counted-as-unknown-support x tests/test_execution_decision.py::TestWhenItRuns::test_routing_alone_is_enough
    not asked: the test still passed when this defect was injected, and 2 other candidate test(s) failed under the same edit. The edit was not verified, so this is not evidence that the test fails to catch the defect.
  [passed_under_edit] dropped-pair-not-demonstration-of-test-failure/dropped-pairs-counted-as-unknown-support x tests/test_execution_decision.py::TestWhenItRuns::test_the_reason_does_not_promise_evidence_routing_cannot_give
    not asked: the test still passed when this defect was injected, and 2 other candidate test(s) failed under the same edit. The edit was not verified, so this is not evidence that the test fails to catch the defect.
  [passed_under_edit] dropped-pair-not-demonstration-of-test-failure/dropped-pairs-counted-as-unknown-support x tests/test_execution_decision.py::TestWhenItRuns::test_the_reason_says_what_made_it_worth_doing
    not asked: the test still passed when this defect was injected, and 2 other candidate test(s) failed under the same edit. The edit was not verified, so this is not evidence that the test fails to catch the defect.
  [passed_under_edit] dropped-pair-not-demonstration-of-test-failure/dropped-pairs-counted-as-unknown-support x tests/test_mandate_coverage.py::test_a_decline_is_not_re_judged_even_when_the_text_reads_like_a_requirement
    not asked: the test still passed when this defect was injected, and 2 other candidate test(s) failed under the same edit. The edit was not verified, so this is not evidence that the test fails to catch the defect.
  [passed_under_edit] dropped-pair-not-demonstration-of-test-failure/dropped-pairs-counted-as-unknown-support x tests/test_mandate_coverage.py::test_a_requirement_whose_question_the_diff_resolved_counts_as_judged
    not asked: the test still passed when this defect was injected, and 2 other candidate test(s) failed under the same edit. The edit was not verified, so this is not evidence that the test fails to catch the defect.
  [passed_under_edit] dropped-pair-not-demonstration-of-test-failure/dropped-pairs-counted-as-unknown-support x tests/test_mutation_archetype_acceptance.py::TestRoutingChangesNothingHereButTheCost::test_a_survivor_holds_nothing_back_even_with_a_passing_test
    not asked: the test still passed when this defect was injected, and 2 other candidate test(s) failed under the same edit. The edit was not verified, so this is not evidence that the test fails to catch the defect.
  [passed_under_edit] dropped-pair-not-demonstration-of-test-failure/dropped-pairs-counted-as-unknown-support x tests/test_mutation_archetype_acceptance.py::TestRoutingChangesNothingHereButTheCost::test_routing_holds_nothing_back_on_this_fixture
    not asked: the test still passed when this defect was injected, and 2 other candidate test(s) failed under the same edit. The edit was not verified, so this is not evidence that the test fails to catch the defect.
  [passed_under_edit] dropped-pair-not-demonstration-of-test-failure/dropped-pairs-counted-as-unknown-support x tests/test_mutation_archetype_acceptance.py::TestRoutingChangesNothingHereButTheCost::test_the_labelled_kill_is_untouched
    not asked: the test still passed when this defect was injected, and 2 other candidate test(s) failed under the same edit. The edit was not verified, so this is not evidence that the test fails to catch the defect.
  [passed_under_edit] dropped-pair-not-demonstration-of-test-failure/dropped-pairs-counted-as-unknown-support x tests/test_mutation_archetype_acceptance.py::TestTheGroundTruthIsReproduced::test_every_attempt_was_observed_by_execution
    not asked: the test still passed when this defect was injected, and 2 other candidate test(s) failed under the same edit. The edit was not verified, so this is not evidence that the test fails to catch the defect.
  [passed_under_edit] dropped-pair-not-demonstration-of-test-failure/dropped-pairs-counted-as-unknown-support x tests/test_mutation_archetype_acceptance.py::TestTheGroundTruthIsReproduced::test_every_labelled_defect_got_an_attempt
    not asked: the test still passed when this defect was injected, and 2 other candidate test(s) failed under the same edit. The edit was not verified, so this is not evidence that the test fails to catch the defect.
  [passed_under_edit] dropped-pair-not-demonstration-of-test-failure/dropped-pairs-counted-as-unknown-support x tests/test_mutation_archetype_acceptance.py::TestTheGroundTruthIsReproduced::test_the_killing_tests_match_the_labels
    not asked: the test still passed when this defect was injected, and 2 other candidate test(s) failed under the same edit. The edit was not verified, so this is not evidence that the test fails to catch the defect.
  [passed_under_edit] dropped-pair-not-demonstration-of-test-failure/dropped-pairs-counted-as-unknown-support x tests/test_mutation_archetype_acceptance.py::TestTheUpgradeThisMilestoneExistsFor::test_a_defect_the_test_cannot_catch_is_observed_to_survive
    not asked: the test still passed when this defect was injected, and 2 other candidate test(s) failed under the same edit. The edit was not verified, so this is not evidence that the test fails to catch the defect.
  [passed_under_edit] dropped-pair-not-demonstration-of-test-failure/dropped-pairs-counted-as-unknown-support x tests/test_mutation_archetype_acceptance.py::TestTheUpgradeThisMilestoneExistsFor::test_the_defect_the_test_can_catch_is_observed_to_die
    not asked: the test still passed when this defect was injected, and 2 other candidate test(s) failed under the same edit. The edit was not verified, so this is not evidence that the test fails to catch the defect.
  [passed_under_edit] dropped-pair-not-demonstration-of-test-failure/dropped-pairs-counted-as-unknown-support x tests/test_mutation_archetype_acceptance.py::TestTheUpgradeThisMilestoneExistsFor::test_the_injected_edit_is_recorded_for_each
    not asked: the test still passed when this defect was injected, and 2 other candidate test(s) failed under the same edit. The edit was not verified, so this is not evidence that the test fails to catch the defect.
  [passed_under_edit] dropped-pair-not-demonstration-of-test-failure/dropped-pairs-counted-as-unknown-support x tests/test_mutation_archetype_acceptance.py::TestTheUpgradeThisMilestoneExistsFor::test_the_verdicts_reach_the_executed_tier_once_the_edits_are_verified
    not asked: the test still passed when this defect was injected, and 2 other candidate test(s) failed under the same edit. The edit was not verified, so this is not evidence that the test fails to catch the defect.
  [passed_under_edit] dropped-pair-not-demonstration-of-test-failure/dropped-pairs-counted-as-unknown-support x tests/test_mutation_archetype_acceptance.py::TestTheUpgradeThisMilestoneExistsFor::test_without_verification_nothing_reaches_the_executed_tier
    not asked: the test still passed when this defect was injected, and 2 other candidate test(s) failed under the same edit. The edit was not verified, so this is not evidence that the test fails to catch the defect.
  [passed_under_edit] dropped-pair-not-demonstration-of-test-failure/dropped-pairs-counted-as-unknown-support x tests/test_mutation_verdicts.py::TestAnUnverifiedEditCountsForNothing::test_an_unverified_kill_produces_no_verdict
    not asked: the test still passed when this defect was injected, and 2 other candidate test(s) failed under the same edit. The edit was not verified, so this is not evidence that the test fails to catch the defect.
  [passed_under_edit] dropped-pair-not-demonstration-of-test-failure/dropped-pairs-counted-as-unknown-support x tests/test_mutation_verdicts.py::TestAnUnverifiedEditCountsForNothing::test_an_unverified_survival_produces_no_verdict
    not asked: the test still passed when this defect was injected, and 2 other candidate test(s) failed under the same edit. The edit was not verified, so this is not evidence that the test fails to catch the defect.
  [passed_under_edit] dropped-pair-not-demonstration-of-test-failure/dropped-pairs-counted-as-unknown-support x tests/test_mutation_verdicts.py::TestAnUnverifiedEditCountsForNothing::test_its_defect_still_goes_to_the_static_judge
    not asked: the test still passed when this defect was injected, and 2 other candidate test(s) failed under the same edit. The edit was not verified, so this is not evidence that the test fails to catch the defect.
  [passed_under_edit] dropped-pair-not-demonstration-of-test-failure/dropped-pairs-counted-as-unknown-support x tests/test_mutation_verdicts.py::TestAnUnverifiedEditCountsForNothing::test_the_criterion_it_belongs_to_stays_static
    not asked: the test still passed when this defect was injected, and 2 other candidate test(s) failed under the same edit. The edit was not verified, so this is not evidence that the test fails to catch the defect.
  [passed_under_edit] dropped-pair-not-demonstration-of-test-failure/dropped-pairs-counted-as-unknown-support x tests/test_mutation_verdicts.py::TestTheRatingReadsBoth::test_a_defect_with_no_verdict_at_all_holds_it_at_static
    not asked: the test still passed when this defect was injected, and 2 other candidate test(s) failed under the same edit. The edit was not verified, so this is not evidence that the test fails to catch the defect.
  [passed_under_edit] dropped-pair-not-demonstration-of-test-failure/dropped-pairs-counted-as-unknown-support x tests/test_mutation_verdicts.py::TestTheRatingReadsBoth::test_a_fully_executed_criterion_reaches_the_defect_killed_tier
    not asked: the test still passed when this defect was injected, and 2 other candidate test(s) failed under the same edit. The edit was not verified, so this is not evidence that the test fails to catch the defect.
  [passed_under_edit] dropped-pair-not-demonstration-of-test-failure/dropped-pairs-counted-as-unknown-support x tests/test_mutation_verdicts.py::TestTheRatingReadsBoth::test_a_predicted_kill_does_not_borrow_an_executed_survival_tier
    not asked: the test still passed when this defect was injected, and 2 other candidate test(s) failed under the same edit. The edit was not verified, so this is not evidence that the test fails to catch the defect.
  [passed_under_edit] dropped-pair-not-demonstration-of-test-failure/dropped-pairs-counted-as-unknown-support x tests/test_mutation_verdicts.py::TestTheRatingReadsBoth::test_a_review_with_no_execution_is_unchanged
    not asked: the test still passed when this defect was injected, and 2 other candidate test(s) failed under the same edit. The edit was not verified, so this is not evidence that the test fails to catch the defect.
  [passed_under_edit] dropped-pair-not-demonstration-of-test-failure/dropped-pairs-counted-as-unknown-support x tests/test_mutation_verdicts.py::TestTheRatingReadsBoth::test_an_executed_kill_counts_toward_coverage
    not asked: the test still passed when this defect was injected, and 2 other candidate test(s) failed under the same edit. The edit was not verified, so this is not evidence that the test fails to catch the defect.
  [passed_under_edit] dropped-pair-not-demonstration-of-test-failure/dropped-pairs-counted-as-unknown-support x tests/test_mutation_verdicts.py::TestTheRatingReadsBoth::test_an_executed_kill_is_not_dragged_down_by_a_predicted_verdict_on_the_same_defect
    not asked: the test still passed when this defect was injected, and 2 other candidate test(s) failed under the same edit. The edit was not verified, so this is not evidence that the test fails to catch the defect.
  [passed_under_edit] dropped-pair-not-demonstration-of-test-failure/dropped-pairs-counted-as-unknown-support x tests/test_mutation_verdicts.py::TestTheRatingReadsBoth::test_an_executed_kill_outranks_a_predicted_kill_on_the_same_defect
    not asked: the test still passed when this defect was injected, and 2 other candidate test(s) failed under the same edit. The edit was not verified, so this is not evidence that the test fails to catch the defect.
  [passed_under_edit] dropped-pair-not-demonstration-of-test-failure/dropped-pairs-counted-as-unknown-support x tests/test_mutation_verdicts.py::TestTheRatingReadsBoth::test_an_executed_survival_on_every_test_reaches_the_defect_killed_tier
    not asked: the test still passed when this defect was injected, and 2 other candidate test(s) failed under the same edit. The edit was not verified, so this is not evidence that the test fails to catch the defect.
  [passed_under_edit] dropped-pair-not-demonstration-of-test-failure/dropped-pairs-counted-as-unknown-support x tests/test_mutation_verdicts.py::TestTheRatingReadsBoth::test_an_uncovered_defect_is_only_as_known_as_its_weakest_verdict
    not asked: the test still passed when this defect was injected, and 2 other candidate test(s) failed under the same edit. The edit was not verified, so this is not evidence that the test fails to catch the defect.
  [passed_under_edit] dropped-pair-not-demonstration-of-test-failure/dropped-pairs-counted-as-unknown-support x tests/test_mutation_verdicts.py::TestTheRatingReadsBoth::test_one_predicted_defect_holds_the_criterion_at_static
    not asked: the test still passed when this defect was injected, and 2 other candidate test(s) failed under the same edit. The edit was not verified, so this is not evidence that the test fails to catch the defect.
  [passed_under_edit] dropped-pair-not-demonstration-of-test-failure/dropped-pairs-counted-as-unknown-support x tests/test_mutation_verdicts.py::TestVerdictsFrom::test_a_kill_records_the_red_test_as_killing
    not asked: the test still passed when this defect was injected, and 2 other candidate test(s) failed under the same edit. The edit was not verified, so this is not evidence that the test fails to catch the defect.
  [passed_under_edit] dropped-pair-not-demonstration-of-test-failure/dropped-pairs-counted-as-unknown-support x tests/test_mutation_verdicts.py::TestVerdictsFrom::test_a_survival_records_every_test_as_not_killing
    not asked: the test still passed when this defect was injected, and 2 other candidate test(s) failed under the same edit. The edit was not verified, so this is not evidence that the test fails to catch the defect.
  [passed_under_edit] dropped-pair-not-demonstration-of-test-failure/dropped-pairs-counted-as-unknown-support x tests/test_mutation_verdicts.py::TestVerdictsFrom::test_an_unsettled_attempt_produces_no_verdict
    not asked: the test still passed when this defect was injected, and 2 other candidate test(s) failed under the same edit. The edit was not verified, so this is not evidence that the test fails to catch the defect.
  [passed_under_edit] dropped-pair-not-demonstration-of-test-failure/dropped-pairs-counted-as-unknown-support x tests/test_mutation_verdicts.py::TestVerdictsFrom::test_every_test_the_mutant_ran_against_gets_a_verdict
    not asked: the test still passed when this defect was injected, and 2 other candidate test(s) failed under the same edit. The edit was not verified, so this is not evidence that the test fails to catch the defect.
  [passed_under_edit] dropped-pair-not-demonstration-of-test-failure/dropped-pairs-counted-as-unknown-support x tests/test_mutation_verdicts.py::TestVerdictsFrom::test_executed_verdicts_carry_the_defect_killed_tier
    not asked: the test still passed when this defect was injected, and 2 other candidate test(s) failed under the same edit. The edit was not verified, so this is not evidence that the test fails to catch the defect.
  [passed_under_edit] dropped-pair-not-demonstration-of-test-failure/dropped-pairs-counted-as-unknown-support x tests/test_mutation_verdicts.py::TestVerdictsFrom::test_no_carry_key_so_an_executed_verdict_is_never_carried_forward
    not asked: the test still passed when this defect was injected, and 2 other candidate test(s) failed under the same edit. The edit was not verified, so this is not evidence that the test fails to catch the defect.
  [passed_under_edit] dropped-pair-not-demonstration-of-test-failure/dropped-pairs-counted-as-unknown-support x tests/test_mutation_verdicts.py::TestVerdictsFrom::test_the_defect_text_is_carried_so_a_later_run_can_identify_it
    not asked: the test still passed when this defect was injected, and 2 other candidate test(s) failed under the same edit. The edit was not verified, so this is not evidence that the test fails to catch the defect.
  [passed_under_edit] dropped-pair-not-demonstration-of-test-failure/dropped-pairs-counted-as-unknown-support x tests/test_mutation_verdicts.py::TestVerdictsFrom::test_the_reason_says_the_answer_was_observed
    not asked: the test still passed when this defect was injected, and 2 other candidate test(s) failed under the same edit. The edit was not verified, so this is not evidence that the test fails to catch the defect.
  [passed_under_edit] dropped-pair-not-demonstration-of-test-failure/dropped-pairs-counted-as-unknown-support x tests/test_pair_routing.py::TestADroppedPairIsNotASurvival::test_a_prefiltered_pair_still_does_not
    not asked: the test still passed when this defect was injected, and 2 other candidate test(s) failed under the same edit. The edit was not verified, so this is not evidence that the test fails to catch the defect.
  [passed_under_edit] dropped-pair-not-demonstration-of-test-failure/dropped-pairs-counted-as-unknown-support x tests/test_pair_routing.py::TestADroppedPairIsNotASurvival::test_it_contributes_no_verdict_and_no_test_link
    not asked: the test still passed when this defect was injected, and 2 other candidate test(s) failed under the same edit. The edit was not verified, so this is not evidence that the test fails to catch the defect.
  [passed_under_edit] dropped-pair-not-demonstration-of-test-failure/dropped-pairs-counted-as-unknown-support x tests/test_pair_routing.py::TestWhichPairsTheRunAnswers::test_a_settled_attempt_skips_nothing
    not asked: the test still passed when this defect was injected, and 2 other candidate test(s) failed under the same edit. The edit was not verified, so this is not evidence that the test fails to catch the defect.
  [passed_under_edit] dropped-pair-not-demonstration-of-test-failure/dropped-pairs-counted-as-unknown-support x tests/test_pair_routing.py::TestWhichPairsTheRunAnswers::test_a_survival_skips_nothing
    not asked: the test still passed when this defect was injected, and 2 other candidate test(s) failed under the same edit. The edit was not verified, so this is not evidence that the test fails to catch the defect.
  [passed_under_edit] dropped-pair-not-demonstration-of-test-failure/dropped-pairs-counted-as-unknown-support x tests/test_pair_routing.py::TestWhichPairsTheRunAnswers::test_a_test_that_failed_under_the_edit_is_still_asked
    not asked: the test still passed when this defect was injected, and 2 other candidate test(s) failed under the same edit. The edit was not verified, so this is not evidence that the test fails to catch the defect.
  [passed_under_edit] dropped-pair-not-demonstration-of-test-failure/dropped-pairs-counted-as-unknown-support x tests/test_pair_routing.py::TestWhichPairsTheRunAnswers::test_a_test_that_kept_passing_under_the_edit_is_not_asked
    not asked: the test still passed when this defect was injected, and 2 other candidate test(s) failed under the same edit. The edit was not verified, so this is not evidence that the test fails to catch the defect.
  [passed_under_edit] dropped-pair-not-demonstration-of-test-failure/dropped-pairs-counted-as-unknown-support x tests/test_pair_routing.py::TestWhichPairsTheRunAnswers::test_the_reason_says_the_edit_was_not_verified
    not asked: the test still passed when this defect was injected, and 2 other candidate test(s) failed under the same edit. The edit was not verified, so this is not evidence that the test fails to catch the defect.
  [passed_under_edit] dropped-pair-not-demonstration-of-test-failure/dropped-pairs-counted-as-unknown-support x tests/test_supplied_ids.py::test_a_clean_answer_records_nothing_and_keeps_its_negative_verdicts
    not asked: the test still passed when this defect was injected, and 2 other candidate test(s) failed under the same edit. The edit was not verified, so this is not evidence that the test fails to catch the defect.
  [passed_under_edit] dropped-pair-not-demonstration-of-test-failure/dropped-pairs-counted-as-unknown-support x tests/test_supplied_ids.py::test_a_foreign_defect_id_is_recorded_not_silently_dropped
    not asked: the test still passed when this defect was injected, and 2 other candidate test(s) failed under the same edit. The edit was not verified, so this is not evidence that the test fails to catch the defect.
  [passed_under_edit] dropped-pair-not-demonstration-of-test-failure/dropped-pairs-counted-as-unknown-support x tests/test_supplied_ids.py::test_the_schema_asked_for_differs_from_the_shape_parsed
    not asked: the test still passed when this defect was injected, and 2 other candidate test(s) failed under the same edit. The edit was not verified, so this is not evidence that the test fails to catch the defect.
  [passed_under_edit] dropped-pair-not-demonstration-of-test-failure/dropped-pairs-counted-as-unknown-support x tests/test_unverified_mutation_is_inert.py::TestNothingDerivesFromIt::test_no_test_is_credited_to_the_criterion
    not asked: the test still passed when this defect was injected, and 2 other candidate test(s) failed under the same edit. The edit was not verified, so this is not evidence that the test fails to catch the defect.
  [passed_under_edit] dropped-pair-not-demonstration-of-test-failure/dropped-pairs-counted-as-unknown-support x tests/test_unverified_mutation_is_inert.py::TestNothingDerivesFromIt::test_the_defect_still_reaches_the_static_judge
    not asked: the test still passed when this defect was injected, and 2 other candidate test(s) failed under the same edit. The edit was not verified, so this is not evidence that the test fails to catch the defect.
  [passed_under_edit] dropped-pair-not-demonstration-of-test-failure/dropped-pairs-counted-as-unknown-support x tests/test_unverified_mutation_is_inert.py::TestNothingDerivesFromIt::test_the_evidence_class_is_unchanged
    not asked: the test still passed when this defect was injected, and 2 other candidate test(s) failed under the same edit. The edit was not verified, so this is not evidence that the test fails to catch the defect.
  [passed_under_edit] dropped-pair-not-demonstration-of-test-failure/dropped-pairs-counted-as-unknown-support x tests/test_unverified_mutation_is_inert.py::TestNothingDerivesFromIt::test_the_rating_stays_at_the_static_tier
    not asked: the test still passed when this defect was injected, and 2 other candidate test(s) failed under the same edit. The edit was not verified, so this is not evidence that the test fails to catch the defect.
  [passed_under_edit] dropped-pair-not-demonstration-of-test-failure/dropped-pairs-counted-as-unknown-support x tests/test_unverified_mutation_is_inert.py::test_a_verified_attempt_does_contribute_verdicts
    not asked: the test still passed when this defect was injected, and 2 other candidate test(s) failed under the same edit. The edit was not verified, so this is not evidence that the test fails to catch the defect.
  [passed_under_edit] dropped-pair-not-demonstration-of-test-failure/dropped-pairs-counted-as-unknown-support x tests/test_unverified_mutation_is_inert.py::test_an_unverified_attempt_contributes_no_verdict
    not asked: the test still passed when this defect was injected, and 2 other candidate test(s) failed under the same edit. The edit was not verified, so this is not evidence that the test fails to catch the defect.
  [passed_under_edit] dropped-pair-not-demonstration-of-test-failure/dropped-pairs-counted-as-unknown-support x tests/test_verdict.py::test_a_tests_only_obligation_is_still_judged_on_its_test_evidence
    not asked: the test still passed when this defect was injected, and 2 other candidate test(s) failed under the same edit. The edit was not verified, so this is not evidence that the test fails to catch the defect.
  [unanswered] dropped-pairs-count/dropped-pairs-not-threaded-into-judge_pairs x tests/test_unverified_mutation_is_inert.py::test_a_verified_attempt_does_contribute_verdicts
    offered to the judge and not answered; no verdict was produced
  [unanswered] dropped-pairs-count/dropped-pairs-not-threaded-into-judge_pairs x tests/test_unverified_mutation_is_inert.py::test_an_unverified_attempt_contributes_no_verdict
    offered to the judge and not answered; no verdict was produced
  [unanswered] dropping-pairs-can-be-turned-off/pair-routing-flag-not-threaded-into-review x tests/test_unverified_mutation_is_inert.py::test_a_verified_attempt_does_contribute_verdicts
    offered to the judge and not answered; no verdict was produced
  [unanswered] dropping-pairs-can-be-turned-off/pair-routing-flag-not-threaded-into-review x tests/test_unverified_mutation_is_inert.py::test_an_unverified_attempt_contributes_no_verdict
    offered to the judge and not answered; no verdict was produced
  [passed_under_edit] dropping-pairs-can-be-turned-off/route-pairs-defaults-to-on x tests/benchmark/test_corpus.py::test_every_case_is_traceable_to_the_judgement_it_came_from
    not asked: the test still passed when this defect was injected, and 2 other candidate test(s) failed under the same edit. The edit was not verified, so this is not evidence that the test fails to catch the defect.
  [passed_under_edit] dropping-pairs-can-be-turned-off/route-pairs-defaults-to-on x tests/benchmark/test_coverage.py::test_cli_and_benchmark_share_one_pipeline
    not asked: the test still passed when this defect was injected, and 2 other candidate test(s) failed under the same edit. The edit was not verified, so this is not evidence that the test fails to catch the defect.
  [passed_under_edit] dropping-pairs-can-be-turned-off/route-pairs-defaults-to-on x tests/benchmark/test_instability.py::test_a_caller_supplied_model_set_is_actually_measured
    not asked: the test still passed when this defect was injected, and 2 other candidate test(s) failed under the same edit. The edit was not verified, so this is not evidence that the test fails to catch the defect.
  [passed_under_edit] dropping-pairs-can-be-turned-off/route-pairs-defaults-to-on x tests/benchmark/test_instability.py::test_a_flipped_evidence_class_is_content_and_never_shape
    not asked: the test still passed when this defect was injected, and 2 other candidate test(s) failed under the same edit. The edit was not verified, so this is not evidence that the test fails to catch the defect.
  [passed_under_edit] dropping-pairs-can-be-turned-off/route-pairs-defaults-to-on x tests/benchmark/test_instability.py::test_a_flipped_pair_verdict_is_reported_per_pair
    not asked: the test still passed when this defect was injected, and 2 other candidate test(s) failed under the same edit. The edit was not verified, so this is not evidence that the test fails to catch the defect.
  [passed_under_edit] dropping-pairs-can-be-turned-off/route-pairs-defaults-to-on x tests/benchmark/test_instability.py::test_a_lost_obligation_is_reported_as_a_content_difference
    not asked: the test still passed when this defect was injected, and 2 other candidate test(s) failed under the same edit. The edit was not verified, so this is not evidence that the test fails to catch the defect.
  [passed_under_edit] dropping-pairs-can-be-turned-off/route-pairs-defaults-to-on x tests/benchmark/test_instability.py::test_a_model_that_cannot_make_up_its_mind_does_not_count_as_agreeing
    not asked: the test still passed when this defect was injected, and 2 other candidate test(s) failed under the same edit. The edit was not verified, so this is not evidence that the test fails to catch the defect.
  [passed_under_edit] dropping-pairs-can-be-turned-off/route-pairs-defaults-to-on x tests/benchmark/test_instability.py::test_a_perturbation_run_is_included_when_one_is_supplied
    not asked: the test still passed when this defect was injected, and 2 other candidate test(s) failed under the same edit. The edit was not verified, so this is not evidence that the test fails to catch the defect.
  [passed_under_edit] dropping-pairs-can-be-turned-off/route-pairs-defaults-to-on x tests/benchmark/test_instability.py::test_a_repartitioned_obligation_is_reported_as_a_shape_difference
    not asked: the test still passed when this defect was injected, and 2 other candidate test(s) failed under the same edit. The edit was not verified, so this is not evidence that the test fails to catch the defect.
  [passed_under_edit] dropping-pairs-can-be-turned-off/route-pairs-defaults-to-on x tests/benchmark/test_instability.py::test_an_oscillating_open_question_is_a_content_difference
    not asked: the test still passed when this defect was injected, and 2 other candidate test(s) failed under the same edit. The edit was not verified, so this is not evidence that the test fails to catch the defect.
  [passed_under_edit] dropping-pairs-can-be-turned-off/route-pairs-defaults-to-on x tests/benchmark/test_instability.py::test_an_unanswered_subject_counts_as_content_not_shape
    not asked: the test still passed when this defect was injected, and 2 other candidate test(s) failed under the same edit. The edit was not verified, so this is not evidence that the test fails to catch the defect.
  [passed_under_edit] dropping-pairs-can-be-turned-off/route-pairs-defaults-to-on x tests/benchmark/test_instability.py::test_an_unmatched_statement_covered_by_nothing_is_a_content_difference
    not asked: the test still passed when this defect was injected, and 2 other candidate test(s) failed under the same edit. The edit was not verified, so this is not evidence that the test fails to catch the defect.
  [passed_under_edit] dropping-pairs-can-be-turned-off/route-pairs-defaults-to-on x tests/benchmark/test_instability.py::test_an_unmatched_statement_covered_by_the_other_set_is_a_shape_difference
    not asked: the test still passed when this defect was injected, and 2 other candidate test(s) failed under the same edit. The edit was not verified, so this is not evidence that the test fails to catch the defect.
  [passed_under_edit] dropping-pairs-can-be-turned-off/route-pairs-defaults-to-on x tests/benchmark/test_instability.py::test_content_and_shape_are_reported_as_separate_figures
    not asked: the test still passed when this defect was injected, and 2 other candidate test(s) failed under the same edit. The edit was not verified, so this is not evidence that the test fails to catch the defect.
  [passed_under_edit] dropping-pairs-can-be-turned-off/route-pairs-defaults-to-on x tests/benchmark/test_instability.py::test_content_and_shape_counts_diverge_when_both_kinds_occur
    not asked: the test still passed when this defect was injected, and 2 other candidate test(s) failed under the same edit. The edit was not verified, so this is not evidence that the test fails to catch the defect.
  [passed_under_edit] dropping-pairs-can-be-turned-off/route-pairs-defaults-to-on x tests/benchmark/test_instability.py::test_cross_model_agreement_covers_every_judgement_axis
    not asked: the test still passed when this defect was injected, and 2 other candidate test(s) failed under the same edit. The edit was not verified, so this is not evidence that the test fails to catch the defect.
  [passed_under_edit] dropping-pairs-can-be-turned-off/route-pairs-defaults-to-on x tests/benchmark/test_instability.py::test_cross_model_agreement_is_none_with_a_single_model
    not asked: the test still passed when this defect was injected, and 2 other candidate test(s) failed under the same edit. The edit was not verified, so this is not evidence that the test fails to catch the defect.
  [passed_under_edit] dropping-pairs-can-be-turned-off/route-pairs-defaults-to-on x tests/benchmark/test_instability.py::test_cross_model_agreement_is_reported_alongside_within_model_variance
    not asked: the test still passed when this defect was injected, and 2 other candidate test(s) failed under the same edit. The edit was not verified, so this is not evidence that the test fails to catch the defect.
  [passed_under_edit] dropping-pairs-can-be-turned-off/route-pairs-defaults-to-on x tests/benchmark/test_instability.py::test_decomposition_variation_is_surfaced_and_not_only_evidence_variation
    not asked: the test still passed when this defect was injected, and 2 other candidate test(s) failed under the same edit. The edit was not verified, so this is not evidence that the test fails to catch the defect.
  [passed_under_edit] dropping-pairs-can-be-turned-off/route-pairs-defaults-to-on x tests/benchmark/test_instability.py::test_evidence_class_distribution_counts_every_draw
    not asked: the test still passed when this defect was injected, and 2 other candidate test(s) failed under the same edit. The edit was not verified, so this is not evidence that the test fails to catch the defect.
  [passed_under_edit] dropping-pairs-can-be-turned-off/route-pairs-defaults-to-on x tests/benchmark/test_instability.py::test_matching_ids_with_different_text_are_not_treated_as_the_same_obligation
    not asked: the test still passed when this defect was injected, and 2 other candidate test(s) failed under the same edit. The edit was not verified, so this is not evidence that the test fails to catch the defect.
  [passed_under_edit] dropping-pairs-can-be-turned-off/route-pairs-defaults-to-on x tests/benchmark/test_instability.py::test_measure_instability_records_the_conditions_that_produced_it
    not asked: the test still passed when this defect was injected, and 2 other candidate test(s) failed under the same edit. The edit was not verified, so this is not evidence that the test fails to catch the defect.
  [passed_under_edit] dropping-pairs-can-be-turned-off/route-pairs-defaults-to-on x tests/benchmark/test_instability.py::test_measure_instability_varies_the_seed_across_runs
    not asked: the test still passed when this defect was injected, and 2 other candidate test(s) failed under the same edit. The edit was not verified, so this is not evidence that the test fails to catch the defect.
  [passed_under_edit] dropping-pairs-can-be-turned-off/route-pairs-defaults-to-on x tests/benchmark/test_instability.py::test_measuring_variance_requires_at_least_two_runs
    not asked: the test still passed when this defect was injected, and 2 other candidate test(s) failed under the same edit. The edit was not verified, so this is not evidence that the test fails to catch the defect.
  [passed_under_edit] dropping-pairs-can-be-turned-off/route-pairs-defaults-to-on x tests/benchmark/test_instability.py::test_no_ci_workflow_invokes_the_instability_harness
    not asked: the test still passed when this defect was injected, and 2 other candidate test(s) failed under the same edit. The edit was not verified, so this is not evidence that the test fails to catch the defect.
  [passed_under_edit] dropping-pairs-can-be-turned-off/route-pairs-defaults-to-on x tests/benchmark/test_instability.py::test_obligations_align_by_content_even_when_their_ids_differ
    not asked: the test still passed when this defect was injected, and 2 other candidate test(s) failed under the same edit. The edit was not verified, so this is not evidence that the test fails to catch the defect.
  [passed_under_edit] dropping-pairs-can-be-turned-off/route-pairs-defaults-to-on x tests/benchmark/test_instability.py::test_observations_do_not_leak_between_clients
    not asked: the test still passed when this defect was injected, and 2 other candidate test(s) failed under the same edit. The edit was not verified, so this is not evidence that the test fails to catch the defect.
  [passed_under_edit] dropping-pairs-can-be-turned-off/route-pairs-defaults-to-on x tests/benchmark/test_instability.py::test_omitted_parameters_fall_back_to_the_declared_defaults
    not asked: the test still passed when this defect was injected, and 2 other candidate test(s) failed under the same edit. The edit was not verified, so this is not evidence that the test fails to catch the defect.
  [passed_under_edit] dropping-pairs-can-be-turned-off/route-pairs-defaults-to-on x tests/benchmark/test_instability.py::test_perturbation_sensitivity_is_a_proportion_of_watched_judgements
    not asked: the test still passed when this defect was injected, and 2 other candidate test(s) failed under the same edit. The edit was not verified, so this is not evidence that the test fails to catch the defect.
  [passed_under_edit] dropping-pairs-can-be-turned-off/route-pairs-defaults-to-on x tests/benchmark/test_instability.py::test_perturbation_sensitivity_is_none_when_nothing_was_watched
    not asked: the test still passed when this defect was injected, and 2 other candidate test(s) failed under the same edit. The edit was not verified, so this is not evidence that the test fails to catch the defect.
  [passed_under_edit] dropping-pairs-can-be-turned-off/route-pairs-defaults-to-on x tests/benchmark/test_instability.py::test_presence_rows_show_an_obligation_missing_from_some_runs
    not asked: the test still passed when this defect was injected, and 2 other candidate test(s) failed under the same edit. The edit was not verified, so this is not evidence that the test fails to catch the defect.
  [passed_under_edit] dropping-pairs-can-be-turned-off/route-pairs-defaults-to-on x tests/benchmark/test_instability.py::test_run_once_drives_the_real_pipeline_and_snapshots_its_output
    not asked: the test still passed when this defect was injected, and 2 other candidate test(s) failed under the same edit. The edit was not verified, so this is not evidence that the test fails to catch the defect.
  [passed_under_edit] dropping-pairs-can-be-turned-off/route-pairs-defaults-to-on x tests/benchmark/test_instability.py::test_runs_are_recorded_live_and_never_replayed
    not asked: the test still passed when this defect was injected, and 2 other candidate test(s) failed under the same edit. The edit was not verified, so this is not evidence that the test fails to catch the defect.
  [passed_under_edit] dropping-pairs-can-be-turned-off/route-pairs-defaults-to-on x tests/benchmark/test_instability.py::test_seeds_are_derived_so_a_measurement_is_repeatable_from_its_provenance
    not asked: the test still passed when this defect was injected, and 2 other candidate test(s) failed under the same edit. The edit was not verified, so this is not evidence that the test fails to catch the defect.
  [passed_under_edit] dropping-pairs-can-be-turned-off/route-pairs-defaults-to-on x tests/benchmark/test_instability.py::test_the_default_run_count_produces_three_runs_per_model
    not asked: the test still passed when this defect was injected, and 2 other candidate test(s) failed under the same edit. The edit was not verified, so this is not evidence that the test fails to catch the defect.
  [passed_under_edit] dropping-pairs-can-be-turned-off/route-pairs-defaults-to-on x tests/benchmark/test_instability.py::test_the_default_run_is_one_model_and_three_runs
    not asked: the test still passed when this defect was injected, and 2 other candidate test(s) failed under the same edit. The edit was not verified, so this is not evidence that the test fails to catch the defect.
  [passed_under_edit] dropping-pairs-can-be-turned-off/route-pairs-defaults-to-on x tests/benchmark/test_instability.py::test_the_harness_reports_variance_without_reducing_it
    not asked: the test still passed when this defect was injected, and 2 other candidate test(s) failed under the same edit. The edit was not verified, so this is not evidence that the test fails to catch the defect.
  [passed_under_edit] dropping-pairs-can-be-turned-off/route-pairs-defaults-to-on x tests/benchmark/test_instability.py::test_the_harness_uses_the_benchmark_variance_path_and_not_a_second_one
    not asked: the test still passed when this defect was injected, and 2 other candidate test(s) failed under the same edit. The edit was not verified, so this is not evidence that the test fails to catch the defect.
  [passed_under_edit] dropping-pairs-can-be-turned-off/route-pairs-defaults-to-on x tests/benchmark/test_instability.py::test_the_observing_client_does_not_change_what_the_pipeline_produces
    not asked: the test still passed when this defect was injected, and 2 other candidate test(s) failed under the same edit. The edit was not verified, so this is not evidence that the test fails to catch the defect.
  [passed_under_edit] dropping-pairs-can-be-turned-off/route-pairs-defaults-to-on x tests/benchmark/test_instability.py::test_the_perturbation_adds_a_test_that_asserts_nothing_about_the_change
    not asked: the test still passed when this defect was injected, and 2 other candidate test(s) failed under the same edit. The edit was not verified, so this is not evidence that the test fails to catch the defect.
  [passed_under_edit] dropping-pairs-can-be-turned-off/route-pairs-defaults-to-on x tests/benchmark/test_instability.py::test_the_perturbation_never_writes_into_the_repository_under_review
    not asked: the test still passed when this defect was injected, and 2 other candidate test(s) failed under the same edit. The edit was not verified, so this is not evidence that the test fails to catch the defect.
  [passed_under_edit] dropping-pairs-can-be-turned-off/route-pairs-defaults-to-on x tests/benchmark/test_instability.py::test_the_report_carries_no_pass_fail_or_threshold_field
    not asked: the test still passed when this defect was injected, and 2 other candidate test(s) failed under the same edit. The edit was not verified, so this is not evidence that the test fails to catch the defect.
  [passed_under_edit] dropping-pairs-can-be-turned-off/route-pairs-defaults-to-on x tests/benchmark/test_instability.py::test_the_three_movement_sources_are_reported_as_distinct_figures
    not asked: the test still passed when this defect was injected, and 2 other candidate test(s) failed under the same edit. The edit was not verified, so this is not evidence that the test fails to catch the defect.
  [passed_under_edit] dropping-pairs-can-be-turned-off/route-pairs-defaults-to-on x tests/benchmark/test_instability.py::test_with_no_counterpart_set_at_all_everything_is_content
    not asked: the test still passed when this defect was injected, and 2 other candidate test(s) failed under the same edit. The edit was not verified, so this is not evidence that the test fails to catch the defect.
  [passed_under_edit] dropping-pairs-can-be-turned-off/route-pairs-defaults-to-on x tests/benchmark/test_rating_regression.py::test_the_case_set_can_catch_a_judge_erring_either_way
    not asked: the test still passed when this defect was injected, and 2 other candidate test(s) failed under the same edit. The edit was not verified, so this is not evidence that the test fails to catch the defect.
  [passed_under_edit] dropping-pairs-can-be-turned-off/route-pairs-defaults-to-on x tests/defects/test_pair_mapping.py::test_a_continued_run_carries_verdicts_through_the_ledger
    not asked: the test still passed when this defect was injected, and 2 other candidate test(s) failed under the same edit. The edit was not verified, so this is not evidence that the test fails to catch the defect.
  [passed_under_edit] dropping-pairs-can-be-turned-off/route-pairs-defaults-to-on x tests/defects/test_pair_mapping.py::test_a_defect_whose_asked_pairs_yield_no_kill_has_its_skipped_pairs_judged
    not asked: the test still passed when this defect was injected, and 2 other candidate test(s) failed under the same edit. The edit was not verified, so this is not evidence that the test fails to catch the defect.
  [passed_under_edit] dropping-pairs-can-be-turned-off/route-pairs-defaults-to-on x tests/defects/test_pair_mapping.py::test_a_failing_answer_with_no_reason_is_not_kept_as_a_verdict
    not asked: the test still passed when this defect was injected, and 2 other candidate test(s) failed under the same edit. The edit was not verified, so this is not evidence that the test fails to catch the defect.
  [passed_under_edit] dropping-pairs-can-be-turned-off/route-pairs-defaults-to-on x tests/defects/test_pair_mapping.py::test_a_kill_on_an_asked_pair_keeps_the_saving
    not asked: the test still passed when this defect was injected, and 2 other candidate test(s) failed under the same edit. The edit was not verified, so this is not evidence that the test fails to catch the defect.
  [passed_under_edit] dropping-pairs-can-be-turned-off/route-pairs-defaults-to-on x tests/defects/test_pair_mapping.py::test_a_pair_the_judge_never_answers_is_recorded_not_read_as_surviving
    not asked: the test still passed when this defect was injected, and 2 other candidate test(s) failed under the same edit. The edit was not verified, so this is not evidence that the test fails to catch the defect.
  [passed_under_edit] dropping-pairs-can-be-turned-off/route-pairs-defaults-to-on x tests/defects/test_pair_mapping.py::test_a_ragged_pair_set_is_still_split_into_rectangles
    not asked: the test still passed when this defect was injected, and 2 other candidate test(s) failed under the same edit. The edit was not verified, so this is not evidence that the test fails to catch the defect.
  [passed_under_edit] dropping-pairs-can-be-turned-off/route-pairs-defaults-to-on x tests/defects/test_pair_mapping.py::test_a_skipped_pair_comes_back_unjudged_with_its_reason
    not asked: the test still passed when this defect was injected, and 2 other candidate test(s) failed under the same edit. The edit was not verified, so this is not evidence that the test fails to catch the defect.
  [passed_under_edit] dropping-pairs-can-be-turned-off/route-pairs-defaults-to-on x tests/defects/test_pair_mapping.py::test_a_skipped_pair_is_never_offered_to_the_model
    not asked: the test still passed when this defect was injected, and 2 other candidate test(s) failed under the same edit. The edit was not verified, so this is not evidence that the test fails to catch the defect.
  [passed_under_edit] dropping-pairs-can-be-turned-off/route-pairs-defaults-to-on x tests/defects/test_pair_mapping.py::test_a_surviving_answer_carrying_a_reason_is_not_kept_as_a_verdict
    not asked: the test still passed when this defect was injected, and 2 other candidate test(s) failed under the same edit. The edit was not verified, so this is not evidence that the test fails to catch the defect.
  [passed_under_edit] dropping-pairs-can-be-turned-off/route-pairs-defaults-to-on x tests/defects/test_pair_mapping.py::test_a_surviving_answer_carrying_an_empty_reason_is_still_a_verdict
    not asked: the test still passed when this defect was injected, and 2 other candidate test(s) failed under the same edit. The edit was not verified, so this is not evidence that the test fails to catch the defect.
  [passed_under_edit] dropping-pairs-can-be-turned-off/route-pairs-defaults-to-on x tests/defects/test_pair_mapping.py::test_a_surviving_pair_is_stored_without_a_reason
    not asked: the test still passed when this defect was injected, and 2 other candidate test(s) failed under the same edit. The edit was not verified, so this is not evidence that the test fails to catch the defect.
  [passed_under_edit] dropping-pairs-can-be-turned-off/route-pairs-defaults-to-on x tests/defects/test_pair_mapping.py::test_a_verdict_is_produced_again_when_its_defect_changed
    not asked: the test still passed when this defect was injected, and 2 other candidate test(s) failed under the same edit. The edit was not verified, so this is not evidence that the test fails to catch the defect.
  [passed_under_edit] dropping-pairs-can-be-turned-off/route-pairs-defaults-to-on x tests/defects/test_pair_mapping.py::test_a_verdict_is_produced_again_when_the_tests_source_changed
    not asked: the test still passed when this defect was injected, and 2 other candidate test(s) failed under the same edit. The edit was not verified, so this is not evidence that the test fails to catch the defect.
  [passed_under_edit] dropping-pairs-can-be-turned-off/route-pairs-defaults-to-on x tests/defects/test_pair_mapping.py::test_a_verdict_is_reused_when_its_defect_and_its_test_are_both_unchanged
    not asked: the test still passed when this defect was injected, and 2 other candidate test(s) failed under the same edit. The edit was not verified, so this is not evidence that the test fails to catch the defect.
  [passed_under_edit] dropping-pairs-can-be-turned-off/route-pairs-defaults-to-on x tests/defects/test_pair_mapping.py::test_adding_one_test_judges_only_that_tests_pairs
    not asked: the test still passed when this defect was injected, and 2 other candidate test(s) failed under the same edit. The edit was not verified, so this is not evidence that the test fails to catch the defect.
  [passed_under_edit] dropping-pairs-can-be-turned-off/route-pairs-defaults-to-on x tests/defects/test_pair_mapping.py::test_changing_how_many_tests_share_a_call_invalidates_the_transcripts
    not asked: the test still passed when this defect was injected, and 2 other candidate test(s) failed under the same edit. The edit was not verified, so this is not evidence that the test fails to catch the defect.
  [passed_under_edit] dropping-pairs-can-be-turned-off/route-pairs-defaults-to-on x tests/defects/test_pair_mapping.py::test_defect_text_ignores_the_defect_id
    not asked: the test still passed when this defect was injected, and 2 other candidate test(s) failed under the same edit. The edit was not verified, so this is not evidence that the test fails to catch the defect.
  [passed_under_edit] dropping-pairs-can-be-turned-off/route-pairs-defaults-to-on x tests/defects/test_pair_mapping.py::test_every_offered_pair_comes_back_with_a_verdict
    not asked: the test still passed when this defect was injected, and 2 other candidate test(s) failed under the same edit. The edit was not verified, so this is not evidence that the test fails to catch the defect.
  [passed_under_edit] dropping-pairs-can-be-turned-off/route-pairs-defaults-to-on x tests/defects/test_pair_mapping.py::test_every_request_is_a_full_rectangle
    not asked: the test still passed when this defect was injected, and 2 other candidate test(s) failed under the same edit. The edit was not verified, so this is not evidence that the test fails to catch the defect.
  [passed_under_edit] dropping-pairs-can-be-turned-off/route-pairs-defaults-to-on x tests/defects/test_pair_mapping.py::test_no_request_carries_more_judgements_than_the_limit
    not asked: the test still passed when this defect was injected, and 2 other candidate test(s) failed under the same edit. The edit was not verified, so this is not evidence that the test fails to catch the defect.
  [passed_under_edit] dropping-pairs-can-be-turned-off/route-pairs-defaults-to-on x tests/defects/test_pair_mapping.py::test_one_misshapen_answer_does_not_discard_the_rest_of_its_batch
    not asked: the test still passed when this defect was injected, and 2 other candidate test(s) failed under the same edit. The edit was not verified, so this is not evidence that the test fails to catch the defect.
  [passed_under_edit] dropping-pairs-can-be-turned-off/route-pairs-defaults-to-on x tests/defects/test_pair_mapping.py::test_routing_off_asks_about_everything
    not asked: the test still passed when this defect was injected, and 2 other candidate test(s) failed under the same edit. The edit was not verified, so this is not evidence that the test fails to catch the defect.
  [passed_under_edit] dropping-pairs-can-be-turned-off/route-pairs-defaults-to-on x tests/defects/test_pair_mapping.py::test_the_answer_about_a_pair_carries_a_reason_only_where_the_test_would_fail
    not asked: the test still passed when this defect was injected, and 2 other candidate test(s) failed under the same edit. The edit was not verified, so this is not evidence that the test fails to catch the defect.
  [passed_under_edit] dropping-pairs-can-be-turned-off/route-pairs-defaults-to-on x tests/defects/test_pair_mapping.py::test_the_defect_list_sits_in_the_shared_prefix_of_every_call
    not asked: the test still passed when this defect was injected, and 2 other candidate test(s) failed under the same edit. The edit was not verified, so this is not evidence that the test fails to catch the defect.
  [passed_under_edit] dropping-pairs-can-be-turned-off/route-pairs-defaults-to-on x tests/defects/test_pair_mapping.py::test_the_digest_is_per_test_not_per_file
    not asked: the test still passed when this defect was injected, and 2 other candidate test(s) failed under the same edit. The edit was not verified, so this is not evidence that the test fails to catch the defect.
  [passed_under_edit] dropping-pairs-can-be-turned-off/route-pairs-defaults-to-on x tests/defects/test_pair_mapping.py::test_the_prefilter_keeps_its_own_cause
    not asked: the test still passed when this defect was injected, and 2 other candidate test(s) failed under the same edit. The edit was not verified, so this is not evidence that the test fails to catch the defect.
  [passed_under_edit] dropping-pairs-can-be-turned-off/route-pairs-defaults-to-on x tests/defects/test_pair_mapping.py::test_the_question_put_about_a_pair_is_the_failure_question
    not asked: the test still passed when this defect was injected, and 2 other candidate test(s) failed under the same edit. The edit was not verified, so this is not evidence that the test fails to catch the defect.
  [passed_under_edit] dropping-pairs-can-be-turned-off/route-pairs-defaults-to-on x tests/defects/test_pair_mapping.py::test_the_second_pass_happens_before_the_result_is_returned
    not asked: the test still passed when this defect was injected, and 2 other candidate test(s) failed under the same edit. The edit was not verified, so this is not evidence that the test fails to catch the defect.
  [passed_under_edit] dropping-pairs-can-be-turned-off/route-pairs-defaults-to-on x tests/defects/test_pair_mapping.py::test_the_stage_is_byte_identical_when_its_calls_finish_out_of_order
    not asked: the test still passed when this defect was injected, and 2 other candidate test(s) failed under the same edit. The edit was not verified, so this is not evidence that the test fails to catch the defect.
  [passed_under_edit] dropping-pairs-can-be-turned-off/route-pairs-defaults-to-on x tests/defects/test_pair_mapping.py::test_which_pairs_share_a_request_does_not_change_what_carries
    not asked: the test still passed when this defect was injected, and 2 other candidate test(s) failed under the same edit. The edit was not verified, so this is not evidence that the test fails to catch the defect.
  [passed_under_edit] dropping-pairs-can-be-turned-off/route-pairs-defaults-to-on x tests/defects/test_reachability.py::test_excludes_and_records_the_one_provable_shape
    not asked: the test still passed when this defect was injected, and 2 other candidate test(s) failed under the same edit. The edit was not verified, so this is not evidence that the test fails to catch the defect.
  [passed_under_edit] dropping-pairs-can-be-turned-off/route-pairs-defaults-to-on x tests/defects/test_reachability.py::test_judges_a_test_that_names_something_the_defects_file_defines
    not asked: the test still passed when this defect was injected, and 2 other candidate test(s) failed under the same edit. The edit was not verified, so this is not evidence that the test fails to catch the defect.
  [passed_under_edit] dropping-pairs-can-be-turned-off/route-pairs-defaults-to-on x tests/defects/test_reachability.py::test_judges_a_test_that_reaches_the_defect_through_a_helper_module
    not asked: the test still passed when this defect was injected, and 2 other candidate test(s) failed under the same edit. The edit was not verified, so this is not evidence that the test fails to catch the defect.
  [passed_under_edit] dropping-pairs-can-be-turned-off/route-pairs-defaults-to-on x tests/defects/test_reachability.py::test_judges_a_test_that_takes_a_fixture
    not asked: the test still passed when this defect was injected, and 2 other candidate test(s) failed under the same edit. The edit was not verified, so this is not evidence that the test fails to catch the defect.
  [passed_under_edit] dropping-pairs-can-be-turned-off/route-pairs-defaults-to-on x tests/defects/test_reachability.py::test_judges_when_the_defect_implicates_no_file
    not asked: the test still passed when this defect was injected, and 2 other candidate test(s) failed under the same edit. The edit was not verified, so this is not evidence that the test fails to catch the defect.
  [passed_under_edit] dropping-pairs-can-be-turned-off/route-pairs-defaults-to-on x tests/defects/test_reachability.py::test_judges_when_the_module_imports_dynamically
    not asked: the test still passed when this defect was injected, and 2 other candidate test(s) failed under the same edit. The edit was not verified, so this is not evidence that the test fails to catch the defect.
  [passed_under_edit] dropping-pairs-can-be-turned-off/route-pairs-defaults-to-on x tests/defects/test_reachability.py::test_judges_when_the_module_imports_relatively
    not asked: the test still passed when this defect was injected, and 2 other candidate test(s) failed under the same edit. The edit was not verified, so this is not evidence that the test fails to catch the defect.
  [passed_under_edit] dropping-pairs-can-be-turned-off/route-pairs-defaults-to-on x tests/defects/test_support.py::test_a_criterion_whose_only_evidence_is_unjudged_is_indeterminate_not_nominal
    not asked: the test still passed when this defect was injected, and 2 other candidate test(s) failed under the same edit. The edit was not verified, so this is not evidence that the test fails to catch the defect.
  [passed_under_edit] dropping-pairs-can-be-turned-off/route-pairs-defaults-to-on x tests/defects/test_support.py::test_a_criterion_whose_pairs_were_offered_and_unanswered_is_indeterminate
    not asked: the test still passed when this defect was injected, and 2 other candidate test(s) failed under the same edit. The edit was not verified, so this is not evidence that the test fails to catch the defect.
  [passed_under_edit] dropping-pairs-can-be-turned-off/route-pairs-defaults-to-on x tests/defects/test_support.py::test_a_fully_judged_criterion_takes_the_class_its_kill_count_implies
    not asked: the test still passed when this defect was injected, and 2 other candidate test(s) failed under the same edit. The edit was not verified, so this is not evidence that the test fails to catch the defect.
  [passed_under_edit] dropping-pairs-can-be-turned-off/route-pairs-defaults-to-on x tests/defects/test_support.py::test_a_prefilter_exclusion_counts_as_a_surviving_pair_not_an_unknown_one
    not asked: the test still passed when this defect was injected, and 2 other candidate test(s) failed under the same edit. The edit was not verified, so this is not evidence that the test fails to catch the defect.
  [passed_under_edit] dropping-pairs-can-be-turned-off/route-pairs-defaults-to-on x tests/defects/test_support.py::test_an_unjudged_defect_never_reads_as_a_surviving_one
    not asked: the test still passed when this defect was injected, and 2 other candidate test(s) failed under the same edit. The edit was not verified, so this is not evidence that the test fails to catch the defect.
  [passed_under_edit] dropping-pairs-can-be-turned-off/route-pairs-defaults-to-on x tests/defects/test_support.py::test_an_unjudged_defect_stops_a_criterion_reaching_strongly_supported
    not asked: the test still passed when this defect was injected, and 2 other candidate test(s) failed under the same edit. The edit was not verified, so this is not evidence that the test fails to catch the defect.
  [passed_under_edit] dropping-pairs-can-be-turned-off/route-pairs-defaults-to-on x tests/defects/test_support.py::test_test_links_carry_only_the_tests_judged_to_fail_on_a_defect
    not asked: the test still passed when this defect was injected, and 2 other candidate test(s) failed under the same edit. The edit was not verified, so this is not evidence that the test fails to catch the defect.
  [passed_under_edit] dropping-pairs-can-be-turned-off/route-pairs-defaults-to-on x tests/defects/test_support.py::test_the_derivation_makes_no_model_call_and_repeats_exactly
    not asked: the test still passed when this defect was injected, and 2 other candidate test(s) failed under the same edit. The edit was not verified, so this is not evidence that the test fails to catch the defect.
  [passed_under_edit] dropping-pairs-can-be-turned-off/route-pairs-defaults-to-on x tests/fixtures/archetypes/08-unrequested-change-separable/head/test_report.py::test_low_stock_report_filters_by_threshold
    not asked: the test still passed when this defect was injected, and 2 other candidate test(s) failed under the same edit. The edit was not verified, so this is not evidence that the test fails to catch the defect.
  [passed_under_edit] dropping-pairs-can-be-turned-off/route-pairs-defaults-to-on x tests/requirement/test_carry_forward.py::test_the_review_pipeline_carries_forward_and_hands_back_what_it_derived
    not asked: the test still passed when this defect was injected, and 2 other candidate test(s) failed under the same edit. The edit was not verified, so this is not evidence that the test fails to catch the defect.
  [passed_under_edit] dropping-pairs-can-be-turned-off/route-pairs-defaults-to-on x tests/requirement/test_carry_forward.py::test_the_review_pipeline_leaves_no_ledger_behind_when_given_no_sink
    not asked: the test still passed when this defect was injected, and 2 other candidate test(s) failed under the same edit. The edit was not verified, so this is not evidence that the test fails to catch the defect.
  [passed_under_edit] dropping-pairs-can-be-turned-off/route-pairs-defaults-to-on x tests/test_cli_execution.py::TestTheSettingsArrive::test_the_pipeline_is_given_settings_to_decide_with
    not asked: the test still passed when this defect was injected, and 2 other candidate test(s) failed under the same edit. The edit was not verified, so this is not evidence that the test fails to catch the defect.
  [passed_under_edit] dropping-pairs-can-be-turned-off/route-pairs-defaults-to-on x tests/test_execution_decision.py::TestTheDecisionIsAlwaysExplained::test_every_outcome_carries_a_reason
    not asked: the test still passed when this defect was injected, and 2 other candidate test(s) failed under the same edit. The edit was not verified, so this is not evidence that the test fails to catch the defect.
  [passed_under_edit] dropping-pairs-can-be-turned-off/route-pairs-defaults-to-on x tests/test_execution_decision.py::TestWhenItDeclines::test_no_defect_can_be_edited
    not asked: the test still passed when this defect was injected, and 2 other candidate test(s) failed under the same edit. The edit was not verified, so this is not evidence that the test fails to catch the defect.
  [passed_under_edit] dropping-pairs-can-be-turned-off/route-pairs-defaults-to-on x tests/test_execution_decision.py::TestWhenItDeclines::test_no_settings_at_all_is_not_a_run
    not asked: the test still passed when this defect was injected, and 2 other candidate test(s) failed under the same edit. The edit was not verified, so this is not evidence that the test fails to catch the defect.
  [passed_under_edit] dropping-pairs-can-be-turned-off/route-pairs-defaults-to-on x tests/test_execution_decision.py::TestWhenItDeclines::test_nothing_would_consume_the_result
    not asked: the test still passed when this defect was injected, and 2 other candidate test(s) failed under the same edit. The edit was not verified, so this is not evidence that the test fails to catch the defect.
  [passed_under_edit] dropping-pairs-can-be-turned-off/route-pairs-defaults-to-on x tests/test_execution_decision.py::TestWhenItRuns::test_a_result_could_count_and_there_is_something_to_inject
    not asked: the test still passed when this defect was injected, and 2 other candidate test(s) failed under the same edit. The edit was not verified, so this is not evidence that the test fails to catch the defect.
  [passed_under_edit] dropping-pairs-can-be-turned-off/route-pairs-defaults-to-on x tests/test_execution_decision.py::TestWhenItRuns::test_the_reason_says_what_made_it_worth_doing
    not asked: the test still passed when this defect was injected, and 2 other candidate test(s) failed under the same edit. The edit was not verified, so this is not evidence that the test fails to catch the defect.
  [passed_under_edit] dropping-pairs-can-be-turned-off/route-pairs-defaults-to-on x tests/test_mandate_coverage.py::test_a_decline_is_not_re_judged_even_when_the_text_reads_like_a_requirement
    not asked: the test still passed when this defect was injected, and 2 other candidate test(s) failed under the same edit. The edit was not verified, so this is not evidence that the test fails to catch the defect.
  [passed_under_edit] dropping-pairs-can-be-turned-off/route-pairs-defaults-to-on x tests/test_mandate_coverage.py::test_a_requirement_whose_question_the_diff_resolved_counts_as_judged
    not asked: the test still passed when this defect was injected, and 2 other candidate test(s) failed under the same edit. The edit was not verified, so this is not evidence that the test fails to catch the defect.
  [passed_under_edit] dropping-pairs-can-be-turned-off/route-pairs-defaults-to-on x tests/test_mutation_archetype_acceptance.py::TestRoutingChangesNothingHereButTheCost::test_a_survivor_holds_nothing_back_even_with_a_passing_test
    not asked: the test still passed when this defect was injected, and 2 other candidate test(s) failed under the same edit. The edit was not verified, so this is not evidence that the test fails to catch the defect.
  [passed_under_edit] dropping-pairs-can-be-turned-off/route-pairs-defaults-to-on x tests/test_mutation_archetype_acceptance.py::TestRoutingChangesNothingHereButTheCost::test_routing_holds_nothing_back_on_this_fixture
    not asked: the test still passed when this defect was injected, and 2 other candidate test(s) failed under the same edit. The edit was not verified, so this is not evidence that the test fails to catch the defect.
  [passed_under_edit] dropping-pairs-can-be-turned-off/route-pairs-defaults-to-on x tests/test_mutation_archetype_acceptance.py::TestRoutingChangesNothingHereButTheCost::test_the_labelled_kill_is_untouched
    not asked: the test still passed when this defect was injected, and 2 other candidate test(s) failed under the same edit. The edit was not verified, so this is not evidence that the test fails to catch the defect.
  [passed_under_edit] dropping-pairs-can-be-turned-off/route-pairs-defaults-to-on x tests/test_mutation_archetype_acceptance.py::TestTheGroundTruthIsReproduced::test_every_attempt_was_observed_by_execution
    not asked: the test still passed when this defect was injected, and 2 other candidate test(s) failed under the same edit. The edit was not verified, so this is not evidence that the test fails to catch the defect.
  [passed_under_edit] dropping-pairs-can-be-turned-off/route-pairs-defaults-to-on x tests/test_mutation_archetype_acceptance.py::TestTheGroundTruthIsReproduced::test_every_labelled_defect_got_an_attempt
    not asked: the test still passed when this defect was injected, and 2 other candidate test(s) failed under the same edit. The edit was not verified, so this is not evidence that the test fails to catch the defect.
  [passed_under_edit] dropping-pairs-can-be-turned-off/route-pairs-defaults-to-on x tests/test_mutation_archetype_acceptance.py::TestTheGroundTruthIsReproduced::test_the_killing_tests_match_the_labels
    not asked: the test still passed when this defect was injected, and 2 other candidate test(s) failed under the same edit. The edit was not verified, so this is not evidence that the test fails to catch the defect.
  [passed_under_edit] dropping-pairs-can-be-turned-off/route-pairs-defaults-to-on x tests/test_mutation_archetype_acceptance.py::TestTheUpgradeThisMilestoneExistsFor::test_a_defect_the_test_cannot_catch_is_observed_to_survive
    not asked: the test still passed when this defect was injected, and 2 other candidate test(s) failed under the same edit. The edit was not verified, so this is not evidence that the test fails to catch the defect.
  [passed_under_edit] dropping-pairs-can-be-turned-off/route-pairs-defaults-to-on x tests/test_mutation_archetype_acceptance.py::TestTheUpgradeThisMilestoneExistsFor::test_the_defect_the_test_can_catch_is_observed_to_die
    not asked: the test still passed when this defect was injected, and 2 other candidate test(s) failed under the same edit. The edit was not verified, so this is not evidence that the test fails to catch the defect.
  [passed_under_edit] dropping-pairs-can-be-turned-off/route-pairs-defaults-to-on x tests/test_mutation_archetype_acceptance.py::TestTheUpgradeThisMilestoneExistsFor::test_the_injected_edit_is_recorded_for_each
    not asked: the test still passed when this defect was injected, and 2 other candidate test(s) failed under the same edit. The edit was not verified, so this is not evidence that the test fails to catch the defect.
  [passed_under_edit] dropping-pairs-can-be-turned-off/route-pairs-defaults-to-on x tests/test_mutation_archetype_acceptance.py::TestTheUpgradeThisMilestoneExistsFor::test_the_verdicts_reach_the_executed_tier_once_the_edits_are_verified
    not asked: the test still passed when this defect was injected, and 2 other candidate test(s) failed under the same edit. The edit was not verified, so this is not evidence that the test fails to catch the defect.
  [passed_under_edit] dropping-pairs-can-be-turned-off/route-pairs-defaults-to-on x tests/test_mutation_archetype_acceptance.py::TestTheUpgradeThisMilestoneExistsFor::test_without_verification_nothing_reaches_the_executed_tier
    not asked: the test still passed when this defect was injected, and 2 other candidate test(s) failed under the same edit. The edit was not verified, so this is not evidence that the test fails to catch the defect.
  [passed_under_edit] dropping-pairs-can-be-turned-off/route-pairs-defaults-to-on x tests/test_mutation_verdicts.py::TestAnUnverifiedEditCountsForNothing::test_an_unverified_kill_produces_no_verdict
    not asked: the test still passed when this defect was injected, and 2 other candidate test(s) failed under the same edit. The edit was not verified, so this is not evidence that the test fails to catch the defect.
  [passed_under_edit] dropping-pairs-can-be-turned-off/route-pairs-defaults-to-on x tests/test_mutation_verdicts.py::TestAnUnverifiedEditCountsForNothing::test_an_unverified_survival_produces_no_verdict
    not asked: the test still passed when this defect was injected, and 2 other candidate test(s) failed under the same edit. The edit was not verified, so this is not evidence that the test fails to catch the defect.
  [passed_under_edit] dropping-pairs-can-be-turned-off/route-pairs-defaults-to-on x tests/test_mutation_verdicts.py::TestAnUnverifiedEditCountsForNothing::test_its_defect_still_goes_to_the_static_judge
    not asked: the test still passed when this defect was injected, and 2 other candidate test(s) failed under the same edit. The edit was not verified, so this is not evidence that the test fails to catch the defect.
  [passed_under_edit] dropping-pairs-can-be-turned-off/route-pairs-defaults-to-on x tests/test_mutation_verdicts.py::TestAnUnverifiedEditCountsForNothing::test_the_criterion_it_belongs_to_stays_static
    not asked: the test still passed when this defect was injected, and 2 other candidate test(s) failed under the same edit. The edit was not verified, so this is not evidence that the test fails to catch the defect.
  [passed_under_edit] dropping-pairs-can-be-turned-off/route-pairs-defaults-to-on x tests/test_mutation_verdicts.py::TestTheRatingReadsBoth::test_a_defect_with_no_verdict_at_all_holds_it_at_static
    not asked: the test still passed when this defect was injected, and 2 other candidate test(s) failed under the same edit. The edit was not verified, so this is not evidence that the test fails to catch the defect.
  [passed_under_edit] dropping-pairs-can-be-turned-off/route-pairs-defaults-to-on x tests/test_mutation_verdicts.py::TestTheRatingReadsBoth::test_a_fully_executed_criterion_reaches_the_defect_killed_tier
    not asked: the test still passed when this defect was injected, and 2 other candidate test(s) failed under the same edit. The edit was not verified, so this is not evidence that the test fails to catch the defect.
  [passed_under_edit] dropping-pairs-can-be-turned-off/route-pairs-defaults-to-on x tests/test_mutation_verdicts.py::TestTheRatingReadsBoth::test_a_predicted_kill_does_not_borrow_an_executed_survival_tier
    not asked: the test still passed when this defect was injected, and 2 other candidate test(s) failed under the same edit. The edit was not verified, so this is not evidence that the test fails to catch the defect.
  [passed_under_edit] dropping-pairs-can-be-turned-off/route-pairs-defaults-to-on x tests/test_mutation_verdicts.py::TestTheRatingReadsBoth::test_a_review_with_no_execution_is_unchanged
    not asked: the test still passed when this defect was injected, and 2 other candidate test(s) failed under the same edit. The edit was not verified, so this is not evidence that the test fails to catch the defect.
  [passed_under_edit] dropping-pairs-can-be-turned-off/route-pairs-defaults-to-on x tests/test_mutation_verdicts.py::TestTheRatingReadsBoth::test_an_executed_kill_counts_toward_coverage
    not asked: the test still passed when this defect was injected, and 2 other candidate test(s) failed under the same edit. The edit was not verified, so this is not evidence that the test fails to catch the defect.
  [passed_under_edit] dropping-pairs-can-be-turned-off/route-pairs-defaults-to-on x tests/test_mutation_verdicts.py::TestTheRatingReadsBoth::test_an_executed_kill_is_not_dragged_down_by_a_predicted_verdict_on_the_same_defect
    not asked: the test still passed when this defect was injected, and 2 other candidate test(s) failed under the same edit. The edit was not verified, so this is not evidence that the test fails to catch the defect.
  [passed_under_edit] dropping-pairs-can-be-turned-off/route-pairs-defaults-to-on x tests/test_mutation_verdicts.py::TestTheRatingReadsBoth::test_an_executed_kill_outranks_a_predicted_kill_on_the_same_defect
    not asked: the test still passed when this defect was injected, and 2 other candidate test(s) failed under the same edit. The edit was not verified, so this is not evidence that the test fails to catch the defect.
  [passed_under_edit] dropping-pairs-can-be-turned-off/route-pairs-defaults-to-on x tests/test_mutation_verdicts.py::TestTheRatingReadsBoth::test_an_executed_survival_on_every_test_reaches_the_defect_killed_tier
    not asked: the test still passed when this defect was injected, and 2 other candidate test(s) failed under the same edit. The edit was not verified, so this is not evidence that the test fails to catch the defect.
  [passed_under_edit] dropping-pairs-can-be-turned-off/route-pairs-defaults-to-on x tests/test_mutation_verdicts.py::TestTheRatingReadsBoth::test_an_uncovered_defect_is_only_as_known_as_its_weakest_verdict
    not asked: the test still passed when this defect was injected, and 2 other candidate test(s) failed under the same edit. The edit was not verified, so this is not evidence that the test fails to catch the defect.
  [passed_under_edit] dropping-pairs-can-be-turned-off/route-pairs-defaults-to-on x tests/test_mutation_verdicts.py::TestTheRatingReadsBoth::test_one_predicted_defect_holds_the_criterion_at_static
    not asked: the test still passed when this defect was injected, and 2 other candidate test(s) failed under the same edit. The edit was not verified, so this is not evidence that the test fails to catch the defect.
  [passed_under_edit] dropping-pairs-can-be-turned-off/route-pairs-defaults-to-on x tests/test_mutation_verdicts.py::TestVerdictsFrom::test_a_kill_records_the_red_test_as_killing
    not asked: the test still passed when this defect was injected, and 2 other candidate test(s) failed under the same edit. The edit was not verified, so this is not evidence that the test fails to catch the defect.
  [passed_under_edit] dropping-pairs-can-be-turned-off/route-pairs-defaults-to-on x tests/test_mutation_verdicts.py::TestVerdictsFrom::test_a_survival_records_every_test_as_not_killing
    not asked: the test still passed when this defect was injected, and 2 other candidate test(s) failed under the same edit. The edit was not verified, so this is not evidence that the test fails to catch the defect.
  [passed_under_edit] dropping-pairs-can-be-turned-off/route-pairs-defaults-to-on x tests/test_mutation_verdicts.py::TestVerdictsFrom::test_an_unsettled_attempt_produces_no_verdict
    not asked: the test still passed when this defect was injected, and 2 other candidate test(s) failed under the same edit. The edit was not verified, so this is not evidence that the test fails to catch the defect.
  [passed_under_edit] dropping-pairs-can-be-turned-off/route-pairs-defaults-to-on x tests/test_mutation_verdicts.py::TestVerdictsFrom::test_every_test_the_mutant_ran_against_gets_a_verdict
    not asked: the test still passed when this defect was injected, and 2 other candidate test(s) failed under the same edit. The edit was not verified, so this is not evidence that the test fails to catch the defect.
  [passed_under_edit] dropping-pairs-can-be-turned-off/route-pairs-defaults-to-on x tests/test_mutation_verdicts.py::TestVerdictsFrom::test_executed_verdicts_carry_the_defect_killed_tier
    not asked: the test still passed when this defect was injected, and 2 other candidate test(s) failed under the same edit. The edit was not verified, so this is not evidence that the test fails to catch the defect.
  [passed_under_edit] dropping-pairs-can-be-turned-off/route-pairs-defaults-to-on x tests/test_mutation_verdicts.py::TestVerdictsFrom::test_no_carry_key_so_an_executed_verdict_is_never_carried_forward
    not asked: the test still passed when this defect was injected, and 2 other candidate test(s) failed under the same edit. The edit was not verified, so this is not evidence that the test fails to catch the defect.
  [passed_under_edit] dropping-pairs-can-be-turned-off/route-pairs-defaults-to-on x tests/test_mutation_verdicts.py::TestVerdictsFrom::test_the_defect_text_is_carried_so_a_later_run_can_identify_it
    not asked: the test still passed when this defect was injected, and 2 other candidate test(s) failed under the same edit. The edit was not verified, so this is not evidence that the test fails to catch the defect.
  [passed_under_edit] dropping-pairs-can-be-turned-off/route-pairs-defaults-to-on x tests/test_mutation_verdicts.py::TestVerdictsFrom::test_the_reason_says_the_answer_was_observed
    not asked: the test still passed when this defect was injected, and 2 other candidate test(s) failed under the same edit. The edit was not verified, so this is not evidence that the test fails to catch the defect.
  [passed_under_edit] dropping-pairs-can-be-turned-off/route-pairs-defaults-to-on x tests/test_pair_routing.py::TestADroppedPairIsNotASurvival::test_a_prefiltered_pair_still_does_not
    not asked: the test still passed when this defect was injected, and 2 other candidate test(s) failed under the same edit. The edit was not verified, so this is not evidence that the test fails to catch the defect.
  [passed_under_edit] dropping-pairs-can-be-turned-off/route-pairs-defaults-to-on x tests/test_pair_routing.py::TestADroppedPairIsNotASurvival::test_it_cannot_make_a_criterion_strongly_supported
    not asked: the test still passed when this defect was injected, and 2 other candidate test(s) failed under the same edit. The edit was not verified, so this is not evidence that the test fails to catch the defect.
  [passed_under_edit] dropping-pairs-can-be-turned-off/route-pairs-defaults-to-on x tests/test_pair_routing.py::TestADroppedPairIsNotASurvival::test_it_contributes_no_verdict_and_no_test_link
    not asked: the test still passed when this defect was injected, and 2 other candidate test(s) failed under the same edit. The edit was not verified, so this is not evidence that the test fails to catch the defect.
  [passed_under_edit] dropping-pairs-can-be-turned-off/route-pairs-defaults-to-on x tests/test_pair_routing.py::TestADroppedPairIsNotASurvival::test_it_raises_unknown_rather_than_reading_as_uncovered
    not asked: the test still passed when this defect was injected, and 2 other candidate test(s) failed under the same edit. The edit was not verified, so this is not evidence that the test fails to catch the defect.
  [passed_under_edit] dropping-pairs-can-be-turned-off/route-pairs-defaults-to-on x tests/test_pair_routing.py::TestWhichPairsTheRunAnswers::test_a_settled_attempt_skips_nothing
    not asked: the test still passed when this defect was injected, and 2 other candidate test(s) failed under the same edit. The edit was not verified, so this is not evidence that the test fails to catch the defect.
  [passed_under_edit] dropping-pairs-can-be-turned-off/route-pairs-defaults-to-on x tests/test_pair_routing.py::TestWhichPairsTheRunAnswers::test_a_survival_skips_nothing
    not asked: the test still passed when this defect was injected, and 2 other candidate test(s) failed under the same edit. The edit was not verified, so this is not evidence that the test fails to catch the defect.
  [passed_under_edit] dropping-pairs-can-be-turned-off/route-pairs-defaults-to-on x tests/test_pair_routing.py::TestWhichPairsTheRunAnswers::test_a_test_that_failed_under_the_edit_is_still_asked
    not asked: the test still passed when this defect was injected, and 2 other candidate test(s) failed under the same edit. The edit was not verified, so this is not evidence that the test fails to catch the defect.
  [passed_under_edit] dropping-pairs-can-be-turned-off/route-pairs-defaults-to-on x tests/test_pair_routing.py::TestWhichPairsTheRunAnswers::test_a_test_that_kept_passing_under_the_edit_is_not_asked
    not asked: the test still passed when this defect was injected, and 2 other candidate test(s) failed under the same edit. The edit was not verified, so this is not evidence that the test fails to catch the defect.
  [passed_under_edit] dropping-pairs-can-be-turned-off/route-pairs-defaults-to-on x tests/test_pair_routing.py::TestWhichPairsTheRunAnswers::test_the_reason_says_the_edit_was_not_verified
    not asked: the test still passed when this defect was injected, and 2 other candidate test(s) failed under the same edit. The edit was not verified, so this is not evidence that the test fails to catch the defect.
  [passed_under_edit] dropping-pairs-can-be-turned-off/route-pairs-defaults-to-on x tests/test_supplied_ids.py::test_a_clean_answer_records_nothing_and_keeps_its_negative_verdicts
    not asked: the test still passed when this defect was injected, and 2 other candidate test(s) failed under the same edit. The edit was not verified, so this is not evidence that the test fails to catch the defect.
  [passed_under_edit] dropping-pairs-can-be-turned-off/route-pairs-defaults-to-on x tests/test_supplied_ids.py::test_a_foreign_defect_id_is_recorded_not_silently_dropped
    not asked: the test still passed when this defect was injected, and 2 other candidate test(s) failed under the same edit. The edit was not verified, so this is not evidence that the test fails to catch the defect.
  [passed_under_edit] dropping-pairs-can-be-turned-off/route-pairs-defaults-to-on x tests/test_supplied_ids.py::test_the_schema_asked_for_differs_from_the_shape_parsed
    not asked: the test still passed when this defect was injected, and 2 other candidate test(s) failed under the same edit. The edit was not verified, so this is not evidence that the test fails to catch the defect.
  [passed_under_edit] dropping-pairs-can-be-turned-off/route-pairs-defaults-to-on x tests/test_unverified_mutation_is_inert.py::TestNothingDerivesFromIt::test_no_test_is_credited_to_the_criterion
    not asked: the test still passed when this defect was injected, and 2 other candidate test(s) failed under the same edit. The edit was not verified, so this is not evidence that the test fails to catch the defect.
  [passed_under_edit] dropping-pairs-can-be-turned-off/route-pairs-defaults-to-on x tests/test_unverified_mutation_is_inert.py::TestNothingDerivesFromIt::test_the_defect_still_reaches_the_static_judge
    not asked: the test still passed when this defect was injected, and 2 other candidate test(s) failed under the same edit. The edit was not verified, so this is not evidence that the test fails to catch the defect.
  [passed_under_edit] dropping-pairs-can-be-turned-off/route-pairs-defaults-to-on x tests/test_unverified_mutation_is_inert.py::TestNothingDerivesFromIt::test_the_evidence_class_is_unchanged
    not asked: the test still passed when this defect was injected, and 2 other candidate test(s) failed under the same edit. The edit was not verified, so this is not evidence that the test fails to catch the defect.
  [passed_under_edit] dropping-pairs-can-be-turned-off/route-pairs-defaults-to-on x tests/test_unverified_mutation_is_inert.py::TestNothingDerivesFromIt::test_the_rating_stays_at_the_static_tier
    not asked: the test still passed when this defect was injected, and 2 other candidate test(s) failed under the same edit. The edit was not verified, so this is not evidence that the test fails to catch the defect.
  [passed_under_edit] dropping-pairs-can-be-turned-off/route-pairs-defaults-to-on x tests/test_unverified_mutation_is_inert.py::test_a_verified_attempt_does_contribute_verdicts
    not asked: the test still passed when this defect was injected, and 2 other candidate test(s) failed under the same edit. The edit was not verified, so this is not evidence that the test fails to catch the defect.
  [passed_under_edit] dropping-pairs-can-be-turned-off/route-pairs-defaults-to-on x tests/test_unverified_mutation_is_inert.py::test_an_unverified_attempt_contributes_no_verdict
    not asked: the test still passed when this defect was injected, and 2 other candidate test(s) failed under the same edit. The edit was not verified, so this is not evidence that the test fails to catch the defect.
  [passed_under_edit] dropping-pairs-can-be-turned-off/route-pairs-defaults-to-on x tests/test_verdict.py::test_a_tests_only_obligation_is_still_judged_on_its_test_evidence
    not asked: the test still passed when this defect was injected, and 2 other candidate test(s) failed under the same edit. The edit was not verified, so this is not evidence that the test fails to catch the defect.
  [unanswered] dropping-pairs-can-be-turned-off/skipped-pairs-only-applied-after-kill x tests/test_unverified_mutation_is_inert.py::test_a_verified_attempt_does_contribute_verdicts
    offered to the judge and not answered; no verdict was produced
  [unanswered] dropping-pairs-can-be-turned-off/skipped-pairs-only-applied-after-kill x tests/test_unverified_mutation_is_inert.py::test_an_unverified_attempt_contributes_no_verdict
    offered to the judge and not answered; no verdict was produced
  [unanswered] every-pair-for-unbuildable-defect/skipped-pairs-filtered-after-prefilter-instead-of-before x tests/test_unverified_mutation_is_inert.py::test_a_verified_attempt_does_contribute_verdicts
    offered to the judge and not answered; no verdict was produced
  [unanswered] every-pair-for-unbuildable-defect/skipped-pairs-filtered-after-prefilter-instead-of-before x tests/test_unverified_mutation_is_inert.py::test_an_unverified_attempt_contributes_no_verdict
    offered to the judge and not answered; no verdict was produced
  [unanswered] every-pair-for-unbuildable-defect/skipped-pairs-never-revisited-when-no-kill x tests/test_unverified_mutation_is_inert.py::test_a_verified_attempt_does_contribute_verdicts
    offered to the judge and not answered; no verdict was produced
  [unanswered] every-pair-for-unbuildable-defect/skipped-pairs-never-revisited-when-no-kill x tests/test_unverified_mutation_is_inert.py::test_an_unverified_attempt_contributes_no_verdict
    offered to the judge and not answered; no verdict was produced
  [unanswered] every-pair-put-to-model-when-no-candidate-test-failed/route-pairs-disabled-skips-model-routing x tests/test_unverified_mutation_is_inert.py::test_a_verified_attempt_does_contribute_verdicts
    offered to the judge and not answered; no verdict was produced
  [unanswered] every-pair-put-to-model-when-no-candidate-test-failed/route-pairs-disabled-skips-model-routing x tests/test_unverified_mutation_is_inert.py::test_an_unverified_attempt_contributes_no_verdict
    offered to the judge and not answered; no verdict was produced
  [unanswered] every-pair-put-to-model-when-no-candidate-test-failed/skipped-pairs-never-revisited-when-no-kill x tests/test_unverified_mutation_is_inert.py::test_a_verified_attempt_does_contribute_verdicts
    offered to the judge and not answered; no verdict was produced
  [unanswered] every-pair-put-to-model-when-no-candidate-test-failed/skipped-pairs-never-revisited-when-no-kill x tests/test_unverified_mutation_is_inert.py::test_an_unverified_attempt_contributes_no_verdict
    offered to the judge and not answered; no verdict was produced
  [passed_under_edit] exclude-passing-tests-under-edit/passed-tests-not-filtered-from-judge-input x tests/benchmark/test_corpus.py::test_every_case_is_traceable_to_the_judgement_it_came_from
    not asked: the test still passed when this defect was injected, and 3 other candidate test(s) failed under the same edit. The edit was not verified, so this is not evidence that the test fails to catch the defect.
  [passed_under_edit] exclude-passing-tests-under-edit/passed-tests-not-filtered-from-judge-input x tests/benchmark/test_coverage.py::test_cli_and_benchmark_share_one_pipeline
    not asked: the test still passed when this defect was injected, and 3 other candidate test(s) failed under the same edit. The edit was not verified, so this is not evidence that the test fails to catch the defect.
  [passed_under_edit] exclude-passing-tests-under-edit/passed-tests-not-filtered-from-judge-input x tests/benchmark/test_instability.py::test_a_caller_supplied_model_set_is_actually_measured
    not asked: the test still passed when this defect was injected, and 3 other candidate test(s) failed under the same edit. The edit was not verified, so this is not evidence that the test fails to catch the defect.
  [passed_under_edit] exclude-passing-tests-under-edit/passed-tests-not-filtered-from-judge-input x tests/benchmark/test_instability.py::test_a_flipped_evidence_class_is_content_and_never_shape
    not asked: the test still passed when this defect was injected, and 3 other candidate test(s) failed under the same edit. The edit was not verified, so this is not evidence that the test fails to catch the defect.
  [passed_under_edit] exclude-passing-tests-under-edit/passed-tests-not-filtered-from-judge-input x tests/benchmark/test_instability.py::test_a_flipped_pair_verdict_is_reported_per_pair
    not asked: the test still passed when this defect was injected, and 3 other candidate test(s) failed under the same edit. The edit was not verified, so this is not evidence that the test fails to catch the defect.
  [passed_under_edit] exclude-passing-tests-under-edit/passed-tests-not-filtered-from-judge-input x tests/benchmark/test_instability.py::test_a_lost_obligation_is_reported_as_a_content_difference
    not asked: the test still passed when this defect was injected, and 3 other candidate test(s) failed under the same edit. The edit was not verified, so this is not evidence that the test fails to catch the defect.
  [passed_under_edit] exclude-passing-tests-under-edit/passed-tests-not-filtered-from-judge-input x tests/benchmark/test_instability.py::test_a_model_that_cannot_make_up_its_mind_does_not_count_as_agreeing
    not asked: the test still passed when this defect was injected, and 3 other candidate test(s) failed under the same edit. The edit was not verified, so this is not evidence that the test fails to catch the defect.
  [passed_under_edit] exclude-passing-tests-under-edit/passed-tests-not-filtered-from-judge-input x tests/benchmark/test_instability.py::test_a_perturbation_run_is_included_when_one_is_supplied
    not asked: the test still passed when this defect was injected, and 3 other candidate test(s) failed under the same edit. The edit was not verified, so this is not evidence that the test fails to catch the defect.
  [passed_under_edit] exclude-passing-tests-under-edit/passed-tests-not-filtered-from-judge-input x tests/benchmark/test_instability.py::test_a_repartitioned_obligation_is_reported_as_a_shape_difference
    not asked: the test still passed when this defect was injected, and 3 other candidate test(s) failed under the same edit. The edit was not verified, so this is not evidence that the test fails to catch the defect.
  [passed_under_edit] exclude-passing-tests-under-edit/passed-tests-not-filtered-from-judge-input x tests/benchmark/test_instability.py::test_an_oscillating_open_question_is_a_content_difference
    not asked: the test still passed when this defect was injected, and 3 other candidate test(s) failed under the same edit. The edit was not verified, so this is not evidence that the test fails to catch the defect.
  [passed_under_edit] exclude-passing-tests-under-edit/passed-tests-not-filtered-from-judge-input x tests/benchmark/test_instability.py::test_an_unanswered_subject_counts_as_content_not_shape
    not asked: the test still passed when this defect was injected, and 3 other candidate test(s) failed under the same edit. The edit was not verified, so this is not evidence that the test fails to catch the defect.
  [passed_under_edit] exclude-passing-tests-under-edit/passed-tests-not-filtered-from-judge-input x tests/benchmark/test_instability.py::test_an_unmatched_statement_covered_by_nothing_is_a_content_difference
    not asked: the test still passed when this defect was injected, and 3 other candidate test(s) failed under the same edit. The edit was not verified, so this is not evidence that the test fails to catch the defect.
  [passed_under_edit] exclude-passing-tests-under-edit/passed-tests-not-filtered-from-judge-input x tests/benchmark/test_instability.py::test_an_unmatched_statement_covered_by_the_other_set_is_a_shape_difference
    not asked: the test still passed when this defect was injected, and 3 other candidate test(s) failed under the same edit. The edit was not verified, so this is not evidence that the test fails to catch the defect.
  [passed_under_edit] exclude-passing-tests-under-edit/passed-tests-not-filtered-from-judge-input x tests/benchmark/test_instability.py::test_content_and_shape_are_reported_as_separate_figures
    not asked: the test still passed when this defect was injected, and 3 other candidate test(s) failed under the same edit. The edit was not verified, so this is not evidence that the test fails to catch the defect.
  [passed_under_edit] exclude-passing-tests-under-edit/passed-tests-not-filtered-from-judge-input x tests/benchmark/test_instability.py::test_content_and_shape_counts_diverge_when_both_kinds_occur
    not asked: the test still passed when this defect was injected, and 3 other candidate test(s) failed under the same edit. The edit was not verified, so this is not evidence that the test fails to catch the defect.
  [passed_under_edit] exclude-passing-tests-under-edit/passed-tests-not-filtered-from-judge-input x tests/benchmark/test_instability.py::test_cross_model_agreement_covers_every_judgement_axis
    not asked: the test still passed when this defect was injected, and 3 other candidate test(s) failed under the same edit. The edit was not verified, so this is not evidence that the test fails to catch the defect.
  [passed_under_edit] exclude-passing-tests-under-edit/passed-tests-not-filtered-from-judge-input x tests/benchmark/test_instability.py::test_cross_model_agreement_is_none_with_a_single_model
    not asked: the test still passed when this defect was injected, and 3 other candidate test(s) failed under the same edit. The edit was not verified, so this is not evidence that the test fails to catch the defect.
  [passed_under_edit] exclude-passing-tests-under-edit/passed-tests-not-filtered-from-judge-input x tests/benchmark/test_instability.py::test_cross_model_agreement_is_reported_alongside_within_model_variance
    not asked: the test still passed when this defect was injected, and 3 other candidate test(s) failed under the same edit. The edit was not verified, so this is not evidence that the test fails to catch the defect.
  [passed_under_edit] exclude-passing-tests-under-edit/passed-tests-not-filtered-from-judge-input x tests/benchmark/test_instability.py::test_decomposition_variation_is_surfaced_and_not_only_evidence_variation
    not asked: the test still passed when this defect was injected, and 3 other candidate test(s) failed under the same edit. The edit was not verified, so this is not evidence that the test fails to catch the defect.
  [passed_under_edit] exclude-passing-tests-under-edit/passed-tests-not-filtered-from-judge-input x tests/benchmark/test_instability.py::test_evidence_class_distribution_counts_every_draw
    not asked: the test still passed when this defect was injected, and 3 other candidate test(s) failed under the same edit. The edit was not verified, so this is not evidence that the test fails to catch the defect.
  [passed_under_edit] exclude-passing-tests-under-edit/passed-tests-not-filtered-from-judge-input x tests/benchmark/test_instability.py::test_matching_ids_with_different_text_are_not_treated_as_the_same_obligation
    not asked: the test still passed when this defect was injected, and 3 other candidate test(s) failed under the same edit. The edit was not verified, so this is not evidence that the test fails to catch the defect.
  [passed_under_edit] exclude-passing-tests-under-edit/passed-tests-not-filtered-from-judge-input x tests/benchmark/test_instability.py::test_measure_instability_records_the_conditions_that_produced_it
    not asked: the test still passed when this defect was injected, and 3 other candidate test(s) failed under the same edit. The edit was not verified, so this is not evidence that the test fails to catch the defect.
  [passed_under_edit] exclude-passing-tests-under-edit/passed-tests-not-filtered-from-judge-input x tests/benchmark/test_instability.py::test_measure_instability_varies_the_seed_across_runs
    not asked: the test still passed when this defect was injected, and 3 other candidate test(s) failed under the same edit. The edit was not verified, so this is not evidence that the test fails to catch the defect.
  [passed_under_edit] exclude-passing-tests-under-edit/passed-tests-not-filtered-from-judge-input x tests/benchmark/test_instability.py::test_measuring_variance_requires_at_least_two_runs
    not asked: the test still passed when this defect was injected, and 3 other candidate test(s) failed under the same edit. The edit was not verified, so this is not evidence that the test fails to catch the defect.
  [passed_under_edit] exclude-passing-tests-under-edit/passed-tests-not-filtered-from-judge-input x tests/benchmark/test_instability.py::test_no_ci_workflow_invokes_the_instability_harness
    not asked: the test still passed when this defect was injected, and 3 other candidate test(s) failed under the same edit. The edit was not verified, so this is not evidence that the test fails to catch the defect.
  [passed_under_edit] exclude-passing-tests-under-edit/passed-tests-not-filtered-from-judge-input x tests/benchmark/test_instability.py::test_obligations_align_by_content_even_when_their_ids_differ
    not asked: the test still passed when this defect was injected, and 3 other candidate test(s) failed under the same edit. The edit was not verified, so this is not evidence that the test fails to catch the defect.
  [passed_under_edit] exclude-passing-tests-under-edit/passed-tests-not-filtered-from-judge-input x tests/benchmark/test_instability.py::test_observations_do_not_leak_between_clients
    not asked: the test still passed when this defect was injected, and 3 other candidate test(s) failed under the same edit. The edit was not verified, so this is not evidence that the test fails to catch the defect.
  [passed_under_edit] exclude-passing-tests-under-edit/passed-tests-not-filtered-from-judge-input x tests/benchmark/test_instability.py::test_omitted_parameters_fall_back_to_the_declared_defaults
    not asked: the test still passed when this defect was injected, and 3 other candidate test(s) failed under the same edit. The edit was not verified, so this is not evidence that the test fails to catch the defect.
  [passed_under_edit] exclude-passing-tests-under-edit/passed-tests-not-filtered-from-judge-input x tests/benchmark/test_instability.py::test_perturbation_sensitivity_is_a_proportion_of_watched_judgements
    not asked: the test still passed when this defect was injected, and 3 other candidate test(s) failed under the same edit. The edit was not verified, so this is not evidence that the test fails to catch the defect.
  [passed_under_edit] exclude-passing-tests-under-edit/passed-tests-not-filtered-from-judge-input x tests/benchmark/test_instability.py::test_perturbation_sensitivity_is_none_when_nothing_was_watched
    not asked: the test still passed when this defect was injected, and 3 other candidate test(s) failed under the same edit. The edit was not verified, so this is not evidence that the test fails to catch the defect.
  [passed_under_edit] exclude-passing-tests-under-edit/passed-tests-not-filtered-from-judge-input x tests/benchmark/test_instability.py::test_presence_rows_show_an_obligation_missing_from_some_runs
    not asked: the test still passed when this defect was injected, and 3 other candidate test(s) failed under the same edit. The edit was not verified, so this is not evidence that the test fails to catch the defect.
  [passed_under_edit] exclude-passing-tests-under-edit/passed-tests-not-filtered-from-judge-input x tests/benchmark/test_instability.py::test_run_once_drives_the_real_pipeline_and_snapshots_its_output
    not asked: the test still passed when this defect was injected, and 3 other candidate test(s) failed under the same edit. The edit was not verified, so this is not evidence that the test fails to catch the defect.
  [passed_under_edit] exclude-passing-tests-under-edit/passed-tests-not-filtered-from-judge-input x tests/benchmark/test_instability.py::test_runs_are_recorded_live_and_never_replayed
    not asked: the test still passed when this defect was injected, and 3 other candidate test(s) failed under the same edit. The edit was not verified, so this is not evidence that the test fails to catch the defect.
  [passed_under_edit] exclude-passing-tests-under-edit/passed-tests-not-filtered-from-judge-input x tests/benchmark/test_instability.py::test_seeds_are_derived_so_a_measurement_is_repeatable_from_its_provenance
    not asked: the test still passed when this defect was injected, and 3 other candidate test(s) failed under the same edit. The edit was not verified, so this is not evidence that the test fails to catch the defect.
  [passed_under_edit] exclude-passing-tests-under-edit/passed-tests-not-filtered-from-judge-input x tests/benchmark/test_instability.py::test_the_default_run_count_produces_three_runs_per_model
    not asked: the test still passed when this defect was injected, and 3 other candidate test(s) failed under the same edit. The edit was not verified, so this is not evidence that the test fails to catch the defect.
  [passed_under_edit] exclude-passing-tests-under-edit/passed-tests-not-filtered-from-judge-input x tests/benchmark/test_instability.py::test_the_default_run_is_one_model_and_three_runs
    not asked: the test still passed when this defect was injected, and 3 other candidate test(s) failed under the same edit. The edit was not verified, so this is not evidence that the test fails to catch the defect.
  [passed_under_edit] exclude-passing-tests-under-edit/passed-tests-not-filtered-from-judge-input x tests/benchmark/test_instability.py::test_the_harness_reports_variance_without_reducing_it
    not asked: the test still passed when this defect was injected, and 3 other candidate test(s) failed under the same edit. The edit was not verified, so this is not evidence that the test fails to catch the defect.
  [passed_under_edit] exclude-passing-tests-under-edit/passed-tests-not-filtered-from-judge-input x tests/benchmark/test_instability.py::test_the_harness_uses_the_benchmark_variance_path_and_not_a_second_one
    not asked: the test still passed when this defect was injected, and 3 other candidate test(s) failed under the same edit. The edit was not verified, so this is not evidence that the test fails to catch the defect.
  [passed_under_edit] exclude-passing-tests-under-edit/passed-tests-not-filtered-from-judge-input x tests/benchmark/test_instability.py::test_the_observing_client_does_not_change_what_the_pipeline_produces
    not asked: the test still passed when this defect was injected, and 3 other candidate test(s) failed under the same edit. The edit was not verified, so this is not evidence that the test fails to catch the defect.
  [passed_under_edit] exclude-passing-tests-under-edit/passed-tests-not-filtered-from-judge-input x tests/benchmark/test_instability.py::test_the_perturbation_adds_a_test_that_asserts_nothing_about_the_change
    not asked: the test still passed when this defect was injected, and 3 other candidate test(s) failed under the same edit. The edit was not verified, so this is not evidence that the test fails to catch the defect.
  [passed_under_edit] exclude-passing-tests-under-edit/passed-tests-not-filtered-from-judge-input x tests/benchmark/test_instability.py::test_the_perturbation_never_writes_into_the_repository_under_review
    not asked: the test still passed when this defect was injected, and 3 other candidate test(s) failed under the same edit. The edit was not verified, so this is not evidence that the test fails to catch the defect.
  [passed_under_edit] exclude-passing-tests-under-edit/passed-tests-not-filtered-from-judge-input x tests/benchmark/test_instability.py::test_the_report_carries_no_pass_fail_or_threshold_field
    not asked: the test still passed when this defect was injected, and 3 other candidate test(s) failed under the same edit. The edit was not verified, so this is not evidence that the test fails to catch the defect.
  [passed_under_edit] exclude-passing-tests-under-edit/passed-tests-not-filtered-from-judge-input x tests/benchmark/test_instability.py::test_the_three_movement_sources_are_reported_as_distinct_figures
    not asked: the test still passed when this defect was injected, and 3 other candidate test(s) failed under the same edit. The edit was not verified, so this is not evidence that the test fails to catch the defect.
  [passed_under_edit] exclude-passing-tests-under-edit/passed-tests-not-filtered-from-judge-input x tests/benchmark/test_instability.py::test_with_no_counterpart_set_at_all_everything_is_content
    not asked: the test still passed when this defect was injected, and 3 other candidate test(s) failed under the same edit. The edit was not verified, so this is not evidence that the test fails to catch the defect.
  [passed_under_edit] exclude-passing-tests-under-edit/passed-tests-not-filtered-from-judge-input x tests/benchmark/test_rating_regression.py::test_the_case_set_can_catch_a_judge_erring_either_way
    not asked: the test still passed when this defect was injected, and 3 other candidate test(s) failed under the same edit. The edit was not verified, so this is not evidence that the test fails to catch the defect.
  [passed_under_edit] exclude-passing-tests-under-edit/passed-tests-not-filtered-from-judge-input x tests/defects/test_pair_mapping.py::test_a_continued_run_carries_verdicts_through_the_ledger
    not asked: the test still passed when this defect was injected, and 3 other candidate test(s) failed under the same edit. The edit was not verified, so this is not evidence that the test fails to catch the defect.
  [passed_under_edit] exclude-passing-tests-under-edit/passed-tests-not-filtered-from-judge-input x tests/defects/test_pair_mapping.py::test_a_defect_whose_asked_pairs_yield_no_kill_has_its_skipped_pairs_judged
    not asked: the test still passed when this defect was injected, and 3 other candidate test(s) failed under the same edit. The edit was not verified, so this is not evidence that the test fails to catch the defect.
  [passed_under_edit] exclude-passing-tests-under-edit/passed-tests-not-filtered-from-judge-input x tests/defects/test_pair_mapping.py::test_a_failing_answer_with_no_reason_is_not_kept_as_a_verdict
    not asked: the test still passed when this defect was injected, and 3 other candidate test(s) failed under the same edit. The edit was not verified, so this is not evidence that the test fails to catch the defect.
  [passed_under_edit] exclude-passing-tests-under-edit/passed-tests-not-filtered-from-judge-input x tests/defects/test_pair_mapping.py::test_a_pair_the_judge_never_answers_is_recorded_not_read_as_surviving
    not asked: the test still passed when this defect was injected, and 3 other candidate test(s) failed under the same edit. The edit was not verified, so this is not evidence that the test fails to catch the defect.
  [passed_under_edit] exclude-passing-tests-under-edit/passed-tests-not-filtered-from-judge-input x tests/defects/test_pair_mapping.py::test_a_ragged_pair_set_is_still_split_into_rectangles
    not asked: the test still passed when this defect was injected, and 3 other candidate test(s) failed under the same edit. The edit was not verified, so this is not evidence that the test fails to catch the defect.
  [passed_under_edit] exclude-passing-tests-under-edit/passed-tests-not-filtered-from-judge-input x tests/defects/test_pair_mapping.py::test_a_surviving_answer_carrying_a_reason_is_not_kept_as_a_verdict
    not asked: the test still passed when this defect was injected, and 3 other candidate test(s) failed under the same edit. The edit was not verified, so this is not evidence that the test fails to catch the defect.
  [passed_under_edit] exclude-passing-tests-under-edit/passed-tests-not-filtered-from-judge-input x tests/defects/test_pair_mapping.py::test_a_surviving_answer_carrying_an_empty_reason_is_still_a_verdict
    not asked: the test still passed when this defect was injected, and 3 other candidate test(s) failed under the same edit. The edit was not verified, so this is not evidence that the test fails to catch the defect.
  [passed_under_edit] exclude-passing-tests-under-edit/passed-tests-not-filtered-from-judge-input x tests/defects/test_pair_mapping.py::test_a_surviving_pair_is_stored_without_a_reason
    not asked: the test still passed when this defect was injected, and 3 other candidate test(s) failed under the same edit. The edit was not verified, so this is not evidence that the test fails to catch the defect.
  [passed_under_edit] exclude-passing-tests-under-edit/passed-tests-not-filtered-from-judge-input x tests/defects/test_pair_mapping.py::test_a_verdict_is_produced_again_when_its_defect_changed
    not asked: the test still passed when this defect was injected, and 3 other candidate test(s) failed under the same edit. The edit was not verified, so this is not evidence that the test fails to catch the defect.
  [passed_under_edit] exclude-passing-tests-under-edit/passed-tests-not-filtered-from-judge-input x tests/defects/test_pair_mapping.py::test_a_verdict_is_produced_again_when_the_tests_source_changed
    not asked: the test still passed when this defect was injected, and 3 other candidate test(s) failed under the same edit. The edit was not verified, so this is not evidence that the test fails to catch the defect.
  [passed_under_edit] exclude-passing-tests-under-edit/passed-tests-not-filtered-from-judge-input x tests/defects/test_pair_mapping.py::test_a_verdict_is_reused_when_its_defect_and_its_test_are_both_unchanged
    not asked: the test still passed when this defect was injected, and 3 other candidate test(s) failed under the same edit. The edit was not verified, so this is not evidence that the test fails to catch the defect.
  [passed_under_edit] exclude-passing-tests-under-edit/passed-tests-not-filtered-from-judge-input x tests/defects/test_pair_mapping.py::test_adding_one_test_judges_only_that_tests_pairs
    not asked: the test still passed when this defect was injected, and 3 other candidate test(s) failed under the same edit. The edit was not verified, so this is not evidence that the test fails to catch the defect.
  [passed_under_edit] exclude-passing-tests-under-edit/passed-tests-not-filtered-from-judge-input x tests/defects/test_pair_mapping.py::test_changing_how_many_tests_share_a_call_invalidates_the_transcripts
    not asked: the test still passed when this defect was injected, and 3 other candidate test(s) failed under the same edit. The edit was not verified, so this is not evidence that the test fails to catch the defect.
  [passed_under_edit] exclude-passing-tests-under-edit/passed-tests-not-filtered-from-judge-input x tests/defects/test_pair_mapping.py::test_defect_text_ignores_the_defect_id
    not asked: the test still passed when this defect was injected, and 3 other candidate test(s) failed under the same edit. The edit was not verified, so this is not evidence that the test fails to catch the defect.
  [passed_under_edit] exclude-passing-tests-under-edit/passed-tests-not-filtered-from-judge-input x tests/defects/test_pair_mapping.py::test_every_offered_pair_comes_back_with_a_verdict
    not asked: the test still passed when this defect was injected, and 3 other candidate test(s) failed under the same edit. The edit was not verified, so this is not evidence that the test fails to catch the defect.
  [passed_under_edit] exclude-passing-tests-under-edit/passed-tests-not-filtered-from-judge-input x tests/defects/test_pair_mapping.py::test_every_request_is_a_full_rectangle
    not asked: the test still passed when this defect was injected, and 3 other candidate test(s) failed under the same edit. The edit was not verified, so this is not evidence that the test fails to catch the defect.
  [passed_under_edit] exclude-passing-tests-under-edit/passed-tests-not-filtered-from-judge-input x tests/defects/test_pair_mapping.py::test_no_request_carries_more_judgements_than_the_limit
    not asked: the test still passed when this defect was injected, and 3 other candidate test(s) failed under the same edit. The edit was not verified, so this is not evidence that the test fails to catch the defect.
  [passed_under_edit] exclude-passing-tests-under-edit/passed-tests-not-filtered-from-judge-input x tests/defects/test_pair_mapping.py::test_one_misshapen_answer_does_not_discard_the_rest_of_its_batch
    not asked: the test still passed when this defect was injected, and 3 other candidate test(s) failed under the same edit. The edit was not verified, so this is not evidence that the test fails to catch the defect.
  [passed_under_edit] exclude-passing-tests-under-edit/passed-tests-not-filtered-from-judge-input x tests/defects/test_pair_mapping.py::test_routing_off_asks_about_everything
    not asked: the test still passed when this defect was injected, and 3 other candidate test(s) failed under the same edit. The edit was not verified, so this is not evidence that the test fails to catch the defect.
  [passed_under_edit] exclude-passing-tests-under-edit/passed-tests-not-filtered-from-judge-input x tests/defects/test_pair_mapping.py::test_the_answer_about_a_pair_carries_a_reason_only_where_the_test_would_fail
    not asked: the test still passed when this defect was injected, and 3 other candidate test(s) failed under the same edit. The edit was not verified, so this is not evidence that the test fails to catch the defect.
  [passed_under_edit] exclude-passing-tests-under-edit/passed-tests-not-filtered-from-judge-input x tests/defects/test_pair_mapping.py::test_the_defect_list_sits_in_the_shared_prefix_of_every_call
    not asked: the test still passed when this defect was injected, and 3 other candidate test(s) failed under the same edit. The edit was not verified, so this is not evidence that the test fails to catch the defect.
  [passed_under_edit] exclude-passing-tests-under-edit/passed-tests-not-filtered-from-judge-input x tests/defects/test_pair_mapping.py::test_the_digest_is_per_test_not_per_file
    not asked: the test still passed when this defect was injected, and 3 other candidate test(s) failed under the same edit. The edit was not verified, so this is not evidence that the test fails to catch the defect.
  [passed_under_edit] exclude-passing-tests-under-edit/passed-tests-not-filtered-from-judge-input x tests/defects/test_pair_mapping.py::test_the_prefilter_keeps_its_own_cause
    not asked: the test still passed when this defect was injected, and 3 other candidate test(s) failed under the same edit. The edit was not verified, so this is not evidence that the test fails to catch the defect.
  [passed_under_edit] exclude-passing-tests-under-edit/passed-tests-not-filtered-from-judge-input x tests/defects/test_pair_mapping.py::test_the_question_put_about_a_pair_is_the_failure_question
    not asked: the test still passed when this defect was injected, and 3 other candidate test(s) failed under the same edit. The edit was not verified, so this is not evidence that the test fails to catch the defect.
  [passed_under_edit] exclude-passing-tests-under-edit/passed-tests-not-filtered-from-judge-input x tests/defects/test_pair_mapping.py::test_the_second_pass_happens_before_the_result_is_returned
    not asked: the test still passed when this defect was injected, and 3 other candidate test(s) failed under the same edit. The edit was not verified, so this is not evidence that the test fails to catch the defect.
  [passed_under_edit] exclude-passing-tests-under-edit/passed-tests-not-filtered-from-judge-input x tests/defects/test_pair_mapping.py::test_the_stage_is_byte_identical_when_its_calls_finish_out_of_order
    not asked: the test still passed when this defect was injected, and 3 other candidate test(s) failed under the same edit. The edit was not verified, so this is not evidence that the test fails to catch the defect.
  [passed_under_edit] exclude-passing-tests-under-edit/passed-tests-not-filtered-from-judge-input x tests/defects/test_pair_mapping.py::test_which_pairs_share_a_request_does_not_change_what_carries
    not asked: the test still passed when this defect was injected, and 3 other candidate test(s) failed under the same edit. The edit was not verified, so this is not evidence that the test fails to catch the defect.
  [passed_under_edit] exclude-passing-tests-under-edit/passed-tests-not-filtered-from-judge-input x tests/defects/test_reachability.py::test_excludes_and_records_the_one_provable_shape
    not asked: the test still passed when this defect was injected, and 3 other candidate test(s) failed under the same edit. The edit was not verified, so this is not evidence that the test fails to catch the defect.
  [passed_under_edit] exclude-passing-tests-under-edit/passed-tests-not-filtered-from-judge-input x tests/defects/test_reachability.py::test_judges_a_test_that_names_something_the_defects_file_defines
    not asked: the test still passed when this defect was injected, and 3 other candidate test(s) failed under the same edit. The edit was not verified, so this is not evidence that the test fails to catch the defect.
  [passed_under_edit] exclude-passing-tests-under-edit/passed-tests-not-filtered-from-judge-input x tests/defects/test_reachability.py::test_judges_a_test_that_reaches_the_defect_through_a_helper_module
    not asked: the test still passed when this defect was injected, and 3 other candidate test(s) failed under the same edit. The edit was not verified, so this is not evidence that the test fails to catch the defect.
  [passed_under_edit] exclude-passing-tests-under-edit/passed-tests-not-filtered-from-judge-input x tests/defects/test_reachability.py::test_judges_a_test_that_takes_a_fixture
    not asked: the test still passed when this defect was injected, and 3 other candidate test(s) failed under the same edit. The edit was not verified, so this is not evidence that the test fails to catch the defect.
  [passed_under_edit] exclude-passing-tests-under-edit/passed-tests-not-filtered-from-judge-input x tests/defects/test_reachability.py::test_judges_when_the_defect_implicates_no_file
    not asked: the test still passed when this defect was injected, and 3 other candidate test(s) failed under the same edit. The edit was not verified, so this is not evidence that the test fails to catch the defect.
  [passed_under_edit] exclude-passing-tests-under-edit/passed-tests-not-filtered-from-judge-input x tests/defects/test_reachability.py::test_judges_when_the_module_imports_dynamically
    not asked: the test still passed when this defect was injected, and 3 other candidate test(s) failed under the same edit. The edit was not verified, so this is not evidence that the test fails to catch the defect.
  [passed_under_edit] exclude-passing-tests-under-edit/passed-tests-not-filtered-from-judge-input x tests/defects/test_reachability.py::test_judges_when_the_module_imports_relatively
    not asked: the test still passed when this defect was injected, and 3 other candidate test(s) failed under the same edit. The edit was not verified, so this is not evidence that the test fails to catch the defect.
  [passed_under_edit] exclude-passing-tests-under-edit/passed-tests-not-filtered-from-judge-input x tests/defects/test_support.py::test_a_criterion_whose_only_evidence_is_unjudged_is_indeterminate_not_nominal
    not asked: the test still passed when this defect was injected, and 3 other candidate test(s) failed under the same edit. The edit was not verified, so this is not evidence that the test fails to catch the defect.
  [passed_under_edit] exclude-passing-tests-under-edit/passed-tests-not-filtered-from-judge-input x tests/defects/test_support.py::test_a_criterion_whose_pairs_were_offered_and_unanswered_is_indeterminate
    not asked: the test still passed when this defect was injected, and 3 other candidate test(s) failed under the same edit. The edit was not verified, so this is not evidence that the test fails to catch the defect.
  [passed_under_edit] exclude-passing-tests-under-edit/passed-tests-not-filtered-from-judge-input x tests/defects/test_support.py::test_a_fully_judged_criterion_takes_the_class_its_kill_count_implies
    not asked: the test still passed when this defect was injected, and 3 other candidate test(s) failed under the same edit. The edit was not verified, so this is not evidence that the test fails to catch the defect.
  [passed_under_edit] exclude-passing-tests-under-edit/passed-tests-not-filtered-from-judge-input x tests/defects/test_support.py::test_a_prefilter_exclusion_counts_as_a_surviving_pair_not_an_unknown_one
    not asked: the test still passed when this defect was injected, and 3 other candidate test(s) failed under the same edit. The edit was not verified, so this is not evidence that the test fails to catch the defect.
  [passed_under_edit] exclude-passing-tests-under-edit/passed-tests-not-filtered-from-judge-input x tests/defects/test_support.py::test_an_unjudged_defect_never_reads_as_a_surviving_one
    not asked: the test still passed when this defect was injected, and 3 other candidate test(s) failed under the same edit. The edit was not verified, so this is not evidence that the test fails to catch the defect.
  [passed_under_edit] exclude-passing-tests-under-edit/passed-tests-not-filtered-from-judge-input x tests/defects/test_support.py::test_an_unjudged_defect_stops_a_criterion_reaching_strongly_supported
    not asked: the test still passed when this defect was injected, and 3 other candidate test(s) failed under the same edit. The edit was not verified, so this is not evidence that the test fails to catch the defect.
  [passed_under_edit] exclude-passing-tests-under-edit/passed-tests-not-filtered-from-judge-input x tests/defects/test_support.py::test_test_links_carry_only_the_tests_judged_to_fail_on_a_defect
    not asked: the test still passed when this defect was injected, and 3 other candidate test(s) failed under the same edit. The edit was not verified, so this is not evidence that the test fails to catch the defect.
  [passed_under_edit] exclude-passing-tests-under-edit/passed-tests-not-filtered-from-judge-input x tests/defects/test_support.py::test_the_derivation_makes_no_model_call_and_repeats_exactly
    not asked: the test still passed when this defect was injected, and 3 other candidate test(s) failed under the same edit. The edit was not verified, so this is not evidence that the test fails to catch the defect.
  [passed_under_edit] exclude-passing-tests-under-edit/passed-tests-not-filtered-from-judge-input x tests/fixtures/archetypes/08-unrequested-change-separable/head/test_report.py::test_low_stock_report_filters_by_threshold
    not asked: the test still passed when this defect was injected, and 3 other candidate test(s) failed under the same edit. The edit was not verified, so this is not evidence that the test fails to catch the defect.
  [passed_under_edit] exclude-passing-tests-under-edit/passed-tests-not-filtered-from-judge-input x tests/requirement/test_carry_forward.py::test_the_review_pipeline_carries_forward_and_hands_back_what_it_derived
    not asked: the test still passed when this defect was injected, and 3 other candidate test(s) failed under the same edit. The edit was not verified, so this is not evidence that the test fails to catch the defect.
  [passed_under_edit] exclude-passing-tests-under-edit/passed-tests-not-filtered-from-judge-input x tests/requirement/test_carry_forward.py::test_the_review_pipeline_leaves_no_ledger_behind_when_given_no_sink
    not asked: the test still passed when this defect was injected, and 3 other candidate test(s) failed under the same edit. The edit was not verified, so this is not evidence that the test fails to catch the defect.
  [passed_under_edit] exclude-passing-tests-under-edit/passed-tests-not-filtered-from-judge-input x tests/test_cli_execution.py::TestTheSettingsArrive::test_the_pipeline_is_given_settings_to_decide_with
    not asked: the test still passed when this defect was injected, and 3 other candidate test(s) failed under the same edit. The edit was not verified, so this is not evidence that the test fails to catch the defect.
  [passed_under_edit] exclude-passing-tests-under-edit/passed-tests-not-filtered-from-judge-input x tests/test_execution_decision.py::TestTheDecisionIsAlwaysExplained::test_every_outcome_carries_a_reason
    not asked: the test still passed when this defect was injected, and 3 other candidate test(s) failed under the same edit. The edit was not verified, so this is not evidence that the test fails to catch the defect.
  [passed_under_edit] exclude-passing-tests-under-edit/passed-tests-not-filtered-from-judge-input x tests/test_execution_decision.py::TestWhenItDeclines::test_no_defect_can_be_edited
    not asked: the test still passed when this defect was injected, and 3 other candidate test(s) failed under the same edit. The edit was not verified, so this is not evidence that the test fails to catch the defect.
  [passed_under_edit] exclude-passing-tests-under-edit/passed-tests-not-filtered-from-judge-input x tests/test_execution_decision.py::TestWhenItDeclines::test_no_settings_at_all_is_not_a_run
    not asked: the test still passed when this defect was injected, and 3 other candidate test(s) failed under the same edit. The edit was not verified, so this is not evidence that the test fails to catch the defect.
  [passed_under_edit] exclude-passing-tests-under-edit/passed-tests-not-filtered-from-judge-input x tests/test_execution_decision.py::TestWhenItDeclines::test_nothing_would_consume_the_result
    not asked: the test still passed when this defect was injected, and 3 other candidate test(s) failed under the same edit. The edit was not verified, so this is not evidence that the test fails to catch the defect.
  [passed_under_edit] exclude-passing-tests-under-edit/passed-tests-not-filtered-from-judge-input x tests/test_execution_decision.py::TestWhenItRuns::test_a_result_could_count_and_there_is_something_to_inject
    not asked: the test still passed when this defect was injected, and 3 other candidate test(s) failed under the same edit. The edit was not verified, so this is not evidence that the test fails to catch the defect.
  [passed_under_edit] exclude-passing-tests-under-edit/passed-tests-not-filtered-from-judge-input x tests/test_execution_decision.py::TestWhenItRuns::test_routing_alone_is_enough
    not asked: the test still passed when this defect was injected, and 3 other candidate test(s) failed under the same edit. The edit was not verified, so this is not evidence that the test fails to catch the defect.
  [passed_under_edit] exclude-passing-tests-under-edit/passed-tests-not-filtered-from-judge-input x tests/test_execution_decision.py::TestWhenItRuns::test_the_reason_does_not_promise_evidence_routing_cannot_give
    not asked: the test still passed when this defect was injected, and 3 other candidate test(s) failed under the same edit. The edit was not verified, so this is not evidence that the test fails to catch the defect.
  [passed_under_edit] exclude-passing-tests-under-edit/passed-tests-not-filtered-from-judge-input x tests/test_execution_decision.py::TestWhenItRuns::test_the_reason_says_what_made_it_worth_doing
    not asked: the test still passed when this defect was injected, and 3 other candidate test(s) failed under the same edit. The edit was not verified, so this is not evidence that the test fails to catch the defect.
  [passed_under_edit] exclude-passing-tests-under-edit/passed-tests-not-filtered-from-judge-input x tests/test_mandate_coverage.py::test_a_decline_is_not_re_judged_even_when_the_text_reads_like_a_requirement
    not asked: the test still passed when this defect was injected, and 3 other candidate test(s) failed under the same edit. The edit was not verified, so this is not evidence that the test fails to catch the defect.
  [passed_under_edit] exclude-passing-tests-under-edit/passed-tests-not-filtered-from-judge-input x tests/test_mandate_coverage.py::test_a_requirement_whose_question_the_diff_resolved_counts_as_judged
    not asked: the test still passed when this defect was injected, and 3 other candidate test(s) failed under the same edit. The edit was not verified, so this is not evidence that the test fails to catch the defect.
  [passed_under_edit] exclude-passing-tests-under-edit/passed-tests-not-filtered-from-judge-input x tests/test_mutation_archetype_acceptance.py::TestRoutingChangesNothingHereButTheCost::test_a_survivor_holds_nothing_back_even_with_a_passing_test
    not asked: the test still passed when this defect was injected, and 3 other candidate test(s) failed under the same edit. The edit was not verified, so this is not evidence that the test fails to catch the defect.
  [passed_under_edit] exclude-passing-tests-under-edit/passed-tests-not-filtered-from-judge-input x tests/test_mutation_archetype_acceptance.py::TestRoutingChangesNothingHereButTheCost::test_routing_holds_nothing_back_on_this_fixture
    not asked: the test still passed when this defect was injected, and 3 other candidate test(s) failed under the same edit. The edit was not verified, so this is not evidence that the test fails to catch the defect.
  [passed_under_edit] exclude-passing-tests-under-edit/passed-tests-not-filtered-from-judge-input x tests/test_mutation_archetype_acceptance.py::TestRoutingChangesNothingHereButTheCost::test_the_labelled_kill_is_untouched
    not asked: the test still passed when this defect was injected, and 3 other candidate test(s) failed under the same edit. The edit was not verified, so this is not evidence that the test fails to catch the defect.
  [passed_under_edit] exclude-passing-tests-under-edit/passed-tests-not-filtered-from-judge-input x tests/test_mutation_archetype_acceptance.py::TestTheGroundTruthIsReproduced::test_every_attempt_was_observed_by_execution
    not asked: the test still passed when this defect was injected, and 3 other candidate test(s) failed under the same edit. The edit was not verified, so this is not evidence that the test fails to catch the defect.
  [passed_under_edit] exclude-passing-tests-under-edit/passed-tests-not-filtered-from-judge-input x tests/test_mutation_archetype_acceptance.py::TestTheGroundTruthIsReproduced::test_every_labelled_defect_got_an_attempt
    not asked: the test still passed when this defect was injected, and 3 other candidate test(s) failed under the same edit. The edit was not verified, so this is not evidence that the test fails to catch the defect.
  [passed_under_edit] exclude-passing-tests-under-edit/passed-tests-not-filtered-from-judge-input x tests/test_mutation_archetype_acceptance.py::TestTheGroundTruthIsReproduced::test_the_killing_tests_match_the_labels
    not asked: the test still passed when this defect was injected, and 3 other candidate test(s) failed under the same edit. The edit was not verified, so this is not evidence that the test fails to catch the defect.
  [passed_under_edit] exclude-passing-tests-under-edit/passed-tests-not-filtered-from-judge-input x tests/test_mutation_archetype_acceptance.py::TestTheUpgradeThisMilestoneExistsFor::test_a_defect_the_test_cannot_catch_is_observed_to_survive
    not asked: the test still passed when this defect was injected, and 3 other candidate test(s) failed under the same edit. The edit was not verified, so this is not evidence that the test fails to catch the defect.
  [passed_under_edit] exclude-passing-tests-under-edit/passed-tests-not-filtered-from-judge-input x tests/test_mutation_archetype_acceptance.py::TestTheUpgradeThisMilestoneExistsFor::test_the_defect_the_test_can_catch_is_observed_to_die
    not asked: the test still passed when this defect was injected, and 3 other candidate test(s) failed under the same edit. The edit was not verified, so this is not evidence that the test fails to catch the defect.
  [passed_under_edit] exclude-passing-tests-under-edit/passed-tests-not-filtered-from-judge-input x tests/test_mutation_archetype_acceptance.py::TestTheUpgradeThisMilestoneExistsFor::test_the_injected_edit_is_recorded_for_each
    not asked: the test still passed when this defect was injected, and 3 other candidate test(s) failed under the same edit. The edit was not verified, so this is not evidence that the test fails to catch the defect.
  [passed_under_edit] exclude-passing-tests-under-edit/passed-tests-not-filtered-from-judge-input x tests/test_mutation_archetype_acceptance.py::TestTheUpgradeThisMilestoneExistsFor::test_the_verdicts_reach_the_executed_tier_once_the_edits_are_verified
    not asked: the test still passed when this defect was injected, and 3 other candidate test(s) failed under the same edit. The edit was not verified, so this is not evidence that the test fails to catch the defect.
  [passed_under_edit] exclude-passing-tests-under-edit/passed-tests-not-filtered-from-judge-input x tests/test_mutation_archetype_acceptance.py::TestTheUpgradeThisMilestoneExistsFor::test_without_verification_nothing_reaches_the_executed_tier
    not asked: the test still passed when this defect was injected, and 3 other candidate test(s) failed under the same edit. The edit was not verified, so this is not evidence that the test fails to catch the defect.
  [passed_under_edit] exclude-passing-tests-under-edit/passed-tests-not-filtered-from-judge-input x tests/test_mutation_verdicts.py::TestAnUnverifiedEditCountsForNothing::test_an_unverified_kill_produces_no_verdict
    not asked: the test still passed when this defect was injected, and 3 other candidate test(s) failed under the same edit. The edit was not verified, so this is not evidence that the test fails to catch the defect.
  [passed_under_edit] exclude-passing-tests-under-edit/passed-tests-not-filtered-from-judge-input x tests/test_mutation_verdicts.py::TestAnUnverifiedEditCountsForNothing::test_an_unverified_survival_produces_no_verdict
    not asked: the test still passed when this defect was injected, and 3 other candidate test(s) failed under the same edit. The edit was not verified, so this is not evidence that the test fails to catch the defect.
  [passed_under_edit] exclude-passing-tests-under-edit/passed-tests-not-filtered-from-judge-input x tests/test_mutation_verdicts.py::TestAnUnverifiedEditCountsForNothing::test_its_defect_still_goes_to_the_static_judge
    not asked: the test still passed when this defect was injected, and 3 other candidate test(s) failed under the same edit. The edit was not verified, so this is not evidence that the test fails to catch the defect.
  [passed_under_edit] exclude-passing-tests-under-edit/passed-tests-not-filtered-from-judge-input x tests/test_mutation_verdicts.py::TestAnUnverifiedEditCountsForNothing::test_the_criterion_it_belongs_to_stays_static
    not asked: the test still passed when this defect was injected, and 3 other candidate test(s) failed under the same edit. The edit was not verified, so this is not evidence that the test fails to catch the defect.
  [passed_under_edit] exclude-passing-tests-under-edit/passed-tests-not-filtered-from-judge-input x tests/test_mutation_verdicts.py::TestTheRatingReadsBoth::test_a_defect_with_no_verdict_at_all_holds_it_at_static
    not asked: the test still passed when this defect was injected, and 3 other candidate test(s) failed under the same edit. The edit was not verified, so this is not evidence that the test fails to catch the defect.
  [passed_under_edit] exclude-passing-tests-under-edit/passed-tests-not-filtered-from-judge-input x tests/test_mutation_verdicts.py::TestTheRatingReadsBoth::test_a_fully_executed_criterion_reaches_the_defect_killed_tier
    not asked: the test still passed when this defect was injected, and 3 other candidate test(s) failed under the same edit. The edit was not verified, so this is not evidence that the test fails to catch the defect.
  [passed_under_edit] exclude-passing-tests-under-edit/passed-tests-not-filtered-from-judge-input x tests/test_mutation_verdicts.py::TestTheRatingReadsBoth::test_a_predicted_kill_does_not_borrow_an_executed_survival_tier
    not asked: the test still passed when this defect was injected, and 3 other candidate test(s) failed under the same edit. The edit was not verified, so this is not evidence that the test fails to catch the defect.
  [passed_under_edit] exclude-passing-tests-under-edit/passed-tests-not-filtered-from-judge-input x tests/test_mutation_verdicts.py::TestTheRatingReadsBoth::test_a_review_with_no_execution_is_unchanged
    not asked: the test still passed when this defect was injected, and 3 other candidate test(s) failed under the same edit. The edit was not verified, so this is not evidence that the test fails to catch the defect.
  [passed_under_edit] exclude-passing-tests-under-edit/passed-tests-not-filtered-from-judge-input x tests/test_mutation_verdicts.py::TestTheRatingReadsBoth::test_an_executed_kill_counts_toward_coverage
    not asked: the test still passed when this defect was injected, and 3 other candidate test(s) failed under the same edit. The edit was not verified, so this is not evidence that the test fails to catch the defect.
  [passed_under_edit] exclude-passing-tests-under-edit/passed-tests-not-filtered-from-judge-input x tests/test_mutation_verdicts.py::TestTheRatingReadsBoth::test_an_executed_kill_is_not_dragged_down_by_a_predicted_verdict_on_the_same_defect
    not asked: the test still passed when this defect was injected, and 3 other candidate test(s) failed under the same edit. The edit was not verified, so this is not evidence that the test fails to catch the defect.
  [passed_under_edit] exclude-passing-tests-under-edit/passed-tests-not-filtered-from-judge-input x tests/test_mutation_verdicts.py::TestTheRatingReadsBoth::test_an_executed_kill_outranks_a_predicted_kill_on_the_same_defect
    not asked: the test still passed when this defect was injected, and 3 other candidate test(s) failed under the same edit. The edit was not verified, so this is not evidence that the test fails to catch the defect.
  [passed_under_edit] exclude-passing-tests-under-edit/passed-tests-not-filtered-from-judge-input x tests/test_mutation_verdicts.py::TestTheRatingReadsBoth::test_an_executed_survival_on_every_test_reaches_the_defect_killed_tier
    not asked: the test still passed when this defect was injected, and 3 other candidate test(s) failed under the same edit. The edit was not verified, so this is not evidence that the test fails to catch the defect.
  [passed_under_edit] exclude-passing-tests-under-edit/passed-tests-not-filtered-from-judge-input x tests/test_mutation_verdicts.py::TestTheRatingReadsBoth::test_an_uncovered_defect_is_only_as_known_as_its_weakest_verdict
    not asked: the test still passed when this defect was injected, and 3 other candidate test(s) failed under the same edit. The edit was not verified, so this is not evidence that the test fails to catch the defect.
  [passed_under_edit] exclude-passing-tests-under-edit/passed-tests-not-filtered-from-judge-input x tests/test_mutation_verdicts.py::TestTheRatingReadsBoth::test_one_predicted_defect_holds_the_criterion_at_static
    not asked: the test still passed when this defect was injected, and 3 other candidate test(s) failed under the same edit. The edit was not verified, so this is not evidence that the test fails to catch the defect.
  [passed_under_edit] exclude-passing-tests-under-edit/passed-tests-not-filtered-from-judge-input x tests/test_mutation_verdicts.py::TestVerdictsFrom::test_a_kill_records_the_red_test_as_killing
    not asked: the test still passed when this defect was injected, and 3 other candidate test(s) failed under the same edit. The edit was not verified, so this is not evidence that the test fails to catch the defect.
  [passed_under_edit] exclude-passing-tests-under-edit/passed-tests-not-filtered-from-judge-input x tests/test_mutation_verdicts.py::TestVerdictsFrom::test_a_survival_records_every_test_as_not_killing
    not asked: the test still passed when this defect was injected, and 3 other candidate test(s) failed under the same edit. The edit was not verified, so this is not evidence that the test fails to catch the defect.
  [passed_under_edit] exclude-passing-tests-under-edit/passed-tests-not-filtered-from-judge-input x tests/test_mutation_verdicts.py::TestVerdictsFrom::test_an_unsettled_attempt_produces_no_verdict
    not asked: the test still passed when this defect was injected, and 3 other candidate test(s) failed under the same edit. The edit was not verified, so this is not evidence that the test fails to catch the defect.
  [passed_under_edit] exclude-passing-tests-under-edit/passed-tests-not-filtered-from-judge-input x tests/test_mutation_verdicts.py::TestVerdictsFrom::test_every_test_the_mutant_ran_against_gets_a_verdict
    not asked: the test still passed when this defect was injected, and 3 other candidate test(s) failed under the same edit. The edit was not verified, so this is not evidence that the test fails to catch the defect.
  [passed_under_edit] exclude-passing-tests-under-edit/passed-tests-not-filtered-from-judge-input x tests/test_mutation_verdicts.py::TestVerdictsFrom::test_executed_verdicts_carry_the_defect_killed_tier
    not asked: the test still passed when this defect was injected, and 3 other candidate test(s) failed under the same edit. The edit was not verified, so this is not evidence that the test fails to catch the defect.
  [passed_under_edit] exclude-passing-tests-under-edit/passed-tests-not-filtered-from-judge-input x tests/test_mutation_verdicts.py::TestVerdictsFrom::test_no_carry_key_so_an_executed_verdict_is_never_carried_forward
    not asked: the test still passed when this defect was injected, and 3 other candidate test(s) failed under the same edit. The edit was not verified, so this is not evidence that the test fails to catch the defect.
  [passed_under_edit] exclude-passing-tests-under-edit/passed-tests-not-filtered-from-judge-input x tests/test_mutation_verdicts.py::TestVerdictsFrom::test_the_defect_text_is_carried_so_a_later_run_can_identify_it
    not asked: the test still passed when this defect was injected, and 3 other candidate test(s) failed under the same edit. The edit was not verified, so this is not evidence that the test fails to catch the defect.
  [passed_under_edit] exclude-passing-tests-under-edit/passed-tests-not-filtered-from-judge-input x tests/test_mutation_verdicts.py::TestVerdictsFrom::test_the_reason_says_the_answer_was_observed
    not asked: the test still passed when this defect was injected, and 3 other candidate test(s) failed under the same edit. The edit was not verified, so this is not evidence that the test fails to catch the defect.
  [passed_under_edit] exclude-passing-tests-under-edit/passed-tests-not-filtered-from-judge-input x tests/test_pair_routing.py::TestADroppedPairIsNotASurvival::test_a_prefiltered_pair_still_does_not
    not asked: the test still passed when this defect was injected, and 3 other candidate test(s) failed under the same edit. The edit was not verified, so this is not evidence that the test fails to catch the defect.
  [passed_under_edit] exclude-passing-tests-under-edit/passed-tests-not-filtered-from-judge-input x tests/test_pair_routing.py::TestADroppedPairIsNotASurvival::test_it_cannot_make_a_criterion_strongly_supported
    not asked: the test still passed when this defect was injected, and 3 other candidate test(s) failed under the same edit. The edit was not verified, so this is not evidence that the test fails to catch the defect.
  [passed_under_edit] exclude-passing-tests-under-edit/passed-tests-not-filtered-from-judge-input x tests/test_pair_routing.py::TestADroppedPairIsNotASurvival::test_it_contributes_no_verdict_and_no_test_link
    not asked: the test still passed when this defect was injected, and 3 other candidate test(s) failed under the same edit. The edit was not verified, so this is not evidence that the test fails to catch the defect.
  [passed_under_edit] exclude-passing-tests-under-edit/passed-tests-not-filtered-from-judge-input x tests/test_pair_routing.py::TestADroppedPairIsNotASurvival::test_it_raises_unknown_rather_than_reading_as_uncovered
    not asked: the test still passed when this defect was injected, and 3 other candidate test(s) failed under the same edit. The edit was not verified, so this is not evidence that the test fails to catch the defect.
  [passed_under_edit] exclude-passing-tests-under-edit/passed-tests-not-filtered-from-judge-input x tests/test_pair_routing.py::TestWhichPairsTheRunAnswers::test_a_settled_attempt_skips_nothing
    not asked: the test still passed when this defect was injected, and 3 other candidate test(s) failed under the same edit. The edit was not verified, so this is not evidence that the test fails to catch the defect.
  [passed_under_edit] exclude-passing-tests-under-edit/passed-tests-not-filtered-from-judge-input x tests/test_pair_routing.py::TestWhichPairsTheRunAnswers::test_a_survival_skips_nothing
    not asked: the test still passed when this defect was injected, and 3 other candidate test(s) failed under the same edit. The edit was not verified, so this is not evidence that the test fails to catch the defect.
  [passed_under_edit] exclude-passing-tests-under-edit/passed-tests-not-filtered-from-judge-input x tests/test_pair_routing.py::TestWhichPairsTheRunAnswers::test_a_test_that_failed_under_the_edit_is_still_asked
    not asked: the test still passed when this defect was injected, and 3 other candidate test(s) failed under the same edit. The edit was not verified, so this is not evidence that the test fails to catch the defect.
  [passed_under_edit] exclude-passing-tests-under-edit/passed-tests-not-filtered-from-judge-input x tests/test_pair_routing.py::TestWhichPairsTheRunAnswers::test_a_test_that_kept_passing_under_the_edit_is_not_asked
    not asked: the test still passed when this defect was injected, and 3 other candidate test(s) failed under the same edit. The edit was not verified, so this is not evidence that the test fails to catch the defect.
  [passed_under_edit] exclude-passing-tests-under-edit/passed-tests-not-filtered-from-judge-input x tests/test_pair_routing.py::TestWhichPairsTheRunAnswers::test_the_reason_says_the_edit_was_not_verified
    not asked: the test still passed when this defect was injected, and 3 other candidate test(s) failed under the same edit. The edit was not verified, so this is not evidence that the test fails to catch the defect.
  [passed_under_edit] exclude-passing-tests-under-edit/passed-tests-not-filtered-from-judge-input x tests/test_supplied_ids.py::test_a_clean_answer_records_nothing_and_keeps_its_negative_verdicts
    not asked: the test still passed when this defect was injected, and 3 other candidate test(s) failed under the same edit. The edit was not verified, so this is not evidence that the test fails to catch the defect.
  [passed_under_edit] exclude-passing-tests-under-edit/passed-tests-not-filtered-from-judge-input x tests/test_supplied_ids.py::test_a_foreign_defect_id_is_recorded_not_silently_dropped
    not asked: the test still passed when this defect was injected, and 3 other candidate test(s) failed under the same edit. The edit was not verified, so this is not evidence that the test fails to catch the defect.
  [passed_under_edit] exclude-passing-tests-under-edit/passed-tests-not-filtered-from-judge-input x tests/test_supplied_ids.py::test_the_schema_asked_for_differs_from_the_shape_parsed
    not asked: the test still passed when this defect was injected, and 3 other candidate test(s) failed under the same edit. The edit was not verified, so this is not evidence that the test fails to catch the defect.
  [passed_under_edit] exclude-passing-tests-under-edit/passed-tests-not-filtered-from-judge-input x tests/test_unverified_mutation_is_inert.py::TestNothingDerivesFromIt::test_no_test_is_credited_to_the_criterion
    not asked: the test still passed when this defect was injected, and 3 other candidate test(s) failed under the same edit. The edit was not verified, so this is not evidence that the test fails to catch the defect.
  [passed_under_edit] exclude-passing-tests-under-edit/passed-tests-not-filtered-from-judge-input x tests/test_unverified_mutation_is_inert.py::TestNothingDerivesFromIt::test_the_defect_still_reaches_the_static_judge
    not asked: the test still passed when this defect was injected, and 3 other candidate test(s) failed under the same edit. The edit was not verified, so this is not evidence that the test fails to catch the defect.
  [passed_under_edit] exclude-passing-tests-under-edit/passed-tests-not-filtered-from-judge-input x tests/test_unverified_mutation_is_inert.py::TestNothingDerivesFromIt::test_the_evidence_class_is_unchanged
    not asked: the test still passed when this defect was injected, and 3 other candidate test(s) failed under the same edit. The edit was not verified, so this is not evidence that the test fails to catch the defect.
  [passed_under_edit] exclude-passing-tests-under-edit/passed-tests-not-filtered-from-judge-input x tests/test_unverified_mutation_is_inert.py::TestNothingDerivesFromIt::test_the_rating_stays_at_the_static_tier
    not asked: the test still passed when this defect was injected, and 3 other candidate test(s) failed under the same edit. The edit was not verified, so this is not evidence that the test fails to catch the defect.
  [passed_under_edit] exclude-passing-tests-under-edit/passed-tests-not-filtered-from-judge-input x tests/test_unverified_mutation_is_inert.py::test_a_verified_attempt_does_contribute_verdicts
    not asked: the test still passed when this defect was injected, and 3 other candidate test(s) failed under the same edit. The edit was not verified, so this is not evidence that the test fails to catch the defect.
  [passed_under_edit] exclude-passing-tests-under-edit/passed-tests-not-filtered-from-judge-input x tests/test_unverified_mutation_is_inert.py::test_an_unverified_attempt_contributes_no_verdict
    not asked: the test still passed when this defect was injected, and 3 other candidate test(s) failed under the same edit. The edit was not verified, so this is not evidence that the test fails to catch the defect.
  [passed_under_edit] exclude-passing-tests-under-edit/passed-tests-not-filtered-from-judge-input x tests/test_verdict.py::test_a_tests_only_obligation_is_still_judged_on_its_test_evidence
    not asked: the test still passed when this defect was injected, and 3 other candidate test(s) failed under the same edit. The edit was not verified, so this is not evidence that the test fails to catch the defect.
  [unanswered] exclude-passing-tests-under-edit/route-pairs-disabled-still-omits-passing-tests x tests/test_unverified_mutation_is_inert.py::test_a_verified_attempt_does_contribute_verdicts
    offered to the judge and not answered; no verdict was produced
  [unanswered] exclude-passing-tests-under-edit/route-pairs-disabled-still-omits-passing-tests x tests/test_unverified_mutation_is_inert.py::test_an_unverified_attempt_contributes_no_verdict
    offered to the judge and not answered; no verdict was produced
  [unanswered] exclude-passing-tests-under-edit/skipped-pairs-not-applied-to-first-pass-input x tests/test_unverified_mutation_is_inert.py::test_a_verified_attempt_does_contribute_verdicts
    offered to the judge and not answered; no verdict was produced
  [unanswered] exclude-passing-tests-under-edit/skipped-pairs-not-applied-to-first-pass-input x tests/test_unverified_mutation_is_inert.py::test_an_unverified_attempt_contributes_no_verdict
    offered to the judge and not answered; no verdict was produced
  [unanswered] exclude-test-selection-and-run-eligibility/pair-skipping-changes-candidate-selection x tests/test_unverified_mutation_is_inert.py::test_a_verified_attempt_does_contribute_verdicts
    offered to the judge and not answered; no verdict was produced
  [unanswered] exclude-test-selection-and-run-eligibility/pair-skipping-changes-candidate-selection x tests/test_unverified_mutation_is_inert.py::test_an_unverified_attempt_contributes_no_verdict
    offered to the judge and not answered; no verdict was produced
  [unanswered] inject-edit-for-each-plausible-defect/pair-routing-disabled-by-default x tests/defects/test_pair_mapping.py::test_a_verdict_is_produced_again_when_the_tests_source_changed
    offered to the judge and not answered; no verdict was produced
  [passed_under_edit] no-edit-checking/route-pairs-adds-edit-checking x tests/benchmark/test_corpus.py::test_every_case_is_traceable_to_the_judgement_it_came_from
    not asked: the test still passed when this defect was injected, and 5 other candidate test(s) failed under the same edit. The edit was not verified, so this is not evidence that the test fails to catch the defect.
  [passed_under_edit] no-edit-checking/route-pairs-adds-edit-checking x tests/benchmark/test_coverage.py::test_cli_and_benchmark_share_one_pipeline
    not asked: the test still passed when this defect was injected, and 5 other candidate test(s) failed under the same edit. The edit was not verified, so this is not evidence that the test fails to catch the defect.
  [passed_under_edit] no-edit-checking/route-pairs-adds-edit-checking x tests/benchmark/test_instability.py::test_a_caller_supplied_model_set_is_actually_measured
    not asked: the test still passed when this defect was injected, and 5 other candidate test(s) failed under the same edit. The edit was not verified, so this is not evidence that the test fails to catch the defect.
  [passed_under_edit] no-edit-checking/route-pairs-adds-edit-checking x tests/benchmark/test_instability.py::test_a_flipped_evidence_class_is_content_and_never_shape
    not asked: the test still passed when this defect was injected, and 5 other candidate test(s) failed under the same edit. The edit was not verified, so this is not evidence that the test fails to catch the defect.
  [passed_under_edit] no-edit-checking/route-pairs-adds-edit-checking x tests/benchmark/test_instability.py::test_a_flipped_pair_verdict_is_reported_per_pair
    not asked: the test still passed when this defect was injected, and 5 other candidate test(s) failed under the same edit. The edit was not verified, so this is not evidence that the test fails to catch the defect.
  [passed_under_edit] no-edit-checking/route-pairs-adds-edit-checking x tests/benchmark/test_instability.py::test_a_lost_obligation_is_reported_as_a_content_difference
    not asked: the test still passed when this defect was injected, and 5 other candidate test(s) failed under the same edit. The edit was not verified, so this is not evidence that the test fails to catch the defect.
  [passed_under_edit] no-edit-checking/route-pairs-adds-edit-checking x tests/benchmark/test_instability.py::test_a_model_that_cannot_make_up_its_mind_does_not_count_as_agreeing
    not asked: the test still passed when this defect was injected, and 5 other candidate test(s) failed under the same edit. The edit was not verified, so this is not evidence that the test fails to catch the defect.
  [passed_under_edit] no-edit-checking/route-pairs-adds-edit-checking x tests/benchmark/test_instability.py::test_a_perturbation_run_is_included_when_one_is_supplied
    not asked: the test still passed when this defect was injected, and 5 other candidate test(s) failed under the same edit. The edit was not verified, so this is not evidence that the test fails to catch the defect.
  [passed_under_edit] no-edit-checking/route-pairs-adds-edit-checking x tests/benchmark/test_instability.py::test_a_repartitioned_obligation_is_reported_as_a_shape_difference
    not asked: the test still passed when this defect was injected, and 5 other candidate test(s) failed under the same edit. The edit was not verified, so this is not evidence that the test fails to catch the defect.
  [passed_under_edit] no-edit-checking/route-pairs-adds-edit-checking x tests/benchmark/test_instability.py::test_an_oscillating_open_question_is_a_content_difference
    not asked: the test still passed when this defect was injected, and 5 other candidate test(s) failed under the same edit. The edit was not verified, so this is not evidence that the test fails to catch the defect.
  [passed_under_edit] no-edit-checking/route-pairs-adds-edit-checking x tests/benchmark/test_instability.py::test_an_unanswered_subject_counts_as_content_not_shape
    not asked: the test still passed when this defect was injected, and 5 other candidate test(s) failed under the same edit. The edit was not verified, so this is not evidence that the test fails to catch the defect.
  [passed_under_edit] no-edit-checking/route-pairs-adds-edit-checking x tests/benchmark/test_instability.py::test_an_unmatched_statement_covered_by_nothing_is_a_content_difference
    not asked: the test still passed when this defect was injected, and 5 other candidate test(s) failed under the same edit. The edit was not verified, so this is not evidence that the test fails to catch the defect.
  [passed_under_edit] no-edit-checking/route-pairs-adds-edit-checking x tests/benchmark/test_instability.py::test_an_unmatched_statement_covered_by_the_other_set_is_a_shape_difference
    not asked: the test still passed when this defect was injected, and 5 other candidate test(s) failed under the same edit. The edit was not verified, so this is not evidence that the test fails to catch the defect.
  [passed_under_edit] no-edit-checking/route-pairs-adds-edit-checking x tests/benchmark/test_instability.py::test_content_and_shape_are_reported_as_separate_figures
    not asked: the test still passed when this defect was injected, and 5 other candidate test(s) failed under the same edit. The edit was not verified, so this is not evidence that the test fails to catch the defect.
  [passed_under_edit] no-edit-checking/route-pairs-adds-edit-checking x tests/benchmark/test_instability.py::test_content_and_shape_counts_diverge_when_both_kinds_occur
    not asked: the test still passed when this defect was injected, and 5 other candidate test(s) failed under the same edit. The edit was not verified, so this is not evidence that the test fails to catch the defect.
  [passed_under_edit] no-edit-checking/route-pairs-adds-edit-checking x tests/benchmark/test_instability.py::test_cross_model_agreement_covers_every_judgement_axis
    not asked: the test still passed when this defect was injected, and 5 other candidate test(s) failed under the same edit. The edit was not verified, so this is not evidence that the test fails to catch the defect.
  [passed_under_edit] no-edit-checking/route-pairs-adds-edit-checking x tests/benchmark/test_instability.py::test_cross_model_agreement_is_none_with_a_single_model
    not asked: the test still passed when this defect was injected, and 5 other candidate test(s) failed under the same edit. The edit was not verified, so this is not evidence that the test fails to catch the defect.
  [passed_under_edit] no-edit-checking/route-pairs-adds-edit-checking x tests/benchmark/test_instability.py::test_cross_model_agreement_is_reported_alongside_within_model_variance
    not asked: the test still passed when this defect was injected, and 5 other candidate test(s) failed under the same edit. The edit was not verified, so this is not evidence that the test fails to catch the defect.
  [passed_under_edit] no-edit-checking/route-pairs-adds-edit-checking x tests/benchmark/test_instability.py::test_decomposition_variation_is_surfaced_and_not_only_evidence_variation
    not asked: the test still passed when this defect was injected, and 5 other candidate test(s) failed under the same edit. The edit was not verified, so this is not evidence that the test fails to catch the defect.
  [passed_under_edit] no-edit-checking/route-pairs-adds-edit-checking x tests/benchmark/test_instability.py::test_evidence_class_distribution_counts_every_draw
    not asked: the test still passed when this defect was injected, and 5 other candidate test(s) failed under the same edit. The edit was not verified, so this is not evidence that the test fails to catch the defect.
  [passed_under_edit] no-edit-checking/route-pairs-adds-edit-checking x tests/benchmark/test_instability.py::test_matching_ids_with_different_text_are_not_treated_as_the_same_obligation
    not asked: the test still passed when this defect was injected, and 5 other candidate test(s) failed under the same edit. The edit was not verified, so this is not evidence that the test fails to catch the defect.
  [passed_under_edit] no-edit-checking/route-pairs-adds-edit-checking x tests/benchmark/test_instability.py::test_measure_instability_records_the_conditions_that_produced_it
    not asked: the test still passed when this defect was injected, and 5 other candidate test(s) failed under the same edit. The edit was not verified, so this is not evidence that the test fails to catch the defect.
  [passed_under_edit] no-edit-checking/route-pairs-adds-edit-checking x tests/benchmark/test_instability.py::test_measure_instability_varies_the_seed_across_runs
    not asked: the test still passed when this defect was injected, and 5 other candidate test(s) failed under the same edit. The edit was not verified, so this is not evidence that the test fails to catch the defect.
  [passed_under_edit] no-edit-checking/route-pairs-adds-edit-checking x tests/benchmark/test_instability.py::test_measuring_variance_requires_at_least_two_runs
    not asked: the test still passed when this defect was injected, and 5 other candidate test(s) failed under the same edit. The edit was not verified, so this is not evidence that the test fails to catch the defect.
  [passed_under_edit] no-edit-checking/route-pairs-adds-edit-checking x tests/benchmark/test_instability.py::test_no_ci_workflow_invokes_the_instability_harness
    not asked: the test still passed when this defect was injected, and 5 other candidate test(s) failed under the same edit. The edit was not verified, so this is not evidence that the test fails to catch the defect.
  [passed_under_edit] no-edit-checking/route-pairs-adds-edit-checking x tests/benchmark/test_instability.py::test_obligations_align_by_content_even_when_their_ids_differ
    not asked: the test still passed when this defect was injected, and 5 other candidate test(s) failed under the same edit. The edit was not verified, so this is not evidence that the test fails to catch the defect.
  [passed_under_edit] no-edit-checking/route-pairs-adds-edit-checking x tests/benchmark/test_instability.py::test_observations_do_not_leak_between_clients
    not asked: the test still passed when this defect was injected, and 5 other candidate test(s) failed under the same edit. The edit was not verified, so this is not evidence that the test fails to catch the defect.
  [passed_under_edit] no-edit-checking/route-pairs-adds-edit-checking x tests/benchmark/test_instability.py::test_omitted_parameters_fall_back_to_the_declared_defaults
    not asked: the test still passed when this defect was injected, and 5 other candidate test(s) failed under the same edit. The edit was not verified, so this is not evidence that the test fails to catch the defect.
  [passed_under_edit] no-edit-checking/route-pairs-adds-edit-checking x tests/benchmark/test_instability.py::test_perturbation_sensitivity_is_a_proportion_of_watched_judgements
    not asked: the test still passed when this defect was injected, and 5 other candidate test(s) failed under the same edit. The edit was not verified, so this is not evidence that the test fails to catch the defect.
  [passed_under_edit] no-edit-checking/route-pairs-adds-edit-checking x tests/benchmark/test_instability.py::test_perturbation_sensitivity_is_none_when_nothing_was_watched
    not asked: the test still passed when this defect was injected, and 5 other candidate test(s) failed under the same edit. The edit was not verified, so this is not evidence that the test fails to catch the defect.
  [passed_under_edit] no-edit-checking/route-pairs-adds-edit-checking x tests/benchmark/test_instability.py::test_presence_rows_show_an_obligation_missing_from_some_runs
    not asked: the test still passed when this defect was injected, and 5 other candidate test(s) failed under the same edit. The edit was not verified, so this is not evidence that the test fails to catch the defect.
  [passed_under_edit] no-edit-checking/route-pairs-adds-edit-checking x tests/benchmark/test_instability.py::test_run_once_drives_the_real_pipeline_and_snapshots_its_output
    not asked: the test still passed when this defect was injected, and 5 other candidate test(s) failed under the same edit. The edit was not verified, so this is not evidence that the test fails to catch the defect.
  [passed_under_edit] no-edit-checking/route-pairs-adds-edit-checking x tests/benchmark/test_instability.py::test_runs_are_recorded_live_and_never_replayed
    not asked: the test still passed when this defect was injected, and 5 other candidate test(s) failed under the same edit. The edit was not verified, so this is not evidence that the test fails to catch the defect.
  [passed_under_edit] no-edit-checking/route-pairs-adds-edit-checking x tests/benchmark/test_instability.py::test_seeds_are_derived_so_a_measurement_is_repeatable_from_its_provenance
    not asked: the test still passed when this defect was injected, and 5 other candidate test(s) failed under the same edit. The edit was not verified, so this is not evidence that the test fails to catch the defect.
  [passed_under_edit] no-edit-checking/route-pairs-adds-edit-checking x tests/benchmark/test_instability.py::test_the_default_run_count_produces_three_runs_per_model
    not asked: the test still passed when this defect was injected, and 5 other candidate test(s) failed under the same edit. The edit was not verified, so this is not evidence that the test fails to catch the defect.
  [passed_under_edit] no-edit-checking/route-pairs-adds-edit-checking x tests/benchmark/test_instability.py::test_the_default_run_is_one_model_and_three_runs
    not asked: the test still passed when this defect was injected, and 5 other candidate test(s) failed under the same edit. The edit was not verified, so this is not evidence that the test fails to catch the defect.
  [passed_under_edit] no-edit-checking/route-pairs-adds-edit-checking x tests/benchmark/test_instability.py::test_the_harness_reports_variance_without_reducing_it
    not asked: the test still passed when this defect was injected, and 5 other candidate test(s) failed under the same edit. The edit was not verified, so this is not evidence that the test fails to catch the defect.
  [passed_under_edit] no-edit-checking/route-pairs-adds-edit-checking x tests/benchmark/test_instability.py::test_the_harness_uses_the_benchmark_variance_path_and_not_a_second_one
    not asked: the test still passed when this defect was injected, and 5 other candidate test(s) failed under the same edit. The edit was not verified, so this is not evidence that the test fails to catch the defect.
  [passed_under_edit] no-edit-checking/route-pairs-adds-edit-checking x tests/benchmark/test_instability.py::test_the_observing_client_does_not_change_what_the_pipeline_produces
    not asked: the test still passed when this defect was injected, and 5 other candidate test(s) failed under the same edit. The edit was not verified, so this is not evidence that the test fails to catch the defect.
  [passed_under_edit] no-edit-checking/route-pairs-adds-edit-checking x tests/benchmark/test_instability.py::test_the_perturbation_adds_a_test_that_asserts_nothing_about_the_change
    not asked: the test still passed when this defect was injected, and 5 other candidate test(s) failed under the same edit. The edit was not verified, so this is not evidence that the test fails to catch the defect.
  [passed_under_edit] no-edit-checking/route-pairs-adds-edit-checking x tests/benchmark/test_instability.py::test_the_perturbation_never_writes_into_the_repository_under_review
    not asked: the test still passed when this defect was injected, and 5 other candidate test(s) failed under the same edit. The edit was not verified, so this is not evidence that the test fails to catch the defect.
  [passed_under_edit] no-edit-checking/route-pairs-adds-edit-checking x tests/benchmark/test_instability.py::test_the_report_carries_no_pass_fail_or_threshold_field
    not asked: the test still passed when this defect was injected, and 5 other candidate test(s) failed under the same edit. The edit was not verified, so this is not evidence that the test fails to catch the defect.
  [passed_under_edit] no-edit-checking/route-pairs-adds-edit-checking x tests/benchmark/test_instability.py::test_the_three_movement_sources_are_reported_as_distinct_figures
    not asked: the test still passed when this defect was injected, and 5 other candidate test(s) failed under the same edit. The edit was not verified, so this is not evidence that the test fails to catch the defect.
  [passed_under_edit] no-edit-checking/route-pairs-adds-edit-checking x tests/benchmark/test_instability.py::test_with_no_counterpart_set_at_all_everything_is_content
    not asked: the test still passed when this defect was injected, and 5 other candidate test(s) failed under the same edit. The edit was not verified, so this is not evidence that the test fails to catch the defect.
  [passed_under_edit] no-edit-checking/route-pairs-adds-edit-checking x tests/benchmark/test_rating_regression.py::test_the_case_set_can_catch_a_judge_erring_either_way
    not asked: the test still passed when this defect was injected, and 5 other candidate test(s) failed under the same edit. The edit was not verified, so this is not evidence that the test fails to catch the defect.
  [passed_under_edit] no-edit-checking/route-pairs-adds-edit-checking x tests/defects/test_pair_mapping.py::test_a_continued_run_carries_verdicts_through_the_ledger
    not asked: the test still passed when this defect was injected, and 5 other candidate test(s) failed under the same edit. The edit was not verified, so this is not evidence that the test fails to catch the defect.
  [passed_under_edit] no-edit-checking/route-pairs-adds-edit-checking x tests/defects/test_pair_mapping.py::test_a_failing_answer_with_no_reason_is_not_kept_as_a_verdict
    not asked: the test still passed when this defect was injected, and 5 other candidate test(s) failed under the same edit. The edit was not verified, so this is not evidence that the test fails to catch the defect.
  [passed_under_edit] no-edit-checking/route-pairs-adds-edit-checking x tests/defects/test_pair_mapping.py::test_a_pair_the_judge_never_answers_is_recorded_not_read_as_surviving
    not asked: the test still passed when this defect was injected, and 5 other candidate test(s) failed under the same edit. The edit was not verified, so this is not evidence that the test fails to catch the defect.
  [passed_under_edit] no-edit-checking/route-pairs-adds-edit-checking x tests/defects/test_pair_mapping.py::test_a_ragged_pair_set_is_still_split_into_rectangles
    not asked: the test still passed when this defect was injected, and 5 other candidate test(s) failed under the same edit. The edit was not verified, so this is not evidence that the test fails to catch the defect.
  [passed_under_edit] no-edit-checking/route-pairs-adds-edit-checking x tests/defects/test_pair_mapping.py::test_a_surviving_answer_carrying_a_reason_is_not_kept_as_a_verdict
    not asked: the test still passed when this defect was injected, and 5 other candidate test(s) failed under the same edit. The edit was not verified, so this is not evidence that the test fails to catch the defect.
  [passed_under_edit] no-edit-checking/route-pairs-adds-edit-checking x tests/defects/test_pair_mapping.py::test_a_surviving_answer_carrying_an_empty_reason_is_still_a_verdict
    not asked: the test still passed when this defect was injected, and 5 other candidate test(s) failed under the same edit. The edit was not verified, so this is not evidence that the test fails to catch the defect.
  [passed_under_edit] no-edit-checking/route-pairs-adds-edit-checking x tests/defects/test_pair_mapping.py::test_a_surviving_pair_is_stored_without_a_reason
    not asked: the test still passed when this defect was injected, and 5 other candidate test(s) failed under the same edit. The edit was not verified, so this is not evidence that the test fails to catch the defect.
  [passed_under_edit] no-edit-checking/route-pairs-adds-edit-checking x tests/defects/test_pair_mapping.py::test_a_verdict_is_produced_again_when_its_defect_changed
    not asked: the test still passed when this defect was injected, and 5 other candidate test(s) failed under the same edit. The edit was not verified, so this is not evidence that the test fails to catch the defect.
  [passed_under_edit] no-edit-checking/route-pairs-adds-edit-checking x tests/defects/test_pair_mapping.py::test_a_verdict_is_produced_again_when_the_tests_source_changed
    not asked: the test still passed when this defect was injected, and 5 other candidate test(s) failed under the same edit. The edit was not verified, so this is not evidence that the test fails to catch the defect.
  [passed_under_edit] no-edit-checking/route-pairs-adds-edit-checking x tests/defects/test_pair_mapping.py::test_a_verdict_is_reused_when_its_defect_and_its_test_are_both_unchanged
    not asked: the test still passed when this defect was injected, and 5 other candidate test(s) failed under the same edit. The edit was not verified, so this is not evidence that the test fails to catch the defect.
  [passed_under_edit] no-edit-checking/route-pairs-adds-edit-checking x tests/defects/test_pair_mapping.py::test_adding_one_test_judges_only_that_tests_pairs
    not asked: the test still passed when this defect was injected, and 5 other candidate test(s) failed under the same edit. The edit was not verified, so this is not evidence that the test fails to catch the defect.
  [passed_under_edit] no-edit-checking/route-pairs-adds-edit-checking x tests/defects/test_pair_mapping.py::test_changing_how_many_tests_share_a_call_invalidates_the_transcripts
    not asked: the test still passed when this defect was injected, and 5 other candidate test(s) failed under the same edit. The edit was not verified, so this is not evidence that the test fails to catch the defect.
  [passed_under_edit] no-edit-checking/route-pairs-adds-edit-checking x tests/defects/test_pair_mapping.py::test_defect_text_ignores_the_defect_id
    not asked: the test still passed when this defect was injected, and 5 other candidate test(s) failed under the same edit. The edit was not verified, so this is not evidence that the test fails to catch the defect.
  [passed_under_edit] no-edit-checking/route-pairs-adds-edit-checking x tests/defects/test_pair_mapping.py::test_every_offered_pair_comes_back_with_a_verdict
    not asked: the test still passed when this defect was injected, and 5 other candidate test(s) failed under the same edit. The edit was not verified, so this is not evidence that the test fails to catch the defect.
  [passed_under_edit] no-edit-checking/route-pairs-adds-edit-checking x tests/defects/test_pair_mapping.py::test_every_request_is_a_full_rectangle
    not asked: the test still passed when this defect was injected, and 5 other candidate test(s) failed under the same edit. The edit was not verified, so this is not evidence that the test fails to catch the defect.
  [passed_under_edit] no-edit-checking/route-pairs-adds-edit-checking x tests/defects/test_pair_mapping.py::test_no_request_carries_more_judgements_than_the_limit
    not asked: the test still passed when this defect was injected, and 5 other candidate test(s) failed under the same edit. The edit was not verified, so this is not evidence that the test fails to catch the defect.
  [passed_under_edit] no-edit-checking/route-pairs-adds-edit-checking x tests/defects/test_pair_mapping.py::test_one_misshapen_answer_does_not_discard_the_rest_of_its_batch
    not asked: the test still passed when this defect was injected, and 5 other candidate test(s) failed under the same edit. The edit was not verified, so this is not evidence that the test fails to catch the defect.
  [passed_under_edit] no-edit-checking/route-pairs-adds-edit-checking x tests/defects/test_pair_mapping.py::test_routing_off_asks_about_everything
    not asked: the test still passed when this defect was injected, and 5 other candidate test(s) failed under the same edit. The edit was not verified, so this is not evidence that the test fails to catch the defect.
  [passed_under_edit] no-edit-checking/route-pairs-adds-edit-checking x tests/defects/test_pair_mapping.py::test_the_answer_about_a_pair_carries_a_reason_only_where_the_test_would_fail
    not asked: the test still passed when this defect was injected, and 5 other candidate test(s) failed under the same edit. The edit was not verified, so this is not evidence that the test fails to catch the defect.
  [passed_under_edit] no-edit-checking/route-pairs-adds-edit-checking x tests/defects/test_pair_mapping.py::test_the_defect_list_sits_in_the_shared_prefix_of_every_call
    not asked: the test still passed when this defect was injected, and 5 other candidate test(s) failed under the same edit. The edit was not verified, so this is not evidence that the test fails to catch the defect.
  [passed_under_edit] no-edit-checking/route-pairs-adds-edit-checking x tests/defects/test_pair_mapping.py::test_the_digest_is_per_test_not_per_file
    not asked: the test still passed when this defect was injected, and 5 other candidate test(s) failed under the same edit. The edit was not verified, so this is not evidence that the test fails to catch the defect.
  [passed_under_edit] no-edit-checking/route-pairs-adds-edit-checking x tests/defects/test_pair_mapping.py::test_the_prefilter_keeps_its_own_cause
    not asked: the test still passed when this defect was injected, and 5 other candidate test(s) failed under the same edit. The edit was not verified, so this is not evidence that the test fails to catch the defect.
  [passed_under_edit] no-edit-checking/route-pairs-adds-edit-checking x tests/defects/test_pair_mapping.py::test_the_question_put_about_a_pair_is_the_failure_question
    not asked: the test still passed when this defect was injected, and 5 other candidate test(s) failed under the same edit. The edit was not verified, so this is not evidence that the test fails to catch the defect.
  [passed_under_edit] no-edit-checking/route-pairs-adds-edit-checking x tests/defects/test_pair_mapping.py::test_the_stage_is_byte_identical_when_its_calls_finish_out_of_order
    not asked: the test still passed when this defect was injected, and 5 other candidate test(s) failed under the same edit. The edit was not verified, so this is not evidence that the test fails to catch the defect.
  [passed_under_edit] no-edit-checking/route-pairs-adds-edit-checking x tests/defects/test_pair_mapping.py::test_which_pairs_share_a_request_does_not_change_what_carries
    not asked: the test still passed when this defect was injected, and 5 other candidate test(s) failed under the same edit. The edit was not verified, so this is not evidence that the test fails to catch the defect.
  [passed_under_edit] no-edit-checking/route-pairs-adds-edit-checking x tests/defects/test_reachability.py::test_excludes_and_records_the_one_provable_shape
    not asked: the test still passed when this defect was injected, and 5 other candidate test(s) failed under the same edit. The edit was not verified, so this is not evidence that the test fails to catch the defect.
  [passed_under_edit] no-edit-checking/route-pairs-adds-edit-checking x tests/defects/test_reachability.py::test_judges_a_test_that_names_something_the_defects_file_defines
    not asked: the test still passed when this defect was injected, and 5 other candidate test(s) failed under the same edit. The edit was not verified, so this is not evidence that the test fails to catch the defect.
  [passed_under_edit] no-edit-checking/route-pairs-adds-edit-checking x tests/defects/test_reachability.py::test_judges_a_test_that_reaches_the_defect_through_a_helper_module
    not asked: the test still passed when this defect was injected, and 5 other candidate test(s) failed under the same edit. The edit was not verified, so this is not evidence that the test fails to catch the defect.
  [passed_under_edit] no-edit-checking/route-pairs-adds-edit-checking x tests/defects/test_reachability.py::test_judges_a_test_that_takes_a_fixture
    not asked: the test still passed when this defect was injected, and 5 other candidate test(s) failed under the same edit. The edit was not verified, so this is not evidence that the test fails to catch the defect.
  [passed_under_edit] no-edit-checking/route-pairs-adds-edit-checking x tests/defects/test_reachability.py::test_judges_when_the_defect_implicates_no_file
    not asked: the test still passed when this defect was injected, and 5 other candidate test(s) failed under the same edit. The edit was not verified, so this is not evidence that the test fails to catch the defect.
  [passed_under_edit] no-edit-checking/route-pairs-adds-edit-checking x tests/defects/test_reachability.py::test_judges_when_the_module_imports_dynamically
    not asked: the test still passed when this defect was injected, and 5 other candidate test(s) failed under the same edit. The edit was not verified, so this is not evidence that the test fails to catch the defect.
  [passed_under_edit] no-edit-checking/route-pairs-adds-edit-checking x tests/defects/test_reachability.py::test_judges_when_the_module_imports_relatively
    not asked: the test still passed when this defect was injected, and 5 other candidate test(s) failed under the same edit. The edit was not verified, so this is not evidence that the test fails to catch the defect.
  [passed_under_edit] no-edit-checking/route-pairs-adds-edit-checking x tests/defects/test_support.py::test_a_criterion_whose_only_evidence_is_unjudged_is_indeterminate_not_nominal
    not asked: the test still passed when this defect was injected, and 5 other candidate test(s) failed under the same edit. The edit was not verified, so this is not evidence that the test fails to catch the defect.
  [passed_under_edit] no-edit-checking/route-pairs-adds-edit-checking x tests/defects/test_support.py::test_a_criterion_whose_pairs_were_offered_and_unanswered_is_indeterminate
    not asked: the test still passed when this defect was injected, and 5 other candidate test(s) failed under the same edit. The edit was not verified, so this is not evidence that the test fails to catch the defect.
  [passed_under_edit] no-edit-checking/route-pairs-adds-edit-checking x tests/defects/test_support.py::test_a_fully_judged_criterion_takes_the_class_its_kill_count_implies
    not asked: the test still passed when this defect was injected, and 5 other candidate test(s) failed under the same edit. The edit was not verified, so this is not evidence that the test fails to catch the defect.
  [passed_under_edit] no-edit-checking/route-pairs-adds-edit-checking x tests/defects/test_support.py::test_a_prefilter_exclusion_counts_as_a_surviving_pair_not_an_unknown_one
    not asked: the test still passed when this defect was injected, and 5 other candidate test(s) failed under the same edit. The edit was not verified, so this is not evidence that the test fails to catch the defect.
  [passed_under_edit] no-edit-checking/route-pairs-adds-edit-checking x tests/defects/test_support.py::test_an_unjudged_defect_never_reads_as_a_surviving_one
    not asked: the test still passed when this defect was injected, and 5 other candidate test(s) failed under the same edit. The edit was not verified, so this is not evidence that the test fails to catch the defect.
  [passed_under_edit] no-edit-checking/route-pairs-adds-edit-checking x tests/defects/test_support.py::test_an_unjudged_defect_stops_a_criterion_reaching_strongly_supported
    not asked: the test still passed when this defect was injected, and 5 other candidate test(s) failed under the same edit. The edit was not verified, so this is not evidence that the test fails to catch the defect.
  [passed_under_edit] no-edit-checking/route-pairs-adds-edit-checking x tests/defects/test_support.py::test_test_links_carry_only_the_tests_judged_to_fail_on_a_defect
    not asked: the test still passed when this defect was injected, and 5 other candidate test(s) failed under the same edit. The edit was not verified, so this is not evidence that the test fails to catch the defect.
  [passed_under_edit] no-edit-checking/route-pairs-adds-edit-checking x tests/defects/test_support.py::test_the_derivation_makes_no_model_call_and_repeats_exactly
    not asked: the test still passed when this defect was injected, and 5 other candidate test(s) failed under the same edit. The edit was not verified, so this is not evidence that the test fails to catch the defect.
  [passed_under_edit] no-edit-checking/route-pairs-adds-edit-checking x tests/fixtures/archetypes/08-unrequested-change-separable/head/test_report.py::test_low_stock_report_filters_by_threshold
    not asked: the test still passed when this defect was injected, and 5 other candidate test(s) failed under the same edit. The edit was not verified, so this is not evidence that the test fails to catch the defect.
  [passed_under_edit] no-edit-checking/route-pairs-adds-edit-checking x tests/requirement/test_carry_forward.py::test_the_review_pipeline_carries_forward_and_hands_back_what_it_derived
    not asked: the test still passed when this defect was injected, and 5 other candidate test(s) failed under the same edit. The edit was not verified, so this is not evidence that the test fails to catch the defect.
  [passed_under_edit] no-edit-checking/route-pairs-adds-edit-checking x tests/requirement/test_carry_forward.py::test_the_review_pipeline_leaves_no_ledger_behind_when_given_no_sink
    not asked: the test still passed when this defect was injected, and 5 other candidate test(s) failed under the same edit. The edit was not verified, so this is not evidence that the test fails to catch the defect.
  [passed_under_edit] no-edit-checking/route-pairs-adds-edit-checking x tests/test_cli_execution.py::TestTheSettingsArrive::test_the_pipeline_is_given_settings_to_decide_with
    not asked: the test still passed when this defect was injected, and 5 other candidate test(s) failed under the same edit. The edit was not verified, so this is not evidence that the test fails to catch the defect.
  [passed_under_edit] no-edit-checking/route-pairs-adds-edit-checking x tests/test_execution_decision.py::TestTheDecisionIsAlwaysExplained::test_every_outcome_carries_a_reason
    not asked: the test still passed when this defect was injected, and 5 other candidate test(s) failed under the same edit. The edit was not verified, so this is not evidence that the test fails to catch the defect.
  [passed_under_edit] no-edit-checking/route-pairs-adds-edit-checking x tests/test_execution_decision.py::TestWhenItDeclines::test_no_defect_can_be_edited
    not asked: the test still passed when this defect was injected, and 5 other candidate test(s) failed under the same edit. The edit was not verified, so this is not evidence that the test fails to catch the defect.
  [passed_under_edit] no-edit-checking/route-pairs-adds-edit-checking x tests/test_execution_decision.py::TestWhenItDeclines::test_no_settings_at_all_is_not_a_run
    not asked: the test still passed when this defect was injected, and 5 other candidate test(s) failed under the same edit. The edit was not verified, so this is not evidence that the test fails to catch the defect.
  [passed_under_edit] no-edit-checking/route-pairs-adds-edit-checking x tests/test_execution_decision.py::TestWhenItDeclines::test_nothing_would_consume_the_result
    not asked: the test still passed when this defect was injected, and 5 other candidate test(s) failed under the same edit. The edit was not verified, so this is not evidence that the test fails to catch the defect.
  [passed_under_edit] no-edit-checking/route-pairs-adds-edit-checking x tests/test_execution_decision.py::TestWhenItRuns::test_a_result_could_count_and_there_is_something_to_inject
    not asked: the test still passed when this defect was injected, and 5 other candidate test(s) failed under the same edit. The edit was not verified, so this is not evidence that the test fails to catch the defect.
  [passed_under_edit] no-edit-checking/route-pairs-adds-edit-checking x tests/test_execution_decision.py::TestWhenItRuns::test_routing_alone_is_enough
    not asked: the test still passed when this defect was injected, and 5 other candidate test(s) failed under the same edit. The edit was not verified, so this is not evidence that the test fails to catch the defect.
  [passed_under_edit] no-edit-checking/route-pairs-adds-edit-checking x tests/test_execution_decision.py::TestWhenItRuns::test_the_reason_does_not_promise_evidence_routing_cannot_give
    not asked: the test still passed when this defect was injected, and 5 other candidate test(s) failed under the same edit. The edit was not verified, so this is not evidence that the test fails to catch the defect.
  [passed_under_edit] no-edit-checking/route-pairs-adds-edit-checking x tests/test_execution_decision.py::TestWhenItRuns::test_the_reason_says_what_made_it_worth_doing
    not asked: the test still passed when this defect was injected, and 5 other candidate test(s) failed under the same edit. The edit was not verified, so this is not evidence that the test fails to catch the defect.
  [passed_under_edit] no-edit-checking/route-pairs-adds-edit-checking x tests/test_mandate_coverage.py::test_a_decline_is_not_re_judged_even_when_the_text_reads_like_a_requirement
    not asked: the test still passed when this defect was injected, and 5 other candidate test(s) failed under the same edit. The edit was not verified, so this is not evidence that the test fails to catch the defect.
  [passed_under_edit] no-edit-checking/route-pairs-adds-edit-checking x tests/test_mandate_coverage.py::test_a_requirement_whose_question_the_diff_resolved_counts_as_judged
    not asked: the test still passed when this defect was injected, and 5 other candidate test(s) failed under the same edit. The edit was not verified, so this is not evidence that the test fails to catch the defect.
  [passed_under_edit] no-edit-checking/route-pairs-adds-edit-checking x tests/test_mutation_archetype_acceptance.py::TestRoutingChangesNothingHereButTheCost::test_a_survivor_holds_nothing_back_even_with_a_passing_test
    not asked: the test still passed when this defect was injected, and 5 other candidate test(s) failed under the same edit. The edit was not verified, so this is not evidence that the test fails to catch the defect.
  [passed_under_edit] no-edit-checking/route-pairs-adds-edit-checking x tests/test_mutation_archetype_acceptance.py::TestRoutingChangesNothingHereButTheCost::test_routing_holds_nothing_back_on_this_fixture
    not asked: the test still passed when this defect was injected, and 5 other candidate test(s) failed under the same edit. The edit was not verified, so this is not evidence that the test fails to catch the defect.
  [passed_under_edit] no-edit-checking/route-pairs-adds-edit-checking x tests/test_mutation_archetype_acceptance.py::TestRoutingChangesNothingHereButTheCost::test_the_labelled_kill_is_untouched
    not asked: the test still passed when this defect was injected, and 5 other candidate test(s) failed under the same edit. The edit was not verified, so this is not evidence that the test fails to catch the defect.
  [passed_under_edit] no-edit-checking/route-pairs-adds-edit-checking x tests/test_mutation_archetype_acceptance.py::TestTheGroundTruthIsReproduced::test_every_attempt_was_observed_by_execution
    not asked: the test still passed when this defect was injected, and 5 other candidate test(s) failed under the same edit. The edit was not verified, so this is not evidence that the test fails to catch the defect.
  [passed_under_edit] no-edit-checking/route-pairs-adds-edit-checking x tests/test_mutation_archetype_acceptance.py::TestTheGroundTruthIsReproduced::test_every_labelled_defect_got_an_attempt
    not asked: the test still passed when this defect was injected, and 5 other candidate test(s) failed under the same edit. The edit was not verified, so this is not evidence that the test fails to catch the defect.
  [passed_under_edit] no-edit-checking/route-pairs-adds-edit-checking x tests/test_mutation_archetype_acceptance.py::TestTheGroundTruthIsReproduced::test_the_killing_tests_match_the_labels
    not asked: the test still passed when this defect was injected, and 5 other candidate test(s) failed under the same edit. The edit was not verified, so this is not evidence that the test fails to catch the defect.
  [passed_under_edit] no-edit-checking/route-pairs-adds-edit-checking x tests/test_mutation_archetype_acceptance.py::TestTheUpgradeThisMilestoneExistsFor::test_a_defect_the_test_cannot_catch_is_observed_to_survive
    not asked: the test still passed when this defect was injected, and 5 other candidate test(s) failed under the same edit. The edit was not verified, so this is not evidence that the test fails to catch the defect.
  [passed_under_edit] no-edit-checking/route-pairs-adds-edit-checking x tests/test_mutation_archetype_acceptance.py::TestTheUpgradeThisMilestoneExistsFor::test_the_defect_the_test_can_catch_is_observed_to_die
    not asked: the test still passed when this defect was injected, and 5 other candidate test(s) failed under the same edit. The edit was not verified, so this is not evidence that the test fails to catch the defect.
  [passed_under_edit] no-edit-checking/route-pairs-adds-edit-checking x tests/test_mutation_archetype_acceptance.py::TestTheUpgradeThisMilestoneExistsFor::test_the_injected_edit_is_recorded_for_each
    not asked: the test still passed when this defect was injected, and 5 other candidate test(s) failed under the same edit. The edit was not verified, so this is not evidence that the test fails to catch the defect.
  [passed_under_edit] no-edit-checking/route-pairs-adds-edit-checking x tests/test_mutation_archetype_acceptance.py::TestTheUpgradeThisMilestoneExistsFor::test_the_verdicts_reach_the_executed_tier_once_the_edits_are_verified
    not asked: the test still passed when this defect was injected, and 5 other candidate test(s) failed under the same edit. The edit was not verified, so this is not evidence that the test fails to catch the defect.
  [passed_under_edit] no-edit-checking/route-pairs-adds-edit-checking x tests/test_mutation_archetype_acceptance.py::TestTheUpgradeThisMilestoneExistsFor::test_without_verification_nothing_reaches_the_executed_tier
    not asked: the test still passed when this defect was injected, and 5 other candidate test(s) failed under the same edit. The edit was not verified, so this is not evidence that the test fails to catch the defect.
  [passed_under_edit] no-edit-checking/route-pairs-adds-edit-checking x tests/test_mutation_verdicts.py::TestAnUnverifiedEditCountsForNothing::test_an_unverified_kill_produces_no_verdict
    not asked: the test still passed when this defect was injected, and 5 other candidate test(s) failed under the same edit. The edit was not verified, so this is not evidence that the test fails to catch the defect.
  [passed_under_edit] no-edit-checking/route-pairs-adds-edit-checking x tests/test_mutation_verdicts.py::TestAnUnverifiedEditCountsForNothing::test_an_unverified_survival_produces_no_verdict
    not asked: the test still passed when this defect was injected, and 5 other candidate test(s) failed under the same edit. The edit was not verified, so this is not evidence that the test fails to catch the defect.
  [passed_under_edit] no-edit-checking/route-pairs-adds-edit-checking x tests/test_mutation_verdicts.py::TestAnUnverifiedEditCountsForNothing::test_its_defect_still_goes_to_the_static_judge
    not asked: the test still passed when this defect was injected, and 5 other candidate test(s) failed under the same edit. The edit was not verified, so this is not evidence that the test fails to catch the defect.
  [passed_under_edit] no-edit-checking/route-pairs-adds-edit-checking x tests/test_mutation_verdicts.py::TestAnUnverifiedEditCountsForNothing::test_the_criterion_it_belongs_to_stays_static
    not asked: the test still passed when this defect was injected, and 5 other candidate test(s) failed under the same edit. The edit was not verified, so this is not evidence that the test fails to catch the defect.
  [passed_under_edit] no-edit-checking/route-pairs-adds-edit-checking x tests/test_mutation_verdicts.py::TestTheRatingReadsBoth::test_a_defect_with_no_verdict_at_all_holds_it_at_static
    not asked: the test still passed when this defect was injected, and 5 other candidate test(s) failed under the same edit. The edit was not verified, so this is not evidence that the test fails to catch the defect.
  [passed_under_edit] no-edit-checking/route-pairs-adds-edit-checking x tests/test_mutation_verdicts.py::TestTheRatingReadsBoth::test_a_fully_executed_criterion_reaches_the_defect_killed_tier
    not asked: the test still passed when this defect was injected, and 5 other candidate test(s) failed under the same edit. The edit was not verified, so this is not evidence that the test fails to catch the defect.
  [passed_under_edit] no-edit-checking/route-pairs-adds-edit-checking x tests/test_mutation_verdicts.py::TestTheRatingReadsBoth::test_a_predicted_kill_does_not_borrow_an_executed_survival_tier
    not asked: the test still passed when this defect was injected, and 5 other candidate test(s) failed under the same edit. The edit was not verified, so this is not evidence that the test fails to catch the defect.
  [passed_under_edit] no-edit-checking/route-pairs-adds-edit-checking x tests/test_mutation_verdicts.py::TestTheRatingReadsBoth::test_a_review_with_no_execution_is_unchanged
    not asked: the test still passed when this defect was injected, and 5 other candidate test(s) failed under the same edit. The edit was not verified, so this is not evidence that the test fails to catch the defect.
  [passed_under_edit] no-edit-checking/route-pairs-adds-edit-checking x tests/test_mutation_verdicts.py::TestTheRatingReadsBoth::test_an_executed_kill_counts_toward_coverage
    not asked: the test still passed when this defect was injected, and 5 other candidate test(s) failed under the same edit. The edit was not verified, so this is not evidence that the test fails to catch the defect.
  [passed_under_edit] no-edit-checking/route-pairs-adds-edit-checking x tests/test_mutation_verdicts.py::TestTheRatingReadsBoth::test_an_executed_kill_is_not_dragged_down_by_a_predicted_verdict_on_the_same_defect
    not asked: the test still passed when this defect was injected, and 5 other candidate test(s) failed under the same edit. The edit was not verified, so this is not evidence that the test fails to catch the defect.
  [passed_under_edit] no-edit-checking/route-pairs-adds-edit-checking x tests/test_mutation_verdicts.py::TestTheRatingReadsBoth::test_an_executed_kill_outranks_a_predicted_kill_on_the_same_defect
    not asked: the test still passed when this defect was injected, and 5 other candidate test(s) failed under the same edit. The edit was not verified, so this is not evidence that the test fails to catch the defect.
  [passed_under_edit] no-edit-checking/route-pairs-adds-edit-checking x tests/test_mutation_verdicts.py::TestTheRatingReadsBoth::test_an_executed_survival_on_every_test_reaches_the_defect_killed_tier
    not asked: the test still passed when this defect was injected, and 5 other candidate test(s) failed under the same edit. The edit was not verified, so this is not evidence that the test fails to catch the defect.
  [passed_under_edit] no-edit-checking/route-pairs-adds-edit-checking x tests/test_mutation_verdicts.py::TestTheRatingReadsBoth::test_an_uncovered_defect_is_only_as_known_as_its_weakest_verdict
    not asked: the test still passed when this defect was injected, and 5 other candidate test(s) failed under the same edit. The edit was not verified, so this is not evidence that the test fails to catch the defect.
  [passed_under_edit] no-edit-checking/route-pairs-adds-edit-checking x tests/test_mutation_verdicts.py::TestTheRatingReadsBoth::test_one_predicted_defect_holds_the_criterion_at_static
    not asked: the test still passed when this defect was injected, and 5 other candidate test(s) failed under the same edit. The edit was not verified, so this is not evidence that the test fails to catch the defect.
  [passed_under_edit] no-edit-checking/route-pairs-adds-edit-checking x tests/test_mutation_verdicts.py::TestVerdictsFrom::test_a_kill_records_the_red_test_as_killing
    not asked: the test still passed when this defect was injected, and 5 other candidate test(s) failed under the same edit. The edit was not verified, so this is not evidence that the test fails to catch the defect.
  [passed_under_edit] no-edit-checking/route-pairs-adds-edit-checking x tests/test_mutation_verdicts.py::TestVerdictsFrom::test_a_survival_records_every_test_as_not_killing
    not asked: the test still passed when this defect was injected, and 5 other candidate test(s) failed under the same edit. The edit was not verified, so this is not evidence that the test fails to catch the defect.
  [passed_under_edit] no-edit-checking/route-pairs-adds-edit-checking x tests/test_mutation_verdicts.py::TestVerdictsFrom::test_an_unsettled_attempt_produces_no_verdict
    not asked: the test still passed when this defect was injected, and 5 other candidate test(s) failed under the same edit. The edit was not verified, so this is not evidence that the test fails to catch the defect.
  [passed_under_edit] no-edit-checking/route-pairs-adds-edit-checking x tests/test_mutation_verdicts.py::TestVerdictsFrom::test_every_test_the_mutant_ran_against_gets_a_verdict
    not asked: the test still passed when this defect was injected, and 5 other candidate test(s) failed under the same edit. The edit was not verified, so this is not evidence that the test fails to catch the defect.
  [passed_under_edit] no-edit-checking/route-pairs-adds-edit-checking x tests/test_mutation_verdicts.py::TestVerdictsFrom::test_executed_verdicts_carry_the_defect_killed_tier
    not asked: the test still passed when this defect was injected, and 5 other candidate test(s) failed under the same edit. The edit was not verified, so this is not evidence that the test fails to catch the defect.
  [passed_under_edit] no-edit-checking/route-pairs-adds-edit-checking x tests/test_mutation_verdicts.py::TestVerdictsFrom::test_no_carry_key_so_an_executed_verdict_is_never_carried_forward
    not asked: the test still passed when this defect was injected, and 5 other candidate test(s) failed under the same edit. The edit was not verified, so this is not evidence that the test fails to catch the defect.
  [passed_under_edit] no-edit-checking/route-pairs-adds-edit-checking x tests/test_mutation_verdicts.py::TestVerdictsFrom::test_the_defect_text_is_carried_so_a_later_run_can_identify_it
    not asked: the test still passed when this defect was injected, and 5 other candidate test(s) failed under the same edit. The edit was not verified, so this is not evidence that the test fails to catch the defect.
  [passed_under_edit] no-edit-checking/route-pairs-adds-edit-checking x tests/test_mutation_verdicts.py::TestVerdictsFrom::test_the_reason_says_the_answer_was_observed
    not asked: the test still passed when this defect was injected, and 5 other candidate test(s) failed under the same edit. The edit was not verified, so this is not evidence that the test fails to catch the defect.
  [passed_under_edit] no-edit-checking/route-pairs-adds-edit-checking x tests/test_pair_routing.py::TestADroppedPairIsNotASurvival::test_a_prefiltered_pair_still_does_not
    not asked: the test still passed when this defect was injected, and 5 other candidate test(s) failed under the same edit. The edit was not verified, so this is not evidence that the test fails to catch the defect.
  [passed_under_edit] no-edit-checking/route-pairs-adds-edit-checking x tests/test_pair_routing.py::TestADroppedPairIsNotASurvival::test_it_cannot_make_a_criterion_strongly_supported
    not asked: the test still passed when this defect was injected, and 5 other candidate test(s) failed under the same edit. The edit was not verified, so this is not evidence that the test fails to catch the defect.
  [passed_under_edit] no-edit-checking/route-pairs-adds-edit-checking x tests/test_pair_routing.py::TestADroppedPairIsNotASurvival::test_it_contributes_no_verdict_and_no_test_link
    not asked: the test still passed when this defect was injected, and 5 other candidate test(s) failed under the same edit. The edit was not verified, so this is not evidence that the test fails to catch the defect.
  [passed_under_edit] no-edit-checking/route-pairs-adds-edit-checking x tests/test_pair_routing.py::TestADroppedPairIsNotASurvival::test_it_raises_unknown_rather_than_reading_as_uncovered
    not asked: the test still passed when this defect was injected, and 5 other candidate test(s) failed under the same edit. The edit was not verified, so this is not evidence that the test fails to catch the defect.
  [passed_under_edit] no-edit-checking/route-pairs-adds-edit-checking x tests/test_pair_routing.py::TestWhichPairsTheRunAnswers::test_a_settled_attempt_skips_nothing
    not asked: the test still passed when this defect was injected, and 5 other candidate test(s) failed under the same edit. The edit was not verified, so this is not evidence that the test fails to catch the defect.
  [passed_under_edit] no-edit-checking/route-pairs-adds-edit-checking x tests/test_pair_routing.py::TestWhichPairsTheRunAnswers::test_a_survival_skips_nothing
    not asked: the test still passed when this defect was injected, and 5 other candidate test(s) failed under the same edit. The edit was not verified, so this is not evidence that the test fails to catch the defect.
  [passed_under_edit] no-edit-checking/route-pairs-adds-edit-checking x tests/test_pair_routing.py::TestWhichPairsTheRunAnswers::test_a_test_that_failed_under_the_edit_is_still_asked
    not asked: the test still passed when this defect was injected, and 5 other candidate test(s) failed under the same edit. The edit was not verified, so this is not evidence that the test fails to catch the defect.
  [passed_under_edit] no-edit-checking/route-pairs-adds-edit-checking x tests/test_pair_routing.py::TestWhichPairsTheRunAnswers::test_a_test_that_kept_passing_under_the_edit_is_not_asked
    not asked: the test still passed when this defect was injected, and 5 other candidate test(s) failed under the same edit. The edit was not verified, so this is not evidence that the test fails to catch the defect.
  [passed_under_edit] no-edit-checking/route-pairs-adds-edit-checking x tests/test_pair_routing.py::TestWhichPairsTheRunAnswers::test_the_reason_says_the_edit_was_not_verified
    not asked: the test still passed when this defect was injected, and 5 other candidate test(s) failed under the same edit. The edit was not verified, so this is not evidence that the test fails to catch the defect.
  [passed_under_edit] no-edit-checking/route-pairs-adds-edit-checking x tests/test_supplied_ids.py::test_a_clean_answer_records_nothing_and_keeps_its_negative_verdicts
    not asked: the test still passed when this defect was injected, and 5 other candidate test(s) failed under the same edit. The edit was not verified, so this is not evidence that the test fails to catch the defect.
  [passed_under_edit] no-edit-checking/route-pairs-adds-edit-checking x tests/test_supplied_ids.py::test_a_foreign_defect_id_is_recorded_not_silently_dropped
    not asked: the test still passed when this defect was injected, and 5 other candidate test(s) failed under the same edit. The edit was not verified, so this is not evidence that the test fails to catch the defect.
  [passed_under_edit] no-edit-checking/route-pairs-adds-edit-checking x tests/test_supplied_ids.py::test_the_schema_asked_for_differs_from_the_shape_parsed
    not asked: the test still passed when this defect was injected, and 5 other candidate test(s) failed under the same edit. The edit was not verified, so this is not evidence that the test fails to catch the defect.
  [passed_under_edit] no-edit-checking/route-pairs-adds-edit-checking x tests/test_unverified_mutation_is_inert.py::TestNothingDerivesFromIt::test_no_test_is_credited_to_the_criterion
    not asked: the test still passed when this defect was injected, and 5 other candidate test(s) failed under the same edit. The edit was not verified, so this is not evidence that the test fails to catch the defect.
  [passed_under_edit] no-edit-checking/route-pairs-adds-edit-checking x tests/test_unverified_mutation_is_inert.py::TestNothingDerivesFromIt::test_the_defect_still_reaches_the_static_judge
    not asked: the test still passed when this defect was injected, and 5 other candidate test(s) failed under the same edit. The edit was not verified, so this is not evidence that the test fails to catch the defect.
  [passed_under_edit] no-edit-checking/route-pairs-adds-edit-checking x tests/test_unverified_mutation_is_inert.py::TestNothingDerivesFromIt::test_the_evidence_class_is_unchanged
    not asked: the test still passed when this defect was injected, and 5 other candidate test(s) failed under the same edit. The edit was not verified, so this is not evidence that the test fails to catch the defect.
  [passed_under_edit] no-edit-checking/route-pairs-adds-edit-checking x tests/test_unverified_mutation_is_inert.py::TestNothingDerivesFromIt::test_the_rating_stays_at_the_static_tier
    not asked: the test still passed when this defect was injected, and 5 other candidate test(s) failed under the same edit. The edit was not verified, so this is not evidence that the test fails to catch the defect.
  [passed_under_edit] no-edit-checking/route-pairs-adds-edit-checking x tests/test_unverified_mutation_is_inert.py::test_a_verified_attempt_does_contribute_verdicts
    not asked: the test still passed when this defect was injected, and 5 other candidate test(s) failed under the same edit. The edit was not verified, so this is not evidence that the test fails to catch the defect.
  [passed_under_edit] no-edit-checking/route-pairs-adds-edit-checking x tests/test_unverified_mutation_is_inert.py::test_an_unverified_attempt_contributes_no_verdict
    not asked: the test still passed when this defect was injected, and 5 other candidate test(s) failed under the same edit. The edit was not verified, so this is not evidence that the test fails to catch the defect.
  [passed_under_edit] no-edit-checking/route-pairs-adds-edit-checking x tests/test_verdict.py::test_a_tests_only_obligation_is_still_judged_on_its_test_evidence
    not asked: the test still passed when this defect was injected, and 5 other candidate test(s) failed under the same edit. The edit was not verified, so this is not evidence that the test fails to catch the defect.
  [passed_under_edit] no-edit-construction-or-validation/route-pairs-default-enables-edit-construction x tests/benchmark/test_corpus.py::test_every_case_is_traceable_to_the_judgement_it_came_from
    not asked: the test still passed when this defect was injected, and 2 other candidate test(s) failed under the same edit. The edit was not verified, so this is not evidence that the test fails to catch the defect.
  [passed_under_edit] no-edit-construction-or-validation/route-pairs-default-enables-edit-construction x tests/benchmark/test_coverage.py::test_cli_and_benchmark_share_one_pipeline
    not asked: the test still passed when this defect was injected, and 2 other candidate test(s) failed under the same edit. The edit was not verified, so this is not evidence that the test fails to catch the defect.
  [passed_under_edit] no-edit-construction-or-validation/route-pairs-default-enables-edit-construction x tests/benchmark/test_instability.py::test_a_caller_supplied_model_set_is_actually_measured
    not asked: the test still passed when this defect was injected, and 2 other candidate test(s) failed under the same edit. The edit was not verified, so this is not evidence that the test fails to catch the defect.
  [passed_under_edit] no-edit-construction-or-validation/route-pairs-default-enables-edit-construction x tests/benchmark/test_instability.py::test_a_flipped_evidence_class_is_content_and_never_shape
    not asked: the test still passed when this defect was injected, and 2 other candidate test(s) failed under the same edit. The edit was not verified, so this is not evidence that the test fails to catch the defect.
  [passed_under_edit] no-edit-construction-or-validation/route-pairs-default-enables-edit-construction x tests/benchmark/test_instability.py::test_a_flipped_pair_verdict_is_reported_per_pair
    not asked: the test still passed when this defect was injected, and 2 other candidate test(s) failed under the same edit. The edit was not verified, so this is not evidence that the test fails to catch the defect.
  [passed_under_edit] no-edit-construction-or-validation/route-pairs-default-enables-edit-construction x tests/benchmark/test_instability.py::test_a_lost_obligation_is_reported_as_a_content_difference
    not asked: the test still passed when this defect was injected, and 2 other candidate test(s) failed under the same edit. The edit was not verified, so this is not evidence that the test fails to catch the defect.
  [passed_under_edit] no-edit-construction-or-validation/route-pairs-default-enables-edit-construction x tests/benchmark/test_instability.py::test_a_model_that_cannot_make_up_its_mind_does_not_count_as_agreeing
    not asked: the test still passed when this defect was injected, and 2 other candidate test(s) failed under the same edit. The edit was not verified, so this is not evidence that the test fails to catch the defect.
  [passed_under_edit] no-edit-construction-or-validation/route-pairs-default-enables-edit-construction x tests/benchmark/test_instability.py::test_a_perturbation_run_is_included_when_one_is_supplied
    not asked: the test still passed when this defect was injected, and 2 other candidate test(s) failed under the same edit. The edit was not verified, so this is not evidence that the test fails to catch the defect.
  [passed_under_edit] no-edit-construction-or-validation/route-pairs-default-enables-edit-construction x tests/benchmark/test_instability.py::test_a_repartitioned_obligation_is_reported_as_a_shape_difference
    not asked: the test still passed when this defect was injected, and 2 other candidate test(s) failed under the same edit. The edit was not verified, so this is not evidence that the test fails to catch the defect.
  [passed_under_edit] no-edit-construction-or-validation/route-pairs-default-enables-edit-construction x tests/benchmark/test_instability.py::test_an_oscillating_open_question_is_a_content_difference
    not asked: the test still passed when this defect was injected, and 2 other candidate test(s) failed under the same edit. The edit was not verified, so this is not evidence that the test fails to catch the defect.
  [passed_under_edit] no-edit-construction-or-validation/route-pairs-default-enables-edit-construction x tests/benchmark/test_instability.py::test_an_unanswered_subject_counts_as_content_not_shape
    not asked: the test still passed when this defect was injected, and 2 other candidate test(s) failed under the same edit. The edit was not verified, so this is not evidence that the test fails to catch the defect.
  [passed_under_edit] no-edit-construction-or-validation/route-pairs-default-enables-edit-construction x tests/benchmark/test_instability.py::test_an_unmatched_statement_covered_by_nothing_is_a_content_difference
    not asked: the test still passed when this defect was injected, and 2 other candidate test(s) failed under the same edit. The edit was not verified, so this is not evidence that the test fails to catch the defect.
  [passed_under_edit] no-edit-construction-or-validation/route-pairs-default-enables-edit-construction x tests/benchmark/test_instability.py::test_an_unmatched_statement_covered_by_the_other_set_is_a_shape_difference
    not asked: the test still passed when this defect was injected, and 2 other candidate test(s) failed under the same edit. The edit was not verified, so this is not evidence that the test fails to catch the defect.
  [passed_under_edit] no-edit-construction-or-validation/route-pairs-default-enables-edit-construction x tests/benchmark/test_instability.py::test_content_and_shape_are_reported_as_separate_figures
    not asked: the test still passed when this defect was injected, and 2 other candidate test(s) failed under the same edit. The edit was not verified, so this is not evidence that the test fails to catch the defect.
  [passed_under_edit] no-edit-construction-or-validation/route-pairs-default-enables-edit-construction x tests/benchmark/test_instability.py::test_content_and_shape_counts_diverge_when_both_kinds_occur
    not asked: the test still passed when this defect was injected, and 2 other candidate test(s) failed under the same edit. The edit was not verified, so this is not evidence that the test fails to catch the defect.
  [passed_under_edit] no-edit-construction-or-validation/route-pairs-default-enables-edit-construction x tests/benchmark/test_instability.py::test_cross_model_agreement_covers_every_judgement_axis
    not asked: the test still passed when this defect was injected, and 2 other candidate test(s) failed under the same edit. The edit was not verified, so this is not evidence that the test fails to catch the defect.
  [passed_under_edit] no-edit-construction-or-validation/route-pairs-default-enables-edit-construction x tests/benchmark/test_instability.py::test_cross_model_agreement_is_none_with_a_single_model
    not asked: the test still passed when this defect was injected, and 2 other candidate test(s) failed under the same edit. The edit was not verified, so this is not evidence that the test fails to catch the defect.
  [passed_under_edit] no-edit-construction-or-validation/route-pairs-default-enables-edit-construction x tests/benchmark/test_instability.py::test_cross_model_agreement_is_reported_alongside_within_model_variance
    not asked: the test still passed when this defect was injected, and 2 other candidate test(s) failed under the same edit. The edit was not verified, so this is not evidence that the test fails to catch the defect.
  [passed_under_edit] no-edit-construction-or-validation/route-pairs-default-enables-edit-construction x tests/benchmark/test_instability.py::test_decomposition_variation_is_surfaced_and_not_only_evidence_variation
    not asked: the test still passed when this defect was injected, and 2 other candidate test(s) failed under the same edit. The edit was not verified, so this is not evidence that the test fails to catch the defect.
  [passed_under_edit] no-edit-construction-or-validation/route-pairs-default-enables-edit-construction x tests/benchmark/test_instability.py::test_evidence_class_distribution_counts_every_draw
    not asked: the test still passed when this defect was injected, and 2 other candidate test(s) failed under the same edit. The edit was not verified, so this is not evidence that the test fails to catch the defect.
  [passed_under_edit] no-edit-construction-or-validation/route-pairs-default-enables-edit-construction x tests/benchmark/test_instability.py::test_matching_ids_with_different_text_are_not_treated_as_the_same_obligation
    not asked: the test still passed when this defect was injected, and 2 other candidate test(s) failed under the same edit. The edit was not verified, so this is not evidence that the test fails to catch the defect.
  [passed_under_edit] no-edit-construction-or-validation/route-pairs-default-enables-edit-construction x tests/benchmark/test_instability.py::test_measure_instability_records_the_conditions_that_produced_it
    not asked: the test still passed when this defect was injected, and 2 other candidate test(s) failed under the same edit. The edit was not verified, so this is not evidence that the test fails to catch the defect.
  [passed_under_edit] no-edit-construction-or-validation/route-pairs-default-enables-edit-construction x tests/benchmark/test_instability.py::test_measure_instability_varies_the_seed_across_runs
    not asked: the test still passed when this defect was injected, and 2 other candidate test(s) failed under the same edit. The edit was not verified, so this is not evidence that the test fails to catch the defect.
  [passed_under_edit] no-edit-construction-or-validation/route-pairs-default-enables-edit-construction x tests/benchmark/test_instability.py::test_measuring_variance_requires_at_least_two_runs
    not asked: the test still passed when this defect was injected, and 2 other candidate test(s) failed under the same edit. The edit was not verified, so this is not evidence that the test fails to catch the defect.
  [passed_under_edit] no-edit-construction-or-validation/route-pairs-default-enables-edit-construction x tests/benchmark/test_instability.py::test_no_ci_workflow_invokes_the_instability_harness
    not asked: the test still passed when this defect was injected, and 2 other candidate test(s) failed under the same edit. The edit was not verified, so this is not evidence that the test fails to catch the defect.
  [passed_under_edit] no-edit-construction-or-validation/route-pairs-default-enables-edit-construction x tests/benchmark/test_instability.py::test_obligations_align_by_content_even_when_their_ids_differ
    not asked: the test still passed when this defect was injected, and 2 other candidate test(s) failed under the same edit. The edit was not verified, so this is not evidence that the test fails to catch the defect.
  [passed_under_edit] no-edit-construction-or-validation/route-pairs-default-enables-edit-construction x tests/benchmark/test_instability.py::test_observations_do_not_leak_between_clients
    not asked: the test still passed when this defect was injected, and 2 other candidate test(s) failed under the same edit. The edit was not verified, so this is not evidence that the test fails to catch the defect.
  [passed_under_edit] no-edit-construction-or-validation/route-pairs-default-enables-edit-construction x tests/benchmark/test_instability.py::test_omitted_parameters_fall_back_to_the_declared_defaults
    not asked: the test still passed when this defect was injected, and 2 other candidate test(s) failed under the same edit. The edit was not verified, so this is not evidence that the test fails to catch the defect.
  [passed_under_edit] no-edit-construction-or-validation/route-pairs-default-enables-edit-construction x tests/benchmark/test_instability.py::test_perturbation_sensitivity_is_a_proportion_of_watched_judgements
    not asked: the test still passed when this defect was injected, and 2 other candidate test(s) failed under the same edit. The edit was not verified, so this is not evidence that the test fails to catch the defect.
  [passed_under_edit] no-edit-construction-or-validation/route-pairs-default-enables-edit-construction x tests/benchmark/test_instability.py::test_perturbation_sensitivity_is_none_when_nothing_was_watched
    not asked: the test still passed when this defect was injected, and 2 other candidate test(s) failed under the same edit. The edit was not verified, so this is not evidence that the test fails to catch the defect.
  [passed_under_edit] no-edit-construction-or-validation/route-pairs-default-enables-edit-construction x tests/benchmark/test_instability.py::test_presence_rows_show_an_obligation_missing_from_some_runs
    not asked: the test still passed when this defect was injected, and 2 other candidate test(s) failed under the same edit. The edit was not verified, so this is not evidence that the test fails to catch the defect.
  [passed_under_edit] no-edit-construction-or-validation/route-pairs-default-enables-edit-construction x tests/benchmark/test_instability.py::test_run_once_drives_the_real_pipeline_and_snapshots_its_output
    not asked: the test still passed when this defect was injected, and 2 other candidate test(s) failed under the same edit. The edit was not verified, so this is not evidence that the test fails to catch the defect.
  [passed_under_edit] no-edit-construction-or-validation/route-pairs-default-enables-edit-construction x tests/benchmark/test_instability.py::test_runs_are_recorded_live_and_never_replayed
    not asked: the test still passed when this defect was injected, and 2 other candidate test(s) failed under the same edit. The edit was not verified, so this is not evidence that the test fails to catch the defect.
  [passed_under_edit] no-edit-construction-or-validation/route-pairs-default-enables-edit-construction x tests/benchmark/test_instability.py::test_seeds_are_derived_so_a_measurement_is_repeatable_from_its_provenance
    not asked: the test still passed when this defect was injected, and 2 other candidate test(s) failed under the same edit. The edit was not verified, so this is not evidence that the test fails to catch the defect.
  [passed_under_edit] no-edit-construction-or-validation/route-pairs-default-enables-edit-construction x tests/benchmark/test_instability.py::test_the_default_run_count_produces_three_runs_per_model
    not asked: the test still passed when this defect was injected, and 2 other candidate test(s) failed under the same edit. The edit was not verified, so this is not evidence that the test fails to catch the defect.
  [passed_under_edit] no-edit-construction-or-validation/route-pairs-default-enables-edit-construction x tests/benchmark/test_instability.py::test_the_default_run_is_one_model_and_three_runs
    not asked: the test still passed when this defect was injected, and 2 other candidate test(s) failed under the same edit. The edit was not verified, so this is not evidence that the test fails to catch the defect.
  [passed_under_edit] no-edit-construction-or-validation/route-pairs-default-enables-edit-construction x tests/benchmark/test_instability.py::test_the_harness_reports_variance_without_reducing_it
    not asked: the test still passed when this defect was injected, and 2 other candidate test(s) failed under the same edit. The edit was not verified, so this is not evidence that the test fails to catch the defect.
  [passed_under_edit] no-edit-construction-or-validation/route-pairs-default-enables-edit-construction x tests/benchmark/test_instability.py::test_the_harness_uses_the_benchmark_variance_path_and_not_a_second_one
    not asked: the test still passed when this defect was injected, and 2 other candidate test(s) failed under the same edit. The edit was not verified, so this is not evidence that the test fails to catch the defect.
  [passed_under_edit] no-edit-construction-or-validation/route-pairs-default-enables-edit-construction x tests/benchmark/test_instability.py::test_the_observing_client_does_not_change_what_the_pipeline_produces
    not asked: the test still passed when this defect was injected, and 2 other candidate test(s) failed under the same edit. The edit was not verified, so this is not evidence that the test fails to catch the defect.
  [passed_under_edit] no-edit-construction-or-validation/route-pairs-default-enables-edit-construction x tests/benchmark/test_instability.py::test_the_perturbation_adds_a_test_that_asserts_nothing_about_the_change
    not asked: the test still passed when this defect was injected, and 2 other candidate test(s) failed under the same edit. The edit was not verified, so this is not evidence that the test fails to catch the defect.
  [passed_under_edit] no-edit-construction-or-validation/route-pairs-default-enables-edit-construction x tests/benchmark/test_instability.py::test_the_perturbation_never_writes_into_the_repository_under_review
    not asked: the test still passed when this defect was injected, and 2 other candidate test(s) failed under the same edit. The edit was not verified, so this is not evidence that the test fails to catch the defect.
  [passed_under_edit] no-edit-construction-or-validation/route-pairs-default-enables-edit-construction x tests/benchmark/test_instability.py::test_the_report_carries_no_pass_fail_or_threshold_field
    not asked: the test still passed when this defect was injected, and 2 other candidate test(s) failed under the same edit. The edit was not verified, so this is not evidence that the test fails to catch the defect.
  [passed_under_edit] no-edit-construction-or-validation/route-pairs-default-enables-edit-construction x tests/benchmark/test_instability.py::test_the_three_movement_sources_are_reported_as_distinct_figures
    not asked: the test still passed when this defect was injected, and 2 other candidate test(s) failed under the same edit. The edit was not verified, so this is not evidence that the test fails to catch the defect.
  [passed_under_edit] no-edit-construction-or-validation/route-pairs-default-enables-edit-construction x tests/benchmark/test_instability.py::test_with_no_counterpart_set_at_all_everything_is_content
    not asked: the test still passed when this defect was injected, and 2 other candidate test(s) failed under the same edit. The edit was not verified, so this is not evidence that the test fails to catch the defect.
  [passed_under_edit] no-edit-construction-or-validation/route-pairs-default-enables-edit-construction x tests/benchmark/test_rating_regression.py::test_the_case_set_can_catch_a_judge_erring_either_way
    not asked: the test still passed when this defect was injected, and 2 other candidate test(s) failed under the same edit. The edit was not verified, so this is not evidence that the test fails to catch the defect.
  [passed_under_edit] no-edit-construction-or-validation/route-pairs-default-enables-edit-construction x tests/defects/test_pair_mapping.py::test_a_continued_run_carries_verdicts_through_the_ledger
    not asked: the test still passed when this defect was injected, and 2 other candidate test(s) failed under the same edit. The edit was not verified, so this is not evidence that the test fails to catch the defect.
  [passed_under_edit] no-edit-construction-or-validation/route-pairs-default-enables-edit-construction x tests/defects/test_pair_mapping.py::test_a_defect_whose_asked_pairs_yield_no_kill_has_its_skipped_pairs_judged
    not asked: the test still passed when this defect was injected, and 2 other candidate test(s) failed under the same edit. The edit was not verified, so this is not evidence that the test fails to catch the defect.
  [passed_under_edit] no-edit-construction-or-validation/route-pairs-default-enables-edit-construction x tests/defects/test_pair_mapping.py::test_a_failing_answer_with_no_reason_is_not_kept_as_a_verdict
    not asked: the test still passed when this defect was injected, and 2 other candidate test(s) failed under the same edit. The edit was not verified, so this is not evidence that the test fails to catch the defect.
  [passed_under_edit] no-edit-construction-or-validation/route-pairs-default-enables-edit-construction x tests/defects/test_pair_mapping.py::test_a_kill_on_an_asked_pair_keeps_the_saving
    not asked: the test still passed when this defect was injected, and 2 other candidate test(s) failed under the same edit. The edit was not verified, so this is not evidence that the test fails to catch the defect.
  [passed_under_edit] no-edit-construction-or-validation/route-pairs-default-enables-edit-construction x tests/defects/test_pair_mapping.py::test_a_pair_the_judge_never_answers_is_recorded_not_read_as_surviving
    not asked: the test still passed when this defect was injected, and 2 other candidate test(s) failed under the same edit. The edit was not verified, so this is not evidence that the test fails to catch the defect.
  [passed_under_edit] no-edit-construction-or-validation/route-pairs-default-enables-edit-construction x tests/defects/test_pair_mapping.py::test_a_ragged_pair_set_is_still_split_into_rectangles
    not asked: the test still passed when this defect was injected, and 2 other candidate test(s) failed under the same edit. The edit was not verified, so this is not evidence that the test fails to catch the defect.
  [passed_under_edit] no-edit-construction-or-validation/route-pairs-default-enables-edit-construction x tests/defects/test_pair_mapping.py::test_a_skipped_pair_comes_back_unjudged_with_its_reason
    not asked: the test still passed when this defect was injected, and 2 other candidate test(s) failed under the same edit. The edit was not verified, so this is not evidence that the test fails to catch the defect.
  [passed_under_edit] no-edit-construction-or-validation/route-pairs-default-enables-edit-construction x tests/defects/test_pair_mapping.py::test_a_skipped_pair_is_never_offered_to_the_model
    not asked: the test still passed when this defect was injected, and 2 other candidate test(s) failed under the same edit. The edit was not verified, so this is not evidence that the test fails to catch the defect.
  [passed_under_edit] no-edit-construction-or-validation/route-pairs-default-enables-edit-construction x tests/defects/test_pair_mapping.py::test_a_surviving_answer_carrying_a_reason_is_not_kept_as_a_verdict
    not asked: the test still passed when this defect was injected, and 2 other candidate test(s) failed under the same edit. The edit was not verified, so this is not evidence that the test fails to catch the defect.
  [passed_under_edit] no-edit-construction-or-validation/route-pairs-default-enables-edit-construction x tests/defects/test_pair_mapping.py::test_a_surviving_answer_carrying_an_empty_reason_is_still_a_verdict
    not asked: the test still passed when this defect was injected, and 2 other candidate test(s) failed under the same edit. The edit was not verified, so this is not evidence that the test fails to catch the defect.
  [passed_under_edit] no-edit-construction-or-validation/route-pairs-default-enables-edit-construction x tests/defects/test_pair_mapping.py::test_a_surviving_pair_is_stored_without_a_reason
    not asked: the test still passed when this defect was injected, and 2 other candidate test(s) failed under the same edit. The edit was not verified, so this is not evidence that the test fails to catch the defect.
  [passed_under_edit] no-edit-construction-or-validation/route-pairs-default-enables-edit-construction x tests/defects/test_pair_mapping.py::test_a_verdict_is_produced_again_when_its_defect_changed
    not asked: the test still passed when this defect was injected, and 2 other candidate test(s) failed under the same edit. The edit was not verified, so this is not evidence that the test fails to catch the defect.
  [passed_under_edit] no-edit-construction-or-validation/route-pairs-default-enables-edit-construction x tests/defects/test_pair_mapping.py::test_a_verdict_is_produced_again_when_the_tests_source_changed
    not asked: the test still passed when this defect was injected, and 2 other candidate test(s) failed under the same edit. The edit was not verified, so this is not evidence that the test fails to catch the defect.
  [passed_under_edit] no-edit-construction-or-validation/route-pairs-default-enables-edit-construction x tests/defects/test_pair_mapping.py::test_a_verdict_is_reused_when_its_defect_and_its_test_are_both_unchanged
    not asked: the test still passed when this defect was injected, and 2 other candidate test(s) failed under the same edit. The edit was not verified, so this is not evidence that the test fails to catch the defect.
  [passed_under_edit] no-edit-construction-or-validation/route-pairs-default-enables-edit-construction x tests/defects/test_pair_mapping.py::test_adding_one_test_judges_only_that_tests_pairs
    not asked: the test still passed when this defect was injected, and 2 other candidate test(s) failed under the same edit. The edit was not verified, so this is not evidence that the test fails to catch the defect.
  [passed_under_edit] no-edit-construction-or-validation/route-pairs-default-enables-edit-construction x tests/defects/test_pair_mapping.py::test_changing_how_many_tests_share_a_call_invalidates_the_transcripts
    not asked: the test still passed when this defect was injected, and 2 other candidate test(s) failed under the same edit. The edit was not verified, so this is not evidence that the test fails to catch the defect.
  [passed_under_edit] no-edit-construction-or-validation/route-pairs-default-enables-edit-construction x tests/defects/test_pair_mapping.py::test_defect_text_ignores_the_defect_id
    not asked: the test still passed when this defect was injected, and 2 other candidate test(s) failed under the same edit. The edit was not verified, so this is not evidence that the test fails to catch the defect.
  [passed_under_edit] no-edit-construction-or-validation/route-pairs-default-enables-edit-construction x tests/defects/test_pair_mapping.py::test_every_offered_pair_comes_back_with_a_verdict
    not asked: the test still passed when this defect was injected, and 2 other candidate test(s) failed under the same edit. The edit was not verified, so this is not evidence that the test fails to catch the defect.
  [passed_under_edit] no-edit-construction-or-validation/route-pairs-default-enables-edit-construction x tests/defects/test_pair_mapping.py::test_every_request_is_a_full_rectangle
    not asked: the test still passed when this defect was injected, and 2 other candidate test(s) failed under the same edit. The edit was not verified, so this is not evidence that the test fails to catch the defect.
  [passed_under_edit] no-edit-construction-or-validation/route-pairs-default-enables-edit-construction x tests/defects/test_pair_mapping.py::test_no_request_carries_more_judgements_than_the_limit
    not asked: the test still passed when this defect was injected, and 2 other candidate test(s) failed under the same edit. The edit was not verified, so this is not evidence that the test fails to catch the defect.
  [passed_under_edit] no-edit-construction-or-validation/route-pairs-default-enables-edit-construction x tests/defects/test_pair_mapping.py::test_one_misshapen_answer_does_not_discard_the_rest_of_its_batch
    not asked: the test still passed when this defect was injected, and 2 other candidate test(s) failed under the same edit. The edit was not verified, so this is not evidence that the test fails to catch the defect.
  [passed_under_edit] no-edit-construction-or-validation/route-pairs-default-enables-edit-construction x tests/defects/test_pair_mapping.py::test_routing_off_asks_about_everything
    not asked: the test still passed when this defect was injected, and 2 other candidate test(s) failed under the same edit. The edit was not verified, so this is not evidence that the test fails to catch the defect.
  [passed_under_edit] no-edit-construction-or-validation/route-pairs-default-enables-edit-construction x tests/defects/test_pair_mapping.py::test_the_answer_about_a_pair_carries_a_reason_only_where_the_test_would_fail
    not asked: the test still passed when this defect was injected, and 2 other candidate test(s) failed under the same edit. The edit was not verified, so this is not evidence that the test fails to catch the defect.
  [passed_under_edit] no-edit-construction-or-validation/route-pairs-default-enables-edit-construction x tests/defects/test_pair_mapping.py::test_the_defect_list_sits_in_the_shared_prefix_of_every_call
    not asked: the test still passed when this defect was injected, and 2 other candidate test(s) failed under the same edit. The edit was not verified, so this is not evidence that the test fails to catch the defect.
  [passed_under_edit] no-edit-construction-or-validation/route-pairs-default-enables-edit-construction x tests/defects/test_pair_mapping.py::test_the_digest_is_per_test_not_per_file
    not asked: the test still passed when this defect was injected, and 2 other candidate test(s) failed under the same edit. The edit was not verified, so this is not evidence that the test fails to catch the defect.
  [passed_under_edit] no-edit-construction-or-validation/route-pairs-default-enables-edit-construction x tests/defects/test_pair_mapping.py::test_the_prefilter_keeps_its_own_cause
    not asked: the test still passed when this defect was injected, and 2 other candidate test(s) failed under the same edit. The edit was not verified, so this is not evidence that the test fails to catch the defect.
  [passed_under_edit] no-edit-construction-or-validation/route-pairs-default-enables-edit-construction x tests/defects/test_pair_mapping.py::test_the_question_put_about_a_pair_is_the_failure_question
    not asked: the test still passed when this defect was injected, and 2 other candidate test(s) failed under the same edit. The edit was not verified, so this is not evidence that the test fails to catch the defect.
  [passed_under_edit] no-edit-construction-or-validation/route-pairs-default-enables-edit-construction x tests/defects/test_pair_mapping.py::test_the_second_pass_happens_before_the_result_is_returned
    not asked: the test still passed when this defect was injected, and 2 other candidate test(s) failed under the same edit. The edit was not verified, so this is not evidence that the test fails to catch the defect.
  [passed_under_edit] no-edit-construction-or-validation/route-pairs-default-enables-edit-construction x tests/defects/test_pair_mapping.py::test_the_stage_is_byte_identical_when_its_calls_finish_out_of_order
    not asked: the test still passed when this defect was injected, and 2 other candidate test(s) failed under the same edit. The edit was not verified, so this is not evidence that the test fails to catch the defect.
  [passed_under_edit] no-edit-construction-or-validation/route-pairs-default-enables-edit-construction x tests/defects/test_pair_mapping.py::test_which_pairs_share_a_request_does_not_change_what_carries
    not asked: the test still passed when this defect was injected, and 2 other candidate test(s) failed under the same edit. The edit was not verified, so this is not evidence that the test fails to catch the defect.
  [passed_under_edit] no-edit-construction-or-validation/route-pairs-default-enables-edit-construction x tests/defects/test_reachability.py::test_excludes_and_records_the_one_provable_shape
    not asked: the test still passed when this defect was injected, and 2 other candidate test(s) failed under the same edit. The edit was not verified, so this is not evidence that the test fails to catch the defect.
  [passed_under_edit] no-edit-construction-or-validation/route-pairs-default-enables-edit-construction x tests/defects/test_reachability.py::test_judges_a_test_that_names_something_the_defects_file_defines
    not asked: the test still passed when this defect was injected, and 2 other candidate test(s) failed under the same edit. The edit was not verified, so this is not evidence that the test fails to catch the defect.
  [passed_under_edit] no-edit-construction-or-validation/route-pairs-default-enables-edit-construction x tests/defects/test_reachability.py::test_judges_a_test_that_reaches_the_defect_through_a_helper_module
    not asked: the test still passed when this defect was injected, and 2 other candidate test(s) failed under the same edit. The edit was not verified, so this is not evidence that the test fails to catch the defect.
  [passed_under_edit] no-edit-construction-or-validation/route-pairs-default-enables-edit-construction x tests/defects/test_reachability.py::test_judges_a_test_that_takes_a_fixture
    not asked: the test still passed when this defect was injected, and 2 other candidate test(s) failed under the same edit. The edit was not verified, so this is not evidence that the test fails to catch the defect.
  [passed_under_edit] no-edit-construction-or-validation/route-pairs-default-enables-edit-construction x tests/defects/test_reachability.py::test_judges_when_the_defect_implicates_no_file
    not asked: the test still passed when this defect was injected, and 2 other candidate test(s) failed under the same edit. The edit was not verified, so this is not evidence that the test fails to catch the defect.
  [passed_under_edit] no-edit-construction-or-validation/route-pairs-default-enables-edit-construction x tests/defects/test_reachability.py::test_judges_when_the_module_imports_dynamically
    not asked: the test still passed when this defect was injected, and 2 other candidate test(s) failed under the same edit. The edit was not verified, so this is not evidence that the test fails to catch the defect.
  [passed_under_edit] no-edit-construction-or-validation/route-pairs-default-enables-edit-construction x tests/defects/test_reachability.py::test_judges_when_the_module_imports_relatively
    not asked: the test still passed when this defect was injected, and 2 other candidate test(s) failed under the same edit. The edit was not verified, so this is not evidence that the test fails to catch the defect.
  [passed_under_edit] no-edit-construction-or-validation/route-pairs-default-enables-edit-construction x tests/defects/test_support.py::test_a_criterion_whose_only_evidence_is_unjudged_is_indeterminate_not_nominal
    not asked: the test still passed when this defect was injected, and 2 other candidate test(s) failed under the same edit. The edit was not verified, so this is not evidence that the test fails to catch the defect.
  [passed_under_edit] no-edit-construction-or-validation/route-pairs-default-enables-edit-construction x tests/defects/test_support.py::test_a_criterion_whose_pairs_were_offered_and_unanswered_is_indeterminate
    not asked: the test still passed when this defect was injected, and 2 other candidate test(s) failed under the same edit. The edit was not verified, so this is not evidence that the test fails to catch the defect.
  [passed_under_edit] no-edit-construction-or-validation/route-pairs-default-enables-edit-construction x tests/defects/test_support.py::test_a_fully_judged_criterion_takes_the_class_its_kill_count_implies
    not asked: the test still passed when this defect was injected, and 2 other candidate test(s) failed under the same edit. The edit was not verified, so this is not evidence that the test fails to catch the defect.
  [passed_under_edit] no-edit-construction-or-validation/route-pairs-default-enables-edit-construction x tests/defects/test_support.py::test_a_prefilter_exclusion_counts_as_a_surviving_pair_not_an_unknown_one
    not asked: the test still passed when this defect was injected, and 2 other candidate test(s) failed under the same edit. The edit was not verified, so this is not evidence that the test fails to catch the defect.
  [passed_under_edit] no-edit-construction-or-validation/route-pairs-default-enables-edit-construction x tests/defects/test_support.py::test_an_unjudged_defect_never_reads_as_a_surviving_one
    not asked: the test still passed when this defect was injected, and 2 other candidate test(s) failed under the same edit. The edit was not verified, so this is not evidence that the test fails to catch the defect.
  [passed_under_edit] no-edit-construction-or-validation/route-pairs-default-enables-edit-construction x tests/defects/test_support.py::test_an_unjudged_defect_stops_a_criterion_reaching_strongly_supported
    not asked: the test still passed when this defect was injected, and 2 other candidate test(s) failed under the same edit. The edit was not verified, so this is not evidence that the test fails to catch the defect.
  [passed_under_edit] no-edit-construction-or-validation/route-pairs-default-enables-edit-construction x tests/defects/test_support.py::test_test_links_carry_only_the_tests_judged_to_fail_on_a_defect
    not asked: the test still passed when this defect was injected, and 2 other candidate test(s) failed under the same edit. The edit was not verified, so this is not evidence that the test fails to catch the defect.
  [passed_under_edit] no-edit-construction-or-validation/route-pairs-default-enables-edit-construction x tests/defects/test_support.py::test_the_derivation_makes_no_model_call_and_repeats_exactly
    not asked: the test still passed when this defect was injected, and 2 other candidate test(s) failed under the same edit. The edit was not verified, so this is not evidence that the test fails to catch the defect.
  [passed_under_edit] no-edit-construction-or-validation/route-pairs-default-enables-edit-construction x tests/fixtures/archetypes/08-unrequested-change-separable/head/test_report.py::test_low_stock_report_filters_by_threshold
    not asked: the test still passed when this defect was injected, and 2 other candidate test(s) failed under the same edit. The edit was not verified, so this is not evidence that the test fails to catch the defect.
  [passed_under_edit] no-edit-construction-or-validation/route-pairs-default-enables-edit-construction x tests/requirement/test_carry_forward.py::test_the_review_pipeline_carries_forward_and_hands_back_what_it_derived
    not asked: the test still passed when this defect was injected, and 2 other candidate test(s) failed under the same edit. The edit was not verified, so this is not evidence that the test fails to catch the defect.
  [passed_under_edit] no-edit-construction-or-validation/route-pairs-default-enables-edit-construction x tests/requirement/test_carry_forward.py::test_the_review_pipeline_leaves_no_ledger_behind_when_given_no_sink
    not asked: the test still passed when this defect was injected, and 2 other candidate test(s) failed under the same edit. The edit was not verified, so this is not evidence that the test fails to catch the defect.
  [passed_under_edit] no-edit-construction-or-validation/route-pairs-default-enables-edit-construction x tests/test_cli_execution.py::TestTheSettingsArrive::test_the_pipeline_is_given_settings_to_decide_with
    not asked: the test still passed when this defect was injected, and 2 other candidate test(s) failed under the same edit. The edit was not verified, so this is not evidence that the test fails to catch the defect.
  [passed_under_edit] no-edit-construction-or-validation/route-pairs-default-enables-edit-construction x tests/test_execution_decision.py::TestTheDecisionIsAlwaysExplained::test_every_outcome_carries_a_reason
    not asked: the test still passed when this defect was injected, and 2 other candidate test(s) failed under the same edit. The edit was not verified, so this is not evidence that the test fails to catch the defect.
  [passed_under_edit] no-edit-construction-or-validation/route-pairs-default-enables-edit-construction x tests/test_execution_decision.py::TestWhenItDeclines::test_no_defect_can_be_edited
    not asked: the test still passed when this defect was injected, and 2 other candidate test(s) failed under the same edit. The edit was not verified, so this is not evidence that the test fails to catch the defect.
  [passed_under_edit] no-edit-construction-or-validation/route-pairs-default-enables-edit-construction x tests/test_execution_decision.py::TestWhenItDeclines::test_no_settings_at_all_is_not_a_run
    not asked: the test still passed when this defect was injected, and 2 other candidate test(s) failed under the same edit. The edit was not verified, so this is not evidence that the test fails to catch the defect.
  [passed_under_edit] no-edit-construction-or-validation/route-pairs-default-enables-edit-construction x tests/test_execution_decision.py::TestWhenItDeclines::test_nothing_would_consume_the_result
    not asked: the test still passed when this defect was injected, and 2 other candidate test(s) failed under the same edit. The edit was not verified, so this is not evidence that the test fails to catch the defect.
  [passed_under_edit] no-edit-construction-or-validation/route-pairs-default-enables-edit-construction x tests/test_execution_decision.py::TestWhenItRuns::test_a_result_could_count_and_there_is_something_to_inject
    not asked: the test still passed when this defect was injected, and 2 other candidate test(s) failed under the same edit. The edit was not verified, so this is not evidence that the test fails to catch the defect.
  [passed_under_edit] no-edit-construction-or-validation/route-pairs-default-enables-edit-construction x tests/test_execution_decision.py::TestWhenItRuns::test_the_reason_says_what_made_it_worth_doing
    not asked: the test still passed when this defect was injected, and 2 other candidate test(s) failed under the same edit. The edit was not verified, so this is not evidence that the test fails to catch the defect.
  [passed_under_edit] no-edit-construction-or-validation/route-pairs-default-enables-edit-construction x tests/test_mandate_coverage.py::test_a_decline_is_not_re_judged_even_when_the_text_reads_like_a_requirement
    not asked: the test still passed when this defect was injected, and 2 other candidate test(s) failed under the same edit. The edit was not verified, so this is not evidence that the test fails to catch the defect.
  [passed_under_edit] no-edit-construction-or-validation/route-pairs-default-enables-edit-construction x tests/test_mandate_coverage.py::test_a_requirement_whose_question_the_diff_resolved_counts_as_judged
    not asked: the test still passed when this defect was injected, and 2 other candidate test(s) failed under the same edit. The edit was not verified, so this is not evidence that the test fails to catch the defect.
  [passed_under_edit] no-edit-construction-or-validation/route-pairs-default-enables-edit-construction x tests/test_mutation_archetype_acceptance.py::TestRoutingChangesNothingHereButTheCost::test_a_survivor_holds_nothing_back_even_with_a_passing_test
    not asked: the test still passed when this defect was injected, and 2 other candidate test(s) failed under the same edit. The edit was not verified, so this is not evidence that the test fails to catch the defect.
  [passed_under_edit] no-edit-construction-or-validation/route-pairs-default-enables-edit-construction x tests/test_mutation_archetype_acceptance.py::TestRoutingChangesNothingHereButTheCost::test_routing_holds_nothing_back_on_this_fixture
    not asked: the test still passed when this defect was injected, and 2 other candidate test(s) failed under the same edit. The edit was not verified, so this is not evidence that the test fails to catch the defect.
  [passed_under_edit] no-edit-construction-or-validation/route-pairs-default-enables-edit-construction x tests/test_mutation_archetype_acceptance.py::TestRoutingChangesNothingHereButTheCost::test_the_labelled_kill_is_untouched
    not asked: the test still passed when this defect was injected, and 2 other candidate test(s) failed under the same edit. The edit was not verified, so this is not evidence that the test fails to catch the defect.
  [passed_under_edit] no-edit-construction-or-validation/route-pairs-default-enables-edit-construction x tests/test_mutation_archetype_acceptance.py::TestTheGroundTruthIsReproduced::test_every_attempt_was_observed_by_execution
    not asked: the test still passed when this defect was injected, and 2 other candidate test(s) failed under the same edit. The edit was not verified, so this is not evidence that the test fails to catch the defect.
  [passed_under_edit] no-edit-construction-or-validation/route-pairs-default-enables-edit-construction x tests/test_mutation_archetype_acceptance.py::TestTheGroundTruthIsReproduced::test_every_labelled_defect_got_an_attempt
    not asked: the test still passed when this defect was injected, and 2 other candidate test(s) failed under the same edit. The edit was not verified, so this is not evidence that the test fails to catch the defect.
  [passed_under_edit] no-edit-construction-or-validation/route-pairs-default-enables-edit-construction x tests/test_mutation_archetype_acceptance.py::TestTheGroundTruthIsReproduced::test_the_killing_tests_match_the_labels
    not asked: the test still passed when this defect was injected, and 2 other candidate test(s) failed under the same edit. The edit was not verified, so this is not evidence that the test fails to catch the defect.
  [passed_under_edit] no-edit-construction-or-validation/route-pairs-default-enables-edit-construction x tests/test_mutation_archetype_acceptance.py::TestTheUpgradeThisMilestoneExistsFor::test_a_defect_the_test_cannot_catch_is_observed_to_survive
    not asked: the test still passed when this defect was injected, and 2 other candidate test(s) failed under the same edit. The edit was not verified, so this is not evidence that the test fails to catch the defect.
  [passed_under_edit] no-edit-construction-or-validation/route-pairs-default-enables-edit-construction x tests/test_mutation_archetype_acceptance.py::TestTheUpgradeThisMilestoneExistsFor::test_the_defect_the_test_can_catch_is_observed_to_die
    not asked: the test still passed when this defect was injected, and 2 other candidate test(s) failed under the same edit. The edit was not verified, so this is not evidence that the test fails to catch the defect.
  [passed_under_edit] no-edit-construction-or-validation/route-pairs-default-enables-edit-construction x tests/test_mutation_archetype_acceptance.py::TestTheUpgradeThisMilestoneExistsFor::test_the_injected_edit_is_recorded_for_each
    not asked: the test still passed when this defect was injected, and 2 other candidate test(s) failed under the same edit. The edit was not verified, so this is not evidence that the test fails to catch the defect.
  [passed_under_edit] no-edit-construction-or-validation/route-pairs-default-enables-edit-construction x tests/test_mutation_archetype_acceptance.py::TestTheUpgradeThisMilestoneExistsFor::test_the_verdicts_reach_the_executed_tier_once_the_edits_are_verified
    not asked: the test still passed when this defect was injected, and 2 other candidate test(s) failed under the same edit. The edit was not verified, so this is not evidence that the test fails to catch the defect.
  [passed_under_edit] no-edit-construction-or-validation/route-pairs-default-enables-edit-construction x tests/test_mutation_archetype_acceptance.py::TestTheUpgradeThisMilestoneExistsFor::test_without_verification_nothing_reaches_the_executed_tier
    not asked: the test still passed when this defect was injected, and 2 other candidate test(s) failed under the same edit. The edit was not verified, so this is not evidence that the test fails to catch the defect.
  [passed_under_edit] no-edit-construction-or-validation/route-pairs-default-enables-edit-construction x tests/test_mutation_verdicts.py::TestAnUnverifiedEditCountsForNothing::test_an_unverified_kill_produces_no_verdict
    not asked: the test still passed when this defect was injected, and 2 other candidate test(s) failed under the same edit. The edit was not verified, so this is not evidence that the test fails to catch the defect.
  [passed_under_edit] no-edit-construction-or-validation/route-pairs-default-enables-edit-construction x tests/test_mutation_verdicts.py::TestAnUnverifiedEditCountsForNothing::test_an_unverified_survival_produces_no_verdict
    not asked: the test still passed when this defect was injected, and 2 other candidate test(s) failed under the same edit. The edit was not verified, so this is not evidence that the test fails to catch the defect.
  [passed_under_edit] no-edit-construction-or-validation/route-pairs-default-enables-edit-construction x tests/test_mutation_verdicts.py::TestAnUnverifiedEditCountsForNothing::test_its_defect_still_goes_to_the_static_judge
    not asked: the test still passed when this defect was injected, and 2 other candidate test(s) failed under the same edit. The edit was not verified, so this is not evidence that the test fails to catch the defect.
  [passed_under_edit] no-edit-construction-or-validation/route-pairs-default-enables-edit-construction x tests/test_mutation_verdicts.py::TestAnUnverifiedEditCountsForNothing::test_the_criterion_it_belongs_to_stays_static
    not asked: the test still passed when this defect was injected, and 2 other candidate test(s) failed under the same edit. The edit was not verified, so this is not evidence that the test fails to catch the defect.
  [passed_under_edit] no-edit-construction-or-validation/route-pairs-default-enables-edit-construction x tests/test_mutation_verdicts.py::TestTheRatingReadsBoth::test_a_defect_with_no_verdict_at_all_holds_it_at_static
    not asked: the test still passed when this defect was injected, and 2 other candidate test(s) failed under the same edit. The edit was not verified, so this is not evidence that the test fails to catch the defect.
  [passed_under_edit] no-edit-construction-or-validation/route-pairs-default-enables-edit-construction x tests/test_mutation_verdicts.py::TestTheRatingReadsBoth::test_a_fully_executed_criterion_reaches_the_defect_killed_tier
    not asked: the test still passed when this defect was injected, and 2 other candidate test(s) failed under the same edit. The edit was not verified, so this is not evidence that the test fails to catch the defect.
  [passed_under_edit] no-edit-construction-or-validation/route-pairs-default-enables-edit-construction x tests/test_mutation_verdicts.py::TestTheRatingReadsBoth::test_a_predicted_kill_does_not_borrow_an_executed_survival_tier
    not asked: the test still passed when this defect was injected, and 2 other candidate test(s) failed under the same edit. The edit was not verified, so this is not evidence that the test fails to catch the defect.
  [passed_under_edit] no-edit-construction-or-validation/route-pairs-default-enables-edit-construction x tests/test_mutation_verdicts.py::TestTheRatingReadsBoth::test_a_review_with_no_execution_is_unchanged
    not asked: the test still passed when this defect was injected, and 2 other candidate test(s) failed under the same edit. The edit was not verified, so this is not evidence that the test fails to catch the defect.
  [passed_under_edit] no-edit-construction-or-validation/route-pairs-default-enables-edit-construction x tests/test_mutation_verdicts.py::TestTheRatingReadsBoth::test_an_executed_kill_counts_toward_coverage
    not asked: the test still passed when this defect was injected, and 2 other candidate test(s) failed under the same edit. The edit was not verified, so this is not evidence that the test fails to catch the defect.
  [passed_under_edit] no-edit-construction-or-validation/route-pairs-default-enables-edit-construction x tests/test_mutation_verdicts.py::TestTheRatingReadsBoth::test_an_executed_kill_is_not_dragged_down_by_a_predicted_verdict_on_the_same_defect
    not asked: the test still passed when this defect was injected, and 2 other candidate test(s) failed under the same edit. The edit was not verified, so this is not evidence that the test fails to catch the defect.
  [passed_under_edit] no-edit-construction-or-validation/route-pairs-default-enables-edit-construction x tests/test_mutation_verdicts.py::TestTheRatingReadsBoth::test_an_executed_kill_outranks_a_predicted_kill_on_the_same_defect
    not asked: the test still passed when this defect was injected, and 2 other candidate test(s) failed under the same edit. The edit was not verified, so this is not evidence that the test fails to catch the defect.
  [passed_under_edit] no-edit-construction-or-validation/route-pairs-default-enables-edit-construction x tests/test_mutation_verdicts.py::TestTheRatingReadsBoth::test_an_executed_survival_on_every_test_reaches_the_defect_killed_tier
    not asked: the test still passed when this defect was injected, and 2 other candidate test(s) failed under the same edit. The edit was not verified, so this is not evidence that the test fails to catch the defect.
  [passed_under_edit] no-edit-construction-or-validation/route-pairs-default-enables-edit-construction x tests/test_mutation_verdicts.py::TestTheRatingReadsBoth::test_an_uncovered_defect_is_only_as_known_as_its_weakest_verdict
    not asked: the test still passed when this defect was injected, and 2 other candidate test(s) failed under the same edit. The edit was not verified, so this is not evidence that the test fails to catch the defect.
  [passed_under_edit] no-edit-construction-or-validation/route-pairs-default-enables-edit-construction x tests/test_mutation_verdicts.py::TestTheRatingReadsBoth::test_one_predicted_defect_holds_the_criterion_at_static
    not asked: the test still passed when this defect was injected, and 2 other candidate test(s) failed under the same edit. The edit was not verified, so this is not evidence that the test fails to catch the defect.
  [passed_under_edit] no-edit-construction-or-validation/route-pairs-default-enables-edit-construction x tests/test_mutation_verdicts.py::TestVerdictsFrom::test_a_kill_records_the_red_test_as_killing
    not asked: the test still passed when this defect was injected, and 2 other candidate test(s) failed under the same edit. The edit was not verified, so this is not evidence that the test fails to catch the defect.
  [passed_under_edit] no-edit-construction-or-validation/route-pairs-default-enables-edit-construction x tests/test_mutation_verdicts.py::TestVerdictsFrom::test_a_survival_records_every_test_as_not_killing
    not asked: the test still passed when this defect was injected, and 2 other candidate test(s) failed under the same edit. The edit was not verified, so this is not evidence that the test fails to catch the defect.
  [passed_under_edit] no-edit-construction-or-validation/route-pairs-default-enables-edit-construction x tests/test_mutation_verdicts.py::TestVerdictsFrom::test_an_unsettled_attempt_produces_no_verdict
    not asked: the test still passed when this defect was injected, and 2 other candidate test(s) failed under the same edit. The edit was not verified, so this is not evidence that the test fails to catch the defect.
  [passed_under_edit] no-edit-construction-or-validation/route-pairs-default-enables-edit-construction x tests/test_mutation_verdicts.py::TestVerdictsFrom::test_every_test_the_mutant_ran_against_gets_a_verdict
    not asked: the test still passed when this defect was injected, and 2 other candidate test(s) failed under the same edit. The edit was not verified, so this is not evidence that the test fails to catch the defect.
  [passed_under_edit] no-edit-construction-or-validation/route-pairs-default-enables-edit-construction x tests/test_mutation_verdicts.py::TestVerdictsFrom::test_executed_verdicts_carry_the_defect_killed_tier
    not asked: the test still passed when this defect was injected, and 2 other candidate test(s) failed under the same edit. The edit was not verified, so this is not evidence that the test fails to catch the defect.
  [passed_under_edit] no-edit-construction-or-validation/route-pairs-default-enables-edit-construction x tests/test_mutation_verdicts.py::TestVerdictsFrom::test_no_carry_key_so_an_executed_verdict_is_never_carried_forward
    not asked: the test still passed when this defect was injected, and 2 other candidate test(s) failed under the same edit. The edit was not verified, so this is not evidence that the test fails to catch the defect.
  [passed_under_edit] no-edit-construction-or-validation/route-pairs-default-enables-edit-construction x tests/test_mutation_verdicts.py::TestVerdictsFrom::test_the_defect_text_is_carried_so_a_later_run_can_identify_it
    not asked: the test still passed when this defect was injected, and 2 other candidate test(s) failed under the same edit. The edit was not verified, so this is not evidence that the test fails to catch the defect.
  [passed_under_edit] no-edit-construction-or-validation/route-pairs-default-enables-edit-construction x tests/test_mutation_verdicts.py::TestVerdictsFrom::test_the_reason_says_the_answer_was_observed
    not asked: the test still passed when this defect was injected, and 2 other candidate test(s) failed under the same edit. The edit was not verified, so this is not evidence that the test fails to catch the defect.
  [passed_under_edit] no-edit-construction-or-validation/route-pairs-default-enables-edit-construction x tests/test_pair_routing.py::TestADroppedPairIsNotASurvival::test_a_prefiltered_pair_still_does_not
    not asked: the test still passed when this defect was injected, and 2 other candidate test(s) failed under the same edit. The edit was not verified, so this is not evidence that the test fails to catch the defect.
  [passed_under_edit] no-edit-construction-or-validation/route-pairs-default-enables-edit-construction x tests/test_pair_routing.py::TestADroppedPairIsNotASurvival::test_it_cannot_make_a_criterion_strongly_supported
    not asked: the test still passed when this defect was injected, and 2 other candidate test(s) failed under the same edit. The edit was not verified, so this is not evidence that the test fails to catch the defect.
  [passed_under_edit] no-edit-construction-or-validation/route-pairs-default-enables-edit-construction x tests/test_pair_routing.py::TestADroppedPairIsNotASurvival::test_it_contributes_no_verdict_and_no_test_link
    not asked: the test still passed when this defect was injected, and 2 other candidate test(s) failed under the same edit. The edit was not verified, so this is not evidence that the test fails to catch the defect.
  [passed_under_edit] no-edit-construction-or-validation/route-pairs-default-enables-edit-construction x tests/test_pair_routing.py::TestADroppedPairIsNotASurvival::test_it_raises_unknown_rather_than_reading_as_uncovered
    not asked: the test still passed when this defect was injected, and 2 other candidate test(s) failed under the same edit. The edit was not verified, so this is not evidence that the test fails to catch the defect.
  [passed_under_edit] no-edit-construction-or-validation/route-pairs-default-enables-edit-construction x tests/test_pair_routing.py::TestWhichPairsTheRunAnswers::test_a_settled_attempt_skips_nothing
    not asked: the test still passed when this defect was injected, and 2 other candidate test(s) failed under the same edit. The edit was not verified, so this is not evidence that the test fails to catch the defect.
  [passed_under_edit] no-edit-construction-or-validation/route-pairs-default-enables-edit-construction x tests/test_pair_routing.py::TestWhichPairsTheRunAnswers::test_a_survival_skips_nothing
    not asked: the test still passed when this defect was injected, and 2 other candidate test(s) failed under the same edit. The edit was not verified, so this is not evidence that the test fails to catch the defect.
  [passed_under_edit] no-edit-construction-or-validation/route-pairs-default-enables-edit-construction x tests/test_pair_routing.py::TestWhichPairsTheRunAnswers::test_a_test_that_failed_under_the_edit_is_still_asked
    not asked: the test still passed when this defect was injected, and 2 other candidate test(s) failed under the same edit. The edit was not verified, so this is not evidence that the test fails to catch the defect.
  [passed_under_edit] no-edit-construction-or-validation/route-pairs-default-enables-edit-construction x tests/test_pair_routing.py::TestWhichPairsTheRunAnswers::test_a_test_that_kept_passing_under_the_edit_is_not_asked
    not asked: the test still passed when this defect was injected, and 2 other candidate test(s) failed under the same edit. The edit was not verified, so this is not evidence that the test fails to catch the defect.
  [passed_under_edit] no-edit-construction-or-validation/route-pairs-default-enables-edit-construction x tests/test_pair_routing.py::TestWhichPairsTheRunAnswers::test_the_reason_says_the_edit_was_not_verified
    not asked: the test still passed when this defect was injected, and 2 other candidate test(s) failed under the same edit. The edit was not verified, so this is not evidence that the test fails to catch the defect.
  [passed_under_edit] no-edit-construction-or-validation/route-pairs-default-enables-edit-construction x tests/test_supplied_ids.py::test_a_clean_answer_records_nothing_and_keeps_its_negative_verdicts
    not asked: the test still passed when this defect was injected, and 2 other candidate test(s) failed under the same edit. The edit was not verified, so this is not evidence that the test fails to catch the defect.
  [passed_under_edit] no-edit-construction-or-validation/route-pairs-default-enables-edit-construction x tests/test_supplied_ids.py::test_a_foreign_defect_id_is_recorded_not_silently_dropped
    not asked: the test still passed when this defect was injected, and 2 other candidate test(s) failed under the same edit. The edit was not verified, so this is not evidence that the test fails to catch the defect.
  [passed_under_edit] no-edit-construction-or-validation/route-pairs-default-enables-edit-construction x tests/test_supplied_ids.py::test_the_schema_asked_for_differs_from_the_shape_parsed
    not asked: the test still passed when this defect was injected, and 2 other candidate test(s) failed under the same edit. The edit was not verified, so this is not evidence that the test fails to catch the defect.
  [passed_under_edit] no-edit-construction-or-validation/route-pairs-default-enables-edit-construction x tests/test_unverified_mutation_is_inert.py::TestNothingDerivesFromIt::test_no_test_is_credited_to_the_criterion
    not asked: the test still passed when this defect was injected, and 2 other candidate test(s) failed under the same edit. The edit was not verified, so this is not evidence that the test fails to catch the defect.
  [passed_under_edit] no-edit-construction-or-validation/route-pairs-default-enables-edit-construction x tests/test_unverified_mutation_is_inert.py::TestNothingDerivesFromIt::test_the_defect_still_reaches_the_static_judge
    not asked: the test still passed when this defect was injected, and 2 other candidate test(s) failed under the same edit. The edit was not verified, so this is not evidence that the test fails to catch the defect.
  [passed_under_edit] no-edit-construction-or-validation/route-pairs-default-enables-edit-construction x tests/test_unverified_mutation_is_inert.py::TestNothingDerivesFromIt::test_the_evidence_class_is_unchanged
    not asked: the test still passed when this defect was injected, and 2 other candidate test(s) failed under the same edit. The edit was not verified, so this is not evidence that the test fails to catch the defect.
  [passed_under_edit] no-edit-construction-or-validation/route-pairs-default-enables-edit-construction x tests/test_unverified_mutation_is_inert.py::TestNothingDerivesFromIt::test_the_rating_stays_at_the_static_tier
    not asked: the test still passed when this defect was injected, and 2 other candidate test(s) failed under the same edit. The edit was not verified, so this is not evidence that the test fails to catch the defect.
  [passed_under_edit] no-edit-construction-or-validation/route-pairs-default-enables-edit-construction x tests/test_unverified_mutation_is_inert.py::test_a_verified_attempt_does_contribute_verdicts
    not asked: the test still passed when this defect was injected, and 2 other candidate test(s) failed under the same edit. The edit was not verified, so this is not evidence that the test fails to catch the defect.
  [passed_under_edit] no-edit-construction-or-validation/route-pairs-default-enables-edit-construction x tests/test_unverified_mutation_is_inert.py::test_an_unverified_attempt_contributes_no_verdict
    not asked: the test still passed when this defect was injected, and 2 other candidate test(s) failed under the same edit. The edit was not verified, so this is not evidence that the test fails to catch the defect.
  [passed_under_edit] no-edit-construction-or-validation/route-pairs-default-enables-edit-construction x tests/test_verdict.py::test_a_tests_only_obligation_is_still_judged_on_its_test_evidence
    not asked: the test still passed when this defect was injected, and 2 other candidate test(s) failed under the same edit. The edit was not verified, so this is not evidence that the test fails to catch the defect.
  [unanswered] preserve-current-review-run-mode/route-pairs-default-changes-current-mode x tests/defects/test_pair_mapping.py::test_a_verdict_is_produced_again_when_the_tests_source_changed
    offered to the judge and not answered; no verdict was produced
  [passed_under_edit] reduce-model-questions/skipped-pairs-not-actually-removed-from-asked-set x tests/benchmark/test_corpus.py::test_every_case_is_traceable_to_the_judgement_it_came_from
    not asked: the test still passed when this defect was injected, and 3 other candidate test(s) failed under the same edit. The edit was not verified, so this is not evidence that the test fails to catch the defect.
  [passed_under_edit] reduce-model-questions/skipped-pairs-not-actually-removed-from-asked-set x tests/benchmark/test_coverage.py::test_cli_and_benchmark_share_one_pipeline
    not asked: the test still passed when this defect was injected, and 3 other candidate test(s) failed under the same edit. The edit was not verified, so this is not evidence that the test fails to catch the defect.
  [passed_under_edit] reduce-model-questions/skipped-pairs-not-actually-removed-from-asked-set x tests/benchmark/test_instability.py::test_a_caller_supplied_model_set_is_actually_measured
    not asked: the test still passed when this defect was injected, and 3 other candidate test(s) failed under the same edit. The edit was not verified, so this is not evidence that the test fails to catch the defect.
  [passed_under_edit] reduce-model-questions/skipped-pairs-not-actually-removed-from-asked-set x tests/benchmark/test_instability.py::test_a_flipped_evidence_class_is_content_and_never_shape
    not asked: the test still passed when this defect was injected, and 3 other candidate test(s) failed under the same edit. The edit was not verified, so this is not evidence that the test fails to catch the defect.
  [passed_under_edit] reduce-model-questions/skipped-pairs-not-actually-removed-from-asked-set x tests/benchmark/test_instability.py::test_a_flipped_pair_verdict_is_reported_per_pair
    not asked: the test still passed when this defect was injected, and 3 other candidate test(s) failed under the same edit. The edit was not verified, so this is not evidence that the test fails to catch the defect.
  [passed_under_edit] reduce-model-questions/skipped-pairs-not-actually-removed-from-asked-set x tests/benchmark/test_instability.py::test_a_lost_obligation_is_reported_as_a_content_difference
    not asked: the test still passed when this defect was injected, and 3 other candidate test(s) failed under the same edit. The edit was not verified, so this is not evidence that the test fails to catch the defect.
  [passed_under_edit] reduce-model-questions/skipped-pairs-not-actually-removed-from-asked-set x tests/benchmark/test_instability.py::test_a_model_that_cannot_make_up_its_mind_does_not_count_as_agreeing
    not asked: the test still passed when this defect was injected, and 3 other candidate test(s) failed under the same edit. The edit was not verified, so this is not evidence that the test fails to catch the defect.
  [passed_under_edit] reduce-model-questions/skipped-pairs-not-actually-removed-from-asked-set x tests/benchmark/test_instability.py::test_a_perturbation_run_is_included_when_one_is_supplied
    not asked: the test still passed when this defect was injected, and 3 other candidate test(s) failed under the same edit. The edit was not verified, so this is not evidence that the test fails to catch the defect.
  [passed_under_edit] reduce-model-questions/skipped-pairs-not-actually-removed-from-asked-set x tests/benchmark/test_instability.py::test_a_repartitioned_obligation_is_reported_as_a_shape_difference
    not asked: the test still passed when this defect was injected, and 3 other candidate test(s) failed under the same edit. The edit was not verified, so this is not evidence that the test fails to catch the defect.
  [passed_under_edit] reduce-model-questions/skipped-pairs-not-actually-removed-from-asked-set x tests/benchmark/test_instability.py::test_an_oscillating_open_question_is_a_content_difference
    not asked: the test still passed when this defect was injected, and 3 other candidate test(s) failed under the same edit. The edit was not verified, so this is not evidence that the test fails to catch the defect.
  [passed_under_edit] reduce-model-questions/skipped-pairs-not-actually-removed-from-asked-set x tests/benchmark/test_instability.py::test_an_unanswered_subject_counts_as_content_not_shape
    not asked: the test still passed when this defect was injected, and 3 other candidate test(s) failed under the same edit. The edit was not verified, so this is not evidence that the test fails to catch the defect.
  [passed_under_edit] reduce-model-questions/skipped-pairs-not-actually-removed-from-asked-set x tests/benchmark/test_instability.py::test_an_unmatched_statement_covered_by_nothing_is_a_content_difference
    not asked: the test still passed when this defect was injected, and 3 other candidate test(s) failed under the same edit. The edit was not verified, so this is not evidence that the test fails to catch the defect.
  [passed_under_edit] reduce-model-questions/skipped-pairs-not-actually-removed-from-asked-set x tests/benchmark/test_instability.py::test_an_unmatched_statement_covered_by_the_other_set_is_a_shape_difference
    not asked: the test still passed when this defect was injected, and 3 other candidate test(s) failed under the same edit. The edit was not verified, so this is not evidence that the test fails to catch the defect.
  [passed_under_edit] reduce-model-questions/skipped-pairs-not-actually-removed-from-asked-set x tests/benchmark/test_instability.py::test_content_and_shape_are_reported_as_separate_figures
    not asked: the test still passed when this defect was injected, and 3 other candidate test(s) failed under the same edit. The edit was not verified, so this is not evidence that the test fails to catch the defect.
  [passed_under_edit] reduce-model-questions/skipped-pairs-not-actually-removed-from-asked-set x tests/benchmark/test_instability.py::test_content_and_shape_counts_diverge_when_both_kinds_occur
    not asked: the test still passed when this defect was injected, and 3 other candidate test(s) failed under the same edit. The edit was not verified, so this is not evidence that the test fails to catch the defect.
  [passed_under_edit] reduce-model-questions/skipped-pairs-not-actually-removed-from-asked-set x tests/benchmark/test_instability.py::test_cross_model_agreement_covers_every_judgement_axis
    not asked: the test still passed when this defect was injected, and 3 other candidate test(s) failed under the same edit. The edit was not verified, so this is not evidence that the test fails to catch the defect.
  [passed_under_edit] reduce-model-questions/skipped-pairs-not-actually-removed-from-asked-set x tests/benchmark/test_instability.py::test_cross_model_agreement_is_none_with_a_single_model
    not asked: the test still passed when this defect was injected, and 3 other candidate test(s) failed under the same edit. The edit was not verified, so this is not evidence that the test fails to catch the defect.
  [passed_under_edit] reduce-model-questions/skipped-pairs-not-actually-removed-from-asked-set x tests/benchmark/test_instability.py::test_cross_model_agreement_is_reported_alongside_within_model_variance
    not asked: the test still passed when this defect was injected, and 3 other candidate test(s) failed under the same edit. The edit was not verified, so this is not evidence that the test fails to catch the defect.
  [passed_under_edit] reduce-model-questions/skipped-pairs-not-actually-removed-from-asked-set x tests/benchmark/test_instability.py::test_decomposition_variation_is_surfaced_and_not_only_evidence_variation
    not asked: the test still passed when this defect was injected, and 3 other candidate test(s) failed under the same edit. The edit was not verified, so this is not evidence that the test fails to catch the defect.
  [passed_under_edit] reduce-model-questions/skipped-pairs-not-actually-removed-from-asked-set x tests/benchmark/test_instability.py::test_evidence_class_distribution_counts_every_draw
    not asked: the test still passed when this defect was injected, and 3 other candidate test(s) failed under the same edit. The edit was not verified, so this is not evidence that the test fails to catch the defect.
  [passed_under_edit] reduce-model-questions/skipped-pairs-not-actually-removed-from-asked-set x tests/benchmark/test_instability.py::test_matching_ids_with_different_text_are_not_treated_as_the_same_obligation
    not asked: the test still passed when this defect was injected, and 3 other candidate test(s) failed under the same edit. The edit was not verified, so this is not evidence that the test fails to catch the defect.
  [passed_under_edit] reduce-model-questions/skipped-pairs-not-actually-removed-from-asked-set x tests/benchmark/test_instability.py::test_measure_instability_records_the_conditions_that_produced_it
    not asked: the test still passed when this defect was injected, and 3 other candidate test(s) failed under the same edit. The edit was not verified, so this is not evidence that the test fails to catch the defect.
  [passed_under_edit] reduce-model-questions/skipped-pairs-not-actually-removed-from-asked-set x tests/benchmark/test_instability.py::test_measure_instability_varies_the_seed_across_runs
    not asked: the test still passed when this defect was injected, and 3 other candidate test(s) failed under the same edit. The edit was not verified, so this is not evidence that the test fails to catch the defect.
  [passed_under_edit] reduce-model-questions/skipped-pairs-not-actually-removed-from-asked-set x tests/benchmark/test_instability.py::test_measuring_variance_requires_at_least_two_runs
    not asked: the test still passed when this defect was injected, and 3 other candidate test(s) failed under the same edit. The edit was not verified, so this is not evidence that the test fails to catch the defect.
  [passed_under_edit] reduce-model-questions/skipped-pairs-not-actually-removed-from-asked-set x tests/benchmark/test_instability.py::test_no_ci_workflow_invokes_the_instability_harness
    not asked: the test still passed when this defect was injected, and 3 other candidate test(s) failed under the same edit. The edit was not verified, so this is not evidence that the test fails to catch the defect.
  [passed_under_edit] reduce-model-questions/skipped-pairs-not-actually-removed-from-asked-set x tests/benchmark/test_instability.py::test_obligations_align_by_content_even_when_their_ids_differ
    not asked: the test still passed when this defect was injected, and 3 other candidate test(s) failed under the same edit. The edit was not verified, so this is not evidence that the test fails to catch the defect.
  [passed_under_edit] reduce-model-questions/skipped-pairs-not-actually-removed-from-asked-set x tests/benchmark/test_instability.py::test_observations_do_not_leak_between_clients
    not asked: the test still passed when this defect was injected, and 3 other candidate test(s) failed under the same edit. The edit was not verified, so this is not evidence that the test fails to catch the defect.
  [passed_under_edit] reduce-model-questions/skipped-pairs-not-actually-removed-from-asked-set x tests/benchmark/test_instability.py::test_omitted_parameters_fall_back_to_the_declared_defaults
    not asked: the test still passed when this defect was injected, and 3 other candidate test(s) failed under the same edit. The edit was not verified, so this is not evidence that the test fails to catch the defect.
  [passed_under_edit] reduce-model-questions/skipped-pairs-not-actually-removed-from-asked-set x tests/benchmark/test_instability.py::test_perturbation_sensitivity_is_a_proportion_of_watched_judgements
    not asked: the test still passed when this defect was injected, and 3 other candidate test(s) failed under the same edit. The edit was not verified, so this is not evidence that the test fails to catch the defect.
  [passed_under_edit] reduce-model-questions/skipped-pairs-not-actually-removed-from-asked-set x tests/benchmark/test_instability.py::test_perturbation_sensitivity_is_none_when_nothing_was_watched
    not asked: the test still passed when this defect was injected, and 3 other candidate test(s) failed under the same edit. The edit was not verified, so this is not evidence that the test fails to catch the defect.
  [passed_under_edit] reduce-model-questions/skipped-pairs-not-actually-removed-from-asked-set x tests/benchmark/test_instability.py::test_presence_rows_show_an_obligation_missing_from_some_runs
    not asked: the test still passed when this defect was injected, and 3 other candidate test(s) failed under the same edit. The edit was not verified, so this is not evidence that the test fails to catch the defect.
  [passed_under_edit] reduce-model-questions/skipped-pairs-not-actually-removed-from-asked-set x tests/benchmark/test_instability.py::test_run_once_drives_the_real_pipeline_and_snapshots_its_output
    not asked: the test still passed when this defect was injected, and 3 other candidate test(s) failed under the same edit. The edit was not verified, so this is not evidence that the test fails to catch the defect.
  [passed_under_edit] reduce-model-questions/skipped-pairs-not-actually-removed-from-asked-set x tests/benchmark/test_instability.py::test_runs_are_recorded_live_and_never_replayed
    not asked: the test still passed when this defect was injected, and 3 other candidate test(s) failed under the same edit. The edit was not verified, so this is not evidence that the test fails to catch the defect.
  [passed_under_edit] reduce-model-questions/skipped-pairs-not-actually-removed-from-asked-set x tests/benchmark/test_instability.py::test_seeds_are_derived_so_a_measurement_is_repeatable_from_its_provenance
    not asked: the test still passed when this defect was injected, and 3 other candidate test(s) failed under the same edit. The edit was not verified, so this is not evidence that the test fails to catch the defect.
  [passed_under_edit] reduce-model-questions/skipped-pairs-not-actually-removed-from-asked-set x tests/benchmark/test_instability.py::test_the_default_run_count_produces_three_runs_per_model
    not asked: the test still passed when this defect was injected, and 3 other candidate test(s) failed under the same edit. The edit was not verified, so this is not evidence that the test fails to catch the defect.
  [passed_under_edit] reduce-model-questions/skipped-pairs-not-actually-removed-from-asked-set x tests/benchmark/test_instability.py::test_the_default_run_is_one_model_and_three_runs
    not asked: the test still passed when this defect was injected, and 3 other candidate test(s) failed under the same edit. The edit was not verified, so this is not evidence that the test fails to catch the defect.
  [passed_under_edit] reduce-model-questions/skipped-pairs-not-actually-removed-from-asked-set x tests/benchmark/test_instability.py::test_the_harness_reports_variance_without_reducing_it
    not asked: the test still passed when this defect was injected, and 3 other candidate test(s) failed under the same edit. The edit was not verified, so this is not evidence that the test fails to catch the defect.
  [passed_under_edit] reduce-model-questions/skipped-pairs-not-actually-removed-from-asked-set x tests/benchmark/test_instability.py::test_the_harness_uses_the_benchmark_variance_path_and_not_a_second_one
    not asked: the test still passed when this defect was injected, and 3 other candidate test(s) failed under the same edit. The edit was not verified, so this is not evidence that the test fails to catch the defect.
  [passed_under_edit] reduce-model-questions/skipped-pairs-not-actually-removed-from-asked-set x tests/benchmark/test_instability.py::test_the_observing_client_does_not_change_what_the_pipeline_produces
    not asked: the test still passed when this defect was injected, and 3 other candidate test(s) failed under the same edit. The edit was not verified, so this is not evidence that the test fails to catch the defect.
  [passed_under_edit] reduce-model-questions/skipped-pairs-not-actually-removed-from-asked-set x tests/benchmark/test_instability.py::test_the_perturbation_adds_a_test_that_asserts_nothing_about_the_change
    not asked: the test still passed when this defect was injected, and 3 other candidate test(s) failed under the same edit. The edit was not verified, so this is not evidence that the test fails to catch the defect.
  [passed_under_edit] reduce-model-questions/skipped-pairs-not-actually-removed-from-asked-set x tests/benchmark/test_instability.py::test_the_perturbation_never_writes_into_the_repository_under_review
    not asked: the test still passed when this defect was injected, and 3 other candidate test(s) failed under the same edit. The edit was not verified, so this is not evidence that the test fails to catch the defect.
  [passed_under_edit] reduce-model-questions/skipped-pairs-not-actually-removed-from-asked-set x tests/benchmark/test_instability.py::test_the_report_carries_no_pass_fail_or_threshold_field
    not asked: the test still passed when this defect was injected, and 3 other candidate test(s) failed under the same edit. The edit was not verified, so this is not evidence that the test fails to catch the defect.
  [passed_under_edit] reduce-model-questions/skipped-pairs-not-actually-removed-from-asked-set x tests/benchmark/test_instability.py::test_the_three_movement_sources_are_reported_as_distinct_figures
    not asked: the test still passed when this defect was injected, and 3 other candidate test(s) failed under the same edit. The edit was not verified, so this is not evidence that the test fails to catch the defect.
  [passed_under_edit] reduce-model-questions/skipped-pairs-not-actually-removed-from-asked-set x tests/benchmark/test_instability.py::test_with_no_counterpart_set_at_all_everything_is_content
    not asked: the test still passed when this defect was injected, and 3 other candidate test(s) failed under the same edit. The edit was not verified, so this is not evidence that the test fails to catch the defect.
  [passed_under_edit] reduce-model-questions/skipped-pairs-not-actually-removed-from-asked-set x tests/benchmark/test_rating_regression.py::test_the_case_set_can_catch_a_judge_erring_either_way
    not asked: the test still passed when this defect was injected, and 3 other candidate test(s) failed under the same edit. The edit was not verified, so this is not evidence that the test fails to catch the defect.
  [passed_under_edit] reduce-model-questions/skipped-pairs-not-actually-removed-from-asked-set x tests/defects/test_pair_mapping.py::test_a_continued_run_carries_verdicts_through_the_ledger
    not asked: the test still passed when this defect was injected, and 3 other candidate test(s) failed under the same edit. The edit was not verified, so this is not evidence that the test fails to catch the defect.
  [passed_under_edit] reduce-model-questions/skipped-pairs-not-actually-removed-from-asked-set x tests/defects/test_pair_mapping.py::test_a_defect_whose_asked_pairs_yield_no_kill_has_its_skipped_pairs_judged
    not asked: the test still passed when this defect was injected, and 3 other candidate test(s) failed under the same edit. The edit was not verified, so this is not evidence that the test fails to catch the defect.
  [passed_under_edit] reduce-model-questions/skipped-pairs-not-actually-removed-from-asked-set x tests/defects/test_pair_mapping.py::test_a_failing_answer_with_no_reason_is_not_kept_as_a_verdict
    not asked: the test still passed when this defect was injected, and 3 other candidate test(s) failed under the same edit. The edit was not verified, so this is not evidence that the test fails to catch the defect.
  [passed_under_edit] reduce-model-questions/skipped-pairs-not-actually-removed-from-asked-set x tests/defects/test_pair_mapping.py::test_a_pair_the_judge_never_answers_is_recorded_not_read_as_surviving
    not asked: the test still passed when this defect was injected, and 3 other candidate test(s) failed under the same edit. The edit was not verified, so this is not evidence that the test fails to catch the defect.
  [passed_under_edit] reduce-model-questions/skipped-pairs-not-actually-removed-from-asked-set x tests/defects/test_pair_mapping.py::test_a_ragged_pair_set_is_still_split_into_rectangles
    not asked: the test still passed when this defect was injected, and 3 other candidate test(s) failed under the same edit. The edit was not verified, so this is not evidence that the test fails to catch the defect.
  [passed_under_edit] reduce-model-questions/skipped-pairs-not-actually-removed-from-asked-set x tests/defects/test_pair_mapping.py::test_a_surviving_answer_carrying_a_reason_is_not_kept_as_a_verdict
    not asked: the test still passed when this defect was injected, and 3 other candidate test(s) failed under the same edit. The edit was not verified, so this is not evidence that the test fails to catch the defect.
  [passed_under_edit] reduce-model-questions/skipped-pairs-not-actually-removed-from-asked-set x tests/defects/test_pair_mapping.py::test_a_surviving_answer_carrying_an_empty_reason_is_still_a_verdict
    not asked: the test still passed when this defect was injected, and 3 other candidate test(s) failed under the same edit. The edit was not verified, so this is not evidence that the test fails to catch the defect.
  [passed_under_edit] reduce-model-questions/skipped-pairs-not-actually-removed-from-asked-set x tests/defects/test_pair_mapping.py::test_a_surviving_pair_is_stored_without_a_reason
    not asked: the test still passed when this defect was injected, and 3 other candidate test(s) failed under the same edit. The edit was not verified, so this is not evidence that the test fails to catch the defect.
  [passed_under_edit] reduce-model-questions/skipped-pairs-not-actually-removed-from-asked-set x tests/defects/test_pair_mapping.py::test_a_verdict_is_produced_again_when_its_defect_changed
    not asked: the test still passed when this defect was injected, and 3 other candidate test(s) failed under the same edit. The edit was not verified, so this is not evidence that the test fails to catch the defect.
  [passed_under_edit] reduce-model-questions/skipped-pairs-not-actually-removed-from-asked-set x tests/defects/test_pair_mapping.py::test_a_verdict_is_produced_again_when_the_tests_source_changed
    not asked: the test still passed when this defect was injected, and 3 other candidate test(s) failed under the same edit. The edit was not verified, so this is not evidence that the test fails to catch the defect.
  [passed_under_edit] reduce-model-questions/skipped-pairs-not-actually-removed-from-asked-set x tests/defects/test_pair_mapping.py::test_a_verdict_is_reused_when_its_defect_and_its_test_are_both_unchanged
    not asked: the test still passed when this defect was injected, and 3 other candidate test(s) failed under the same edit. The edit was not verified, so this is not evidence that the test fails to catch the defect.
  [passed_under_edit] reduce-model-questions/skipped-pairs-not-actually-removed-from-asked-set x tests/defects/test_pair_mapping.py::test_adding_one_test_judges_only_that_tests_pairs
    not asked: the test still passed when this defect was injected, and 3 other candidate test(s) failed under the same edit. The edit was not verified, so this is not evidence that the test fails to catch the defect.
  [passed_under_edit] reduce-model-questions/skipped-pairs-not-actually-removed-from-asked-set x tests/defects/test_pair_mapping.py::test_changing_how_many_tests_share_a_call_invalidates_the_transcripts
    not asked: the test still passed when this defect was injected, and 3 other candidate test(s) failed under the same edit. The edit was not verified, so this is not evidence that the test fails to catch the defect.
  [passed_under_edit] reduce-model-questions/skipped-pairs-not-actually-removed-from-asked-set x tests/defects/test_pair_mapping.py::test_defect_text_ignores_the_defect_id
    not asked: the test still passed when this defect was injected, and 3 other candidate test(s) failed under the same edit. The edit was not verified, so this is not evidence that the test fails to catch the defect.
  [passed_under_edit] reduce-model-questions/skipped-pairs-not-actually-removed-from-asked-set x tests/defects/test_pair_mapping.py::test_every_offered_pair_comes_back_with_a_verdict
    not asked: the test still passed when this defect was injected, and 3 other candidate test(s) failed under the same edit. The edit was not verified, so this is not evidence that the test fails to catch the defect.
  [passed_under_edit] reduce-model-questions/skipped-pairs-not-actually-removed-from-asked-set x tests/defects/test_pair_mapping.py::test_every_request_is_a_full_rectangle
    not asked: the test still passed when this defect was injected, and 3 other candidate test(s) failed under the same edit. The edit was not verified, so this is not evidence that the test fails to catch the defect.
  [passed_under_edit] reduce-model-questions/skipped-pairs-not-actually-removed-from-asked-set x tests/defects/test_pair_mapping.py::test_no_request_carries_more_judgements_than_the_limit
    not asked: the test still passed when this defect was injected, and 3 other candidate test(s) failed under the same edit. The edit was not verified, so this is not evidence that the test fails to catch the defect.
  [passed_under_edit] reduce-model-questions/skipped-pairs-not-actually-removed-from-asked-set x tests/defects/test_pair_mapping.py::test_one_misshapen_answer_does_not_discard_the_rest_of_its_batch
    not asked: the test still passed when this defect was injected, and 3 other candidate test(s) failed under the same edit. The edit was not verified, so this is not evidence that the test fails to catch the defect.
  [passed_under_edit] reduce-model-questions/skipped-pairs-not-actually-removed-from-asked-set x tests/defects/test_pair_mapping.py::test_routing_off_asks_about_everything
    not asked: the test still passed when this defect was injected, and 3 other candidate test(s) failed under the same edit. The edit was not verified, so this is not evidence that the test fails to catch the defect.
  [passed_under_edit] reduce-model-questions/skipped-pairs-not-actually-removed-from-asked-set x tests/defects/test_pair_mapping.py::test_the_answer_about_a_pair_carries_a_reason_only_where_the_test_would_fail
    not asked: the test still passed when this defect was injected, and 3 other candidate test(s) failed under the same edit. The edit was not verified, so this is not evidence that the test fails to catch the defect.
  [passed_under_edit] reduce-model-questions/skipped-pairs-not-actually-removed-from-asked-set x tests/defects/test_pair_mapping.py::test_the_defect_list_sits_in_the_shared_prefix_of_every_call
    not asked: the test still passed when this defect was injected, and 3 other candidate test(s) failed under the same edit. The edit was not verified, so this is not evidence that the test fails to catch the defect.
  [passed_under_edit] reduce-model-questions/skipped-pairs-not-actually-removed-from-asked-set x tests/defects/test_pair_mapping.py::test_the_digest_is_per_test_not_per_file
    not asked: the test still passed when this defect was injected, and 3 other candidate test(s) failed under the same edit. The edit was not verified, so this is not evidence that the test fails to catch the defect.
  [passed_under_edit] reduce-model-questions/skipped-pairs-not-actually-removed-from-asked-set x tests/defects/test_pair_mapping.py::test_the_prefilter_keeps_its_own_cause
    not asked: the test still passed when this defect was injected, and 3 other candidate test(s) failed under the same edit. The edit was not verified, so this is not evidence that the test fails to catch the defect.
  [passed_under_edit] reduce-model-questions/skipped-pairs-not-actually-removed-from-asked-set x tests/defects/test_pair_mapping.py::test_the_question_put_about_a_pair_is_the_failure_question
    not asked: the test still passed when this defect was injected, and 3 other candidate test(s) failed under the same edit. The edit was not verified, so this is not evidence that the test fails to catch the defect.
  [passed_under_edit] reduce-model-questions/skipped-pairs-not-actually-removed-from-asked-set x tests/defects/test_pair_mapping.py::test_the_second_pass_happens_before_the_result_is_returned
    not asked: the test still passed when this defect was injected, and 3 other candidate test(s) failed under the same edit. The edit was not verified, so this is not evidence that the test fails to catch the defect.
  [passed_under_edit] reduce-model-questions/skipped-pairs-not-actually-removed-from-asked-set x tests/defects/test_pair_mapping.py::test_the_stage_is_byte_identical_when_its_calls_finish_out_of_order
    not asked: the test still passed when this defect was injected, and 3 other candidate test(s) failed under the same edit. The edit was not verified, so this is not evidence that the test fails to catch the defect.
  [passed_under_edit] reduce-model-questions/skipped-pairs-not-actually-removed-from-asked-set x tests/defects/test_pair_mapping.py::test_which_pairs_share_a_request_does_not_change_what_carries
    not asked: the test still passed when this defect was injected, and 3 other candidate test(s) failed under the same edit. The edit was not verified, so this is not evidence that the test fails to catch the defect.
  [passed_under_edit] reduce-model-questions/skipped-pairs-not-actually-removed-from-asked-set x tests/defects/test_reachability.py::test_excludes_and_records_the_one_provable_shape
    not asked: the test still passed when this defect was injected, and 3 other candidate test(s) failed under the same edit. The edit was not verified, so this is not evidence that the test fails to catch the defect.
  [passed_under_edit] reduce-model-questions/skipped-pairs-not-actually-removed-from-asked-set x tests/defects/test_reachability.py::test_judges_a_test_that_names_something_the_defects_file_defines
    not asked: the test still passed when this defect was injected, and 3 other candidate test(s) failed under the same edit. The edit was not verified, so this is not evidence that the test fails to catch the defect.
  [passed_under_edit] reduce-model-questions/skipped-pairs-not-actually-removed-from-asked-set x tests/defects/test_reachability.py::test_judges_a_test_that_reaches_the_defect_through_a_helper_module
    not asked: the test still passed when this defect was injected, and 3 other candidate test(s) failed under the same edit. The edit was not verified, so this is not evidence that the test fails to catch the defect.
  [passed_under_edit] reduce-model-questions/skipped-pairs-not-actually-removed-from-asked-set x tests/defects/test_reachability.py::test_judges_a_test_that_takes_a_fixture
    not asked: the test still passed when this defect was injected, and 3 other candidate test(s) failed under the same edit. The edit was not verified, so this is not evidence that the test fails to catch the defect.
  [passed_under_edit] reduce-model-questions/skipped-pairs-not-actually-removed-from-asked-set x tests/defects/test_reachability.py::test_judges_when_the_defect_implicates_no_file
    not asked: the test still passed when this defect was injected, and 3 other candidate test(s) failed under the same edit. The edit was not verified, so this is not evidence that the test fails to catch the defect.
  [passed_under_edit] reduce-model-questions/skipped-pairs-not-actually-removed-from-asked-set x tests/defects/test_reachability.py::test_judges_when_the_module_imports_dynamically
    not asked: the test still passed when this defect was injected, and 3 other candidate test(s) failed under the same edit. The edit was not verified, so this is not evidence that the test fails to catch the defect.
  [passed_under_edit] reduce-model-questions/skipped-pairs-not-actually-removed-from-asked-set x tests/defects/test_reachability.py::test_judges_when_the_module_imports_relatively
    not asked: the test still passed when this defect was injected, and 3 other candidate test(s) failed under the same edit. The edit was not verified, so this is not evidence that the test fails to catch the defect.
  [passed_under_edit] reduce-model-questions/skipped-pairs-not-actually-removed-from-asked-set x tests/defects/test_support.py::test_a_criterion_whose_only_evidence_is_unjudged_is_indeterminate_not_nominal
    not asked: the test still passed when this defect was injected, and 3 other candidate test(s) failed under the same edit. The edit was not verified, so this is not evidence that the test fails to catch the defect.
  [passed_under_edit] reduce-model-questions/skipped-pairs-not-actually-removed-from-asked-set x tests/defects/test_support.py::test_a_criterion_whose_pairs_were_offered_and_unanswered_is_indeterminate
    not asked: the test still passed when this defect was injected, and 3 other candidate test(s) failed under the same edit. The edit was not verified, so this is not evidence that the test fails to catch the defect.
  [passed_under_edit] reduce-model-questions/skipped-pairs-not-actually-removed-from-asked-set x tests/defects/test_support.py::test_a_fully_judged_criterion_takes_the_class_its_kill_count_implies
    not asked: the test still passed when this defect was injected, and 3 other candidate test(s) failed under the same edit. The edit was not verified, so this is not evidence that the test fails to catch the defect.
  [passed_under_edit] reduce-model-questions/skipped-pairs-not-actually-removed-from-asked-set x tests/defects/test_support.py::test_a_prefilter_exclusion_counts_as_a_surviving_pair_not_an_unknown_one
    not asked: the test still passed when this defect was injected, and 3 other candidate test(s) failed under the same edit. The edit was not verified, so this is not evidence that the test fails to catch the defect.
  [passed_under_edit] reduce-model-questions/skipped-pairs-not-actually-removed-from-asked-set x tests/defects/test_support.py::test_an_unjudged_defect_never_reads_as_a_surviving_one
    not asked: the test still passed when this defect was injected, and 3 other candidate test(s) failed under the same edit. The edit was not verified, so this is not evidence that the test fails to catch the defect.
  [passed_under_edit] reduce-model-questions/skipped-pairs-not-actually-removed-from-asked-set x tests/defects/test_support.py::test_an_unjudged_defect_stops_a_criterion_reaching_strongly_supported
    not asked: the test still passed when this defect was injected, and 3 other candidate test(s) failed under the same edit. The edit was not verified, so this is not evidence that the test fails to catch the defect.
  [passed_under_edit] reduce-model-questions/skipped-pairs-not-actually-removed-from-asked-set x tests/defects/test_support.py::test_test_links_carry_only_the_tests_judged_to_fail_on_a_defect
    not asked: the test still passed when this defect was injected, and 3 other candidate test(s) failed under the same edit. The edit was not verified, so this is not evidence that the test fails to catch the defect.
  [passed_under_edit] reduce-model-questions/skipped-pairs-not-actually-removed-from-asked-set x tests/defects/test_support.py::test_the_derivation_makes_no_model_call_and_repeats_exactly
    not asked: the test still passed when this defect was injected, and 3 other candidate test(s) failed under the same edit. The edit was not verified, so this is not evidence that the test fails to catch the defect.
  [passed_under_edit] reduce-model-questions/skipped-pairs-not-actually-removed-from-asked-set x tests/fixtures/archetypes/08-unrequested-change-separable/head/test_report.py::test_low_stock_report_filters_by_threshold
    not asked: the test still passed when this defect was injected, and 3 other candidate test(s) failed under the same edit. The edit was not verified, so this is not evidence that the test fails to catch the defect.
  [passed_under_edit] reduce-model-questions/skipped-pairs-not-actually-removed-from-asked-set x tests/requirement/test_carry_forward.py::test_the_review_pipeline_carries_forward_and_hands_back_what_it_derived
    not asked: the test still passed when this defect was injected, and 3 other candidate test(s) failed under the same edit. The edit was not verified, so this is not evidence that the test fails to catch the defect.
  [passed_under_edit] reduce-model-questions/skipped-pairs-not-actually-removed-from-asked-set x tests/requirement/test_carry_forward.py::test_the_review_pipeline_leaves_no_ledger_behind_when_given_no_sink
    not asked: the test still passed when this defect was injected, and 3 other candidate test(s) failed under the same edit. The edit was not verified, so this is not evidence that the test fails to catch the defect.
  [passed_under_edit] reduce-model-questions/skipped-pairs-not-actually-removed-from-asked-set x tests/test_cli_execution.py::TestTheSettingsArrive::test_the_pipeline_is_given_settings_to_decide_with
    not asked: the test still passed when this defect was injected, and 3 other candidate test(s) failed under the same edit. The edit was not verified, so this is not evidence that the test fails to catch the defect.
  [passed_under_edit] reduce-model-questions/skipped-pairs-not-actually-removed-from-asked-set x tests/test_execution_decision.py::TestTheDecisionIsAlwaysExplained::test_every_outcome_carries_a_reason
    not asked: the test still passed when this defect was injected, and 3 other candidate test(s) failed under the same edit. The edit was not verified, so this is not evidence that the test fails to catch the defect.
  [passed_under_edit] reduce-model-questions/skipped-pairs-not-actually-removed-from-asked-set x tests/test_execution_decision.py::TestWhenItDeclines::test_no_defect_can_be_edited
    not asked: the test still passed when this defect was injected, and 3 other candidate test(s) failed under the same edit. The edit was not verified, so this is not evidence that the test fails to catch the defect.
  [passed_under_edit] reduce-model-questions/skipped-pairs-not-actually-removed-from-asked-set x tests/test_execution_decision.py::TestWhenItDeclines::test_no_settings_at_all_is_not_a_run
    not asked: the test still passed when this defect was injected, and 3 other candidate test(s) failed under the same edit. The edit was not verified, so this is not evidence that the test fails to catch the defect.
  [passed_under_edit] reduce-model-questions/skipped-pairs-not-actually-removed-from-asked-set x tests/test_execution_decision.py::TestWhenItDeclines::test_nothing_would_consume_the_result
    not asked: the test still passed when this defect was injected, and 3 other candidate test(s) failed under the same edit. The edit was not verified, so this is not evidence that the test fails to catch the defect.
  [passed_under_edit] reduce-model-questions/skipped-pairs-not-actually-removed-from-asked-set x tests/test_execution_decision.py::TestWhenItRuns::test_a_result_could_count_and_there_is_something_to_inject
    not asked: the test still passed when this defect was injected, and 3 other candidate test(s) failed under the same edit. The edit was not verified, so this is not evidence that the test fails to catch the defect.
  [passed_under_edit] reduce-model-questions/skipped-pairs-not-actually-removed-from-asked-set x tests/test_execution_decision.py::TestWhenItRuns::test_routing_alone_is_enough
    not asked: the test still passed when this defect was injected, and 3 other candidate test(s) failed under the same edit. The edit was not verified, so this is not evidence that the test fails to catch the defect.
  [passed_under_edit] reduce-model-questions/skipped-pairs-not-actually-removed-from-asked-set x tests/test_execution_decision.py::TestWhenItRuns::test_the_reason_does_not_promise_evidence_routing_cannot_give
    not asked: the test still passed when this defect was injected, and 3 other candidate test(s) failed under the same edit. The edit was not verified, so this is not evidence that the test fails to catch the defect.
  [passed_under_edit] reduce-model-questions/skipped-pairs-not-actually-removed-from-asked-set x tests/test_execution_decision.py::TestWhenItRuns::test_the_reason_says_what_made_it_worth_doing
    not asked: the test still passed when this defect was injected, and 3 other candidate test(s) failed under the same edit. The edit was not verified, so this is not evidence that the test fails to catch the defect.
  [passed_under_edit] reduce-model-questions/skipped-pairs-not-actually-removed-from-asked-set x tests/test_mandate_coverage.py::test_a_decline_is_not_re_judged_even_when_the_text_reads_like_a_requirement
    not asked: the test still passed when this defect was injected, and 3 other candidate test(s) failed under the same edit. The edit was not verified, so this is not evidence that the test fails to catch the defect.
  [passed_under_edit] reduce-model-questions/skipped-pairs-not-actually-removed-from-asked-set x tests/test_mandate_coverage.py::test_a_requirement_whose_question_the_diff_resolved_counts_as_judged
    not asked: the test still passed when this defect was injected, and 3 other candidate test(s) failed under the same edit. The edit was not verified, so this is not evidence that the test fails to catch the defect.
  [passed_under_edit] reduce-model-questions/skipped-pairs-not-actually-removed-from-asked-set x tests/test_mutation_archetype_acceptance.py::TestRoutingChangesNothingHereButTheCost::test_a_survivor_holds_nothing_back_even_with_a_passing_test
    not asked: the test still passed when this defect was injected, and 3 other candidate test(s) failed under the same edit. The edit was not verified, so this is not evidence that the test fails to catch the defect.
  [passed_under_edit] reduce-model-questions/skipped-pairs-not-actually-removed-from-asked-set x tests/test_mutation_archetype_acceptance.py::TestRoutingChangesNothingHereButTheCost::test_routing_holds_nothing_back_on_this_fixture
    not asked: the test still passed when this defect was injected, and 3 other candidate test(s) failed under the same edit. The edit was not verified, so this is not evidence that the test fails to catch the defect.
  [passed_under_edit] reduce-model-questions/skipped-pairs-not-actually-removed-from-asked-set x tests/test_mutation_archetype_acceptance.py::TestRoutingChangesNothingHereButTheCost::test_the_labelled_kill_is_untouched
    not asked: the test still passed when this defect was injected, and 3 other candidate test(s) failed under the same edit. The edit was not verified, so this is not evidence that the test fails to catch the defect.
  [passed_under_edit] reduce-model-questions/skipped-pairs-not-actually-removed-from-asked-set x tests/test_mutation_archetype_acceptance.py::TestTheGroundTruthIsReproduced::test_every_attempt_was_observed_by_execution
    not asked: the test still passed when this defect was injected, and 3 other candidate test(s) failed under the same edit. The edit was not verified, so this is not evidence that the test fails to catch the defect.
  [passed_under_edit] reduce-model-questions/skipped-pairs-not-actually-removed-from-asked-set x tests/test_mutation_archetype_acceptance.py::TestTheGroundTruthIsReproduced::test_every_labelled_defect_got_an_attempt
    not asked: the test still passed when this defect was injected, and 3 other candidate test(s) failed under the same edit. The edit was not verified, so this is not evidence that the test fails to catch the defect.
  [passed_under_edit] reduce-model-questions/skipped-pairs-not-actually-removed-from-asked-set x tests/test_mutation_archetype_acceptance.py::TestTheGroundTruthIsReproduced::test_the_killing_tests_match_the_labels
    not asked: the test still passed when this defect was injected, and 3 other candidate test(s) failed under the same edit. The edit was not verified, so this is not evidence that the test fails to catch the defect.
  [passed_under_edit] reduce-model-questions/skipped-pairs-not-actually-removed-from-asked-set x tests/test_mutation_archetype_acceptance.py::TestTheUpgradeThisMilestoneExistsFor::test_a_defect_the_test_cannot_catch_is_observed_to_survive
    not asked: the test still passed when this defect was injected, and 3 other candidate test(s) failed under the same edit. The edit was not verified, so this is not evidence that the test fails to catch the defect.
  [passed_under_edit] reduce-model-questions/skipped-pairs-not-actually-removed-from-asked-set x tests/test_mutation_archetype_acceptance.py::TestTheUpgradeThisMilestoneExistsFor::test_the_defect_the_test_can_catch_is_observed_to_die
    not asked: the test still passed when this defect was injected, and 3 other candidate test(s) failed under the same edit. The edit was not verified, so this is not evidence that the test fails to catch the defect.
  [passed_under_edit] reduce-model-questions/skipped-pairs-not-actually-removed-from-asked-set x tests/test_mutation_archetype_acceptance.py::TestTheUpgradeThisMilestoneExistsFor::test_the_injected_edit_is_recorded_for_each
    not asked: the test still passed when this defect was injected, and 3 other candidate test(s) failed under the same edit. The edit was not verified, so this is not evidence that the test fails to catch the defect.
  [passed_under_edit] reduce-model-questions/skipped-pairs-not-actually-removed-from-asked-set x tests/test_mutation_archetype_acceptance.py::TestTheUpgradeThisMilestoneExistsFor::test_the_verdicts_reach_the_executed_tier_once_the_edits_are_verified
    not asked: the test still passed when this defect was injected, and 3 other candidate test(s) failed under the same edit. The edit was not verified, so this is not evidence that the test fails to catch the defect.
  [passed_under_edit] reduce-model-questions/skipped-pairs-not-actually-removed-from-asked-set x tests/test_mutation_archetype_acceptance.py::TestTheUpgradeThisMilestoneExistsFor::test_without_verification_nothing_reaches_the_executed_tier
    not asked: the test still passed when this defect was injected, and 3 other candidate test(s) failed under the same edit. The edit was not verified, so this is not evidence that the test fails to catch the defect.
  [passed_under_edit] reduce-model-questions/skipped-pairs-not-actually-removed-from-asked-set x tests/test_mutation_verdicts.py::TestAnUnverifiedEditCountsForNothing::test_an_unverified_kill_produces_no_verdict
    not asked: the test still passed when this defect was injected, and 3 other candidate test(s) failed under the same edit. The edit was not verified, so this is not evidence that the test fails to catch the defect.
  [passed_under_edit] reduce-model-questions/skipped-pairs-not-actually-removed-from-asked-set x tests/test_mutation_verdicts.py::TestAnUnverifiedEditCountsForNothing::test_an_unverified_survival_produces_no_verdict
    not asked: the test still passed when this defect was injected, and 3 other candidate test(s) failed under the same edit. The edit was not verified, so this is not evidence that the test fails to catch the defect.
  [passed_under_edit] reduce-model-questions/skipped-pairs-not-actually-removed-from-asked-set x tests/test_mutation_verdicts.py::TestAnUnverifiedEditCountsForNothing::test_its_defect_still_goes_to_the_static_judge
    not asked: the test still passed when this defect was injected, and 3 other candidate test(s) failed under the same edit. The edit was not verified, so this is not evidence that the test fails to catch the defect.
  [passed_under_edit] reduce-model-questions/skipped-pairs-not-actually-removed-from-asked-set x tests/test_mutation_verdicts.py::TestAnUnverifiedEditCountsForNothing::test_the_criterion_it_belongs_to_stays_static
    not asked: the test still passed when this defect was injected, and 3 other candidate test(s) failed under the same edit. The edit was not verified, so this is not evidence that the test fails to catch the defect.
  [passed_under_edit] reduce-model-questions/skipped-pairs-not-actually-removed-from-asked-set x tests/test_mutation_verdicts.py::TestTheRatingReadsBoth::test_a_defect_with_no_verdict_at_all_holds_it_at_static
    not asked: the test still passed when this defect was injected, and 3 other candidate test(s) failed under the same edit. The edit was not verified, so this is not evidence that the test fails to catch the defect.
  [passed_under_edit] reduce-model-questions/skipped-pairs-not-actually-removed-from-asked-set x tests/test_mutation_verdicts.py::TestTheRatingReadsBoth::test_a_fully_executed_criterion_reaches_the_defect_killed_tier
    not asked: the test still passed when this defect was injected, and 3 other candidate test(s) failed under the same edit. The edit was not verified, so this is not evidence that the test fails to catch the defect.
  [passed_under_edit] reduce-model-questions/skipped-pairs-not-actually-removed-from-asked-set x tests/test_mutation_verdicts.py::TestTheRatingReadsBoth::test_a_predicted_kill_does_not_borrow_an_executed_survival_tier
    not asked: the test still passed when this defect was injected, and 3 other candidate test(s) failed under the same edit. The edit was not verified, so this is not evidence that the test fails to catch the defect.
  [passed_under_edit] reduce-model-questions/skipped-pairs-not-actually-removed-from-asked-set x tests/test_mutation_verdicts.py::TestTheRatingReadsBoth::test_a_review_with_no_execution_is_unchanged
    not asked: the test still passed when this defect was injected, and 3 other candidate test(s) failed under the same edit. The edit was not verified, so this is not evidence that the test fails to catch the defect.
  [passed_under_edit] reduce-model-questions/skipped-pairs-not-actually-removed-from-asked-set x tests/test_mutation_verdicts.py::TestTheRatingReadsBoth::test_an_executed_kill_counts_toward_coverage
    not asked: the test still passed when this defect was injected, and 3 other candidate test(s) failed under the same edit. The edit was not verified, so this is not evidence that the test fails to catch the defect.
  [passed_under_edit] reduce-model-questions/skipped-pairs-not-actually-removed-from-asked-set x tests/test_mutation_verdicts.py::TestTheRatingReadsBoth::test_an_executed_kill_is_not_dragged_down_by_a_predicted_verdict_on_the_same_defect
    not asked: the test still passed when this defect was injected, and 3 other candidate test(s) failed under the same edit. The edit was not verified, so this is not evidence that the test fails to catch the defect.
  [passed_under_edit] reduce-model-questions/skipped-pairs-not-actually-removed-from-asked-set x tests/test_mutation_verdicts.py::TestTheRatingReadsBoth::test_an_executed_kill_outranks_a_predicted_kill_on_the_same_defect
    not asked: the test still passed when this defect was injected, and 3 other candidate test(s) failed under the same edit. The edit was not verified, so this is not evidence that the test fails to catch the defect.
  [passed_under_edit] reduce-model-questions/skipped-pairs-not-actually-removed-from-asked-set x tests/test_mutation_verdicts.py::TestTheRatingReadsBoth::test_an_executed_survival_on_every_test_reaches_the_defect_killed_tier
    not asked: the test still passed when this defect was injected, and 3 other candidate test(s) failed under the same edit. The edit was not verified, so this is not evidence that the test fails to catch the defect.
  [passed_under_edit] reduce-model-questions/skipped-pairs-not-actually-removed-from-asked-set x tests/test_mutation_verdicts.py::TestTheRatingReadsBoth::test_an_uncovered_defect_is_only_as_known_as_its_weakest_verdict
    not asked: the test still passed when this defect was injected, and 3 other candidate test(s) failed under the same edit. The edit was not verified, so this is not evidence that the test fails to catch the defect.
  [passed_under_edit] reduce-model-questions/skipped-pairs-not-actually-removed-from-asked-set x tests/test_mutation_verdicts.py::TestTheRatingReadsBoth::test_one_predicted_defect_holds_the_criterion_at_static
    not asked: the test still passed when this defect was injected, and 3 other candidate test(s) failed under the same edit. The edit was not verified, so this is not evidence that the test fails to catch the defect.
  [passed_under_edit] reduce-model-questions/skipped-pairs-not-actually-removed-from-asked-set x tests/test_mutation_verdicts.py::TestVerdictsFrom::test_a_kill_records_the_red_test_as_killing
    not asked: the test still passed when this defect was injected, and 3 other candidate test(s) failed under the same edit. The edit was not verified, so this is not evidence that the test fails to catch the defect.
  [passed_under_edit] reduce-model-questions/skipped-pairs-not-actually-removed-from-asked-set x tests/test_mutation_verdicts.py::TestVerdictsFrom::test_a_survival_records_every_test_as_not_killing
    not asked: the test still passed when this defect was injected, and 3 other candidate test(s) failed under the same edit. The edit was not verified, so this is not evidence that the test fails to catch the defect.
  [passed_under_edit] reduce-model-questions/skipped-pairs-not-actually-removed-from-asked-set x tests/test_mutation_verdicts.py::TestVerdictsFrom::test_an_unsettled_attempt_produces_no_verdict
    not asked: the test still passed when this defect was injected, and 3 other candidate test(s) failed under the same edit. The edit was not verified, so this is not evidence that the test fails to catch the defect.
  [passed_under_edit] reduce-model-questions/skipped-pairs-not-actually-removed-from-asked-set x tests/test_mutation_verdicts.py::TestVerdictsFrom::test_every_test_the_mutant_ran_against_gets_a_verdict
    not asked: the test still passed when this defect was injected, and 3 other candidate test(s) failed under the same edit. The edit was not verified, so this is not evidence that the test fails to catch the defect.
  [passed_under_edit] reduce-model-questions/skipped-pairs-not-actually-removed-from-asked-set x tests/test_mutation_verdicts.py::TestVerdictsFrom::test_executed_verdicts_carry_the_defect_killed_tier
    not asked: the test still passed when this defect was injected, and 3 other candidate test(s) failed under the same edit. The edit was not verified, so this is not evidence that the test fails to catch the defect.
  [passed_under_edit] reduce-model-questions/skipped-pairs-not-actually-removed-from-asked-set x tests/test_mutation_verdicts.py::TestVerdictsFrom::test_no_carry_key_so_an_executed_verdict_is_never_carried_forward
    not asked: the test still passed when this defect was injected, and 3 other candidate test(s) failed under the same edit. The edit was not verified, so this is not evidence that the test fails to catch the defect.
  [passed_under_edit] reduce-model-questions/skipped-pairs-not-actually-removed-from-asked-set x tests/test_mutation_verdicts.py::TestVerdictsFrom::test_the_defect_text_is_carried_so_a_later_run_can_identify_it
    not asked: the test still passed when this defect was injected, and 3 other candidate test(s) failed under the same edit. The edit was not verified, so this is not evidence that the test fails to catch the defect.
  [passed_under_edit] reduce-model-questions/skipped-pairs-not-actually-removed-from-asked-set x tests/test_mutation_verdicts.py::TestVerdictsFrom::test_the_reason_says_the_answer_was_observed
    not asked: the test still passed when this defect was injected, and 3 other candidate test(s) failed under the same edit. The edit was not verified, so this is not evidence that the test fails to catch the defect.
  [passed_under_edit] reduce-model-questions/skipped-pairs-not-actually-removed-from-asked-set x tests/test_pair_routing.py::TestADroppedPairIsNotASurvival::test_a_prefiltered_pair_still_does_not
    not asked: the test still passed when this defect was injected, and 3 other candidate test(s) failed under the same edit. The edit was not verified, so this is not evidence that the test fails to catch the defect.
  [passed_under_edit] reduce-model-questions/skipped-pairs-not-actually-removed-from-asked-set x tests/test_pair_routing.py::TestADroppedPairIsNotASurvival::test_it_cannot_make_a_criterion_strongly_supported
    not asked: the test still passed when this defect was injected, and 3 other candidate test(s) failed under the same edit. The edit was not verified, so this is not evidence that the test fails to catch the defect.
  [passed_under_edit] reduce-model-questions/skipped-pairs-not-actually-removed-from-asked-set x tests/test_pair_routing.py::TestADroppedPairIsNotASurvival::test_it_contributes_no_verdict_and_no_test_link
    not asked: the test still passed when this defect was injected, and 3 other candidate test(s) failed under the same edit. The edit was not verified, so this is not evidence that the test fails to catch the defect.
  [passed_under_edit] reduce-model-questions/skipped-pairs-not-actually-removed-from-asked-set x tests/test_pair_routing.py::TestADroppedPairIsNotASurvival::test_it_raises_unknown_rather_than_reading_as_uncovered
    not asked: the test still passed when this defect was injected, and 3 other candidate test(s) failed under the same edit. The edit was not verified, so this is not evidence that the test fails to catch the defect.
  [passed_under_edit] reduce-model-questions/skipped-pairs-not-actually-removed-from-asked-set x tests/test_pair_routing.py::TestWhichPairsTheRunAnswers::test_a_settled_attempt_skips_nothing
    not asked: the test still passed when this defect was injected, and 3 other candidate test(s) failed under the same edit. The edit was not verified, so this is not evidence that the test fails to catch the defect.
  [passed_under_edit] reduce-model-questions/skipped-pairs-not-actually-removed-from-asked-set x tests/test_pair_routing.py::TestWhichPairsTheRunAnswers::test_a_survival_skips_nothing
    not asked: the test still passed when this defect was injected, and 3 other candidate test(s) failed under the same edit. The edit was not verified, so this is not evidence that the test fails to catch the defect.
  [passed_under_edit] reduce-model-questions/skipped-pairs-not-actually-removed-from-asked-set x tests/test_pair_routing.py::TestWhichPairsTheRunAnswers::test_a_test_that_failed_under_the_edit_is_still_asked
    not asked: the test still passed when this defect was injected, and 3 other candidate test(s) failed under the same edit. The edit was not verified, so this is not evidence that the test fails to catch the defect.
  [passed_under_edit] reduce-model-questions/skipped-pairs-not-actually-removed-from-asked-set x tests/test_pair_routing.py::TestWhichPairsTheRunAnswers::test_a_test_that_kept_passing_under_the_edit_is_not_asked
    not asked: the test still passed when this defect was injected, and 3 other candidate test(s) failed under the same edit. The edit was not verified, so this is not evidence that the test fails to catch the defect.
  [passed_under_edit] reduce-model-questions/skipped-pairs-not-actually-removed-from-asked-set x tests/test_pair_routing.py::TestWhichPairsTheRunAnswers::test_the_reason_says_the_edit_was_not_verified
    not asked: the test still passed when this defect was injected, and 3 other candidate test(s) failed under the same edit. The edit was not verified, so this is not evidence that the test fails to catch the defect.
  [passed_under_edit] reduce-model-questions/skipped-pairs-not-actually-removed-from-asked-set x tests/test_supplied_ids.py::test_a_clean_answer_records_nothing_and_keeps_its_negative_verdicts
    not asked: the test still passed when this defect was injected, and 3 other candidate test(s) failed under the same edit. The edit was not verified, so this is not evidence that the test fails to catch the defect.
  [passed_under_edit] reduce-model-questions/skipped-pairs-not-actually-removed-from-asked-set x tests/test_supplied_ids.py::test_a_foreign_defect_id_is_recorded_not_silently_dropped
    not asked: the test still passed when this defect was injected, and 3 other candidate test(s) failed under the same edit. The edit was not verified, so this is not evidence that the test fails to catch the defect.
  [passed_under_edit] reduce-model-questions/skipped-pairs-not-actually-removed-from-asked-set x tests/test_supplied_ids.py::test_the_schema_asked_for_differs_from_the_shape_parsed
    not asked: the test still passed when this defect was injected, and 3 other candidate test(s) failed under the same edit. The edit was not verified, so this is not evidence that the test fails to catch the defect.
  [passed_under_edit] reduce-model-questions/skipped-pairs-not-actually-removed-from-asked-set x tests/test_unverified_mutation_is_inert.py::TestNothingDerivesFromIt::test_no_test_is_credited_to_the_criterion
    not asked: the test still passed when this defect was injected, and 3 other candidate test(s) failed under the same edit. The edit was not verified, so this is not evidence that the test fails to catch the defect.
  [passed_under_edit] reduce-model-questions/skipped-pairs-not-actually-removed-from-asked-set x tests/test_unverified_mutation_is_inert.py::TestNothingDerivesFromIt::test_the_defect_still_reaches_the_static_judge
    not asked: the test still passed when this defect was injected, and 3 other candidate test(s) failed under the same edit. The edit was not verified, so this is not evidence that the test fails to catch the defect.
  [passed_under_edit] reduce-model-questions/skipped-pairs-not-actually-removed-from-asked-set x tests/test_unverified_mutation_is_inert.py::TestNothingDerivesFromIt::test_the_evidence_class_is_unchanged
    not asked: the test still passed when this defect was injected, and 3 other candidate test(s) failed under the same edit. The edit was not verified, so this is not evidence that the test fails to catch the defect.
  [passed_under_edit] reduce-model-questions/skipped-pairs-not-actually-removed-from-asked-set x tests/test_unverified_mutation_is_inert.py::TestNothingDerivesFromIt::test_the_rating_stays_at_the_static_tier
    not asked: the test still passed when this defect was injected, and 3 other candidate test(s) failed under the same edit. The edit was not verified, so this is not evidence that the test fails to catch the defect.
  [passed_under_edit] reduce-model-questions/skipped-pairs-not-actually-removed-from-asked-set x tests/test_unverified_mutation_is_inert.py::test_a_verified_attempt_does_contribute_verdicts
    not asked: the test still passed when this defect was injected, and 3 other candidate test(s) failed under the same edit. The edit was not verified, so this is not evidence that the test fails to catch the defect.
  [passed_under_edit] reduce-model-questions/skipped-pairs-not-actually-removed-from-asked-set x tests/test_unverified_mutation_is_inert.py::test_an_unverified_attempt_contributes_no_verdict
    not asked: the test still passed when this defect was injected, and 3 other candidate test(s) failed under the same edit. The edit was not verified, so this is not evidence that the test fails to catch the defect.
  [passed_under_edit] reduce-model-questions/skipped-pairs-not-actually-removed-from-asked-set x tests/test_verdict.py::test_a_tests_only_obligation_is_still_judged_on_its_test_evidence
    not asked: the test still passed when this defect was injected, and 3 other candidate test(s) failed under the same edit. The edit was not verified, so this is not evidence that the test fails to catch the defect.
  [passed_under_edit] reduce-model-questions/two-pass-revisit-logic-too-narrow x tests/benchmark/test_corpus.py::test_every_case_is_traceable_to_the_judgement_it_came_from
    not asked: the test still passed when this defect was injected, and 4 other candidate test(s) failed under the same edit. The edit was not verified, so this is not evidence that the test fails to catch the defect.
  [passed_under_edit] reduce-model-questions/two-pass-revisit-logic-too-narrow x tests/benchmark/test_coverage.py::test_cli_and_benchmark_share_one_pipeline
    not asked: the test still passed when this defect was injected, and 4 other candidate test(s) failed under the same edit. The edit was not verified, so this is not evidence that the test fails to catch the defect.
  [passed_under_edit] reduce-model-questions/two-pass-revisit-logic-too-narrow x tests/benchmark/test_instability.py::test_a_caller_supplied_model_set_is_actually_measured
    not asked: the test still passed when this defect was injected, and 4 other candidate test(s) failed under the same edit. The edit was not verified, so this is not evidence that the test fails to catch the defect.
  [passed_under_edit] reduce-model-questions/two-pass-revisit-logic-too-narrow x tests/benchmark/test_instability.py::test_a_flipped_evidence_class_is_content_and_never_shape
    not asked: the test still passed when this defect was injected, and 4 other candidate test(s) failed under the same edit. The edit was not verified, so this is not evidence that the test fails to catch the defect.
  [passed_under_edit] reduce-model-questions/two-pass-revisit-logic-too-narrow x tests/benchmark/test_instability.py::test_a_flipped_pair_verdict_is_reported_per_pair
    not asked: the test still passed when this defect was injected, and 4 other candidate test(s) failed under the same edit. The edit was not verified, so this is not evidence that the test fails to catch the defect.
  [passed_under_edit] reduce-model-questions/two-pass-revisit-logic-too-narrow x tests/benchmark/test_instability.py::test_a_lost_obligation_is_reported_as_a_content_difference
    not asked: the test still passed when this defect was injected, and 4 other candidate test(s) failed under the same edit. The edit was not verified, so this is not evidence that the test fails to catch the defect.
  [passed_under_edit] reduce-model-questions/two-pass-revisit-logic-too-narrow x tests/benchmark/test_instability.py::test_a_model_that_cannot_make_up_its_mind_does_not_count_as_agreeing
    not asked: the test still passed when this defect was injected, and 4 other candidate test(s) failed under the same edit. The edit was not verified, so this is not evidence that the test fails to catch the defect.
  [passed_under_edit] reduce-model-questions/two-pass-revisit-logic-too-narrow x tests/benchmark/test_instability.py::test_a_perturbation_run_is_included_when_one_is_supplied
    not asked: the test still passed when this defect was injected, and 4 other candidate test(s) failed under the same edit. The edit was not verified, so this is not evidence that the test fails to catch the defect.
  [passed_under_edit] reduce-model-questions/two-pass-revisit-logic-too-narrow x tests/benchmark/test_instability.py::test_a_repartitioned_obligation_is_reported_as_a_shape_difference
    not asked: the test still passed when this defect was injected, and 4 other candidate test(s) failed under the same edit. The edit was not verified, so this is not evidence that the test fails to catch the defect.
  [passed_under_edit] reduce-model-questions/two-pass-revisit-logic-too-narrow x tests/benchmark/test_instability.py::test_an_oscillating_open_question_is_a_content_difference
    not asked: the test still passed when this defect was injected, and 4 other candidate test(s) failed under the same edit. The edit was not verified, so this is not evidence that the test fails to catch the defect.
  [passed_under_edit] reduce-model-questions/two-pass-revisit-logic-too-narrow x tests/benchmark/test_instability.py::test_an_unanswered_subject_counts_as_content_not_shape
    not asked: the test still passed when this defect was injected, and 4 other candidate test(s) failed under the same edit. The edit was not verified, so this is not evidence that the test fails to catch the defect.
  [passed_under_edit] reduce-model-questions/two-pass-revisit-logic-too-narrow x tests/benchmark/test_instability.py::test_an_unmatched_statement_covered_by_nothing_is_a_content_difference
    not asked: the test still passed when this defect was injected, and 4 other candidate test(s) failed under the same edit. The edit was not verified, so this is not evidence that the test fails to catch the defect.
  [passed_under_edit] reduce-model-questions/two-pass-revisit-logic-too-narrow x tests/benchmark/test_instability.py::test_an_unmatched_statement_covered_by_the_other_set_is_a_shape_difference
    not asked: the test still passed when this defect was injected, and 4 other candidate test(s) failed under the same edit. The edit was not verified, so this is not evidence that the test fails to catch the defect.
  [passed_under_edit] reduce-model-questions/two-pass-revisit-logic-too-narrow x tests/benchmark/test_instability.py::test_content_and_shape_are_reported_as_separate_figures
    not asked: the test still passed when this defect was injected, and 4 other candidate test(s) failed under the same edit. The edit was not verified, so this is not evidence that the test fails to catch the defect.
  [passed_under_edit] reduce-model-questions/two-pass-revisit-logic-too-narrow x tests/benchmark/test_instability.py::test_content_and_shape_counts_diverge_when_both_kinds_occur
    not asked: the test still passed when this defect was injected, and 4 other candidate test(s) failed under the same edit. The edit was not verified, so this is not evidence that the test fails to catch the defect.
  [passed_under_edit] reduce-model-questions/two-pass-revisit-logic-too-narrow x tests/benchmark/test_instability.py::test_cross_model_agreement_covers_every_judgement_axis
    not asked: the test still passed when this defect was injected, and 4 other candidate test(s) failed under the same edit. The edit was not verified, so this is not evidence that the test fails to catch the defect.
  [passed_under_edit] reduce-model-questions/two-pass-revisit-logic-too-narrow x tests/benchmark/test_instability.py::test_cross_model_agreement_is_none_with_a_single_model
    not asked: the test still passed when this defect was injected, and 4 other candidate test(s) failed under the same edit. The edit was not verified, so this is not evidence that the test fails to catch the defect.
  [passed_under_edit] reduce-model-questions/two-pass-revisit-logic-too-narrow x tests/benchmark/test_instability.py::test_cross_model_agreement_is_reported_alongside_within_model_variance
    not asked: the test still passed when this defect was injected, and 4 other candidate test(s) failed under the same edit. The edit was not verified, so this is not evidence that the test fails to catch the defect.
  [passed_under_edit] reduce-model-questions/two-pass-revisit-logic-too-narrow x tests/benchmark/test_instability.py::test_decomposition_variation_is_surfaced_and_not_only_evidence_variation
    not asked: the test still passed when this defect was injected, and 4 other candidate test(s) failed under the same edit. The edit was not verified, so this is not evidence that the test fails to catch the defect.
  [passed_under_edit] reduce-model-questions/two-pass-revisit-logic-too-narrow x tests/benchmark/test_instability.py::test_evidence_class_distribution_counts_every_draw
    not asked: the test still passed when this defect was injected, and 4 other candidate test(s) failed under the same edit. The edit was not verified, so this is not evidence that the test fails to catch the defect.
  [passed_under_edit] reduce-model-questions/two-pass-revisit-logic-too-narrow x tests/benchmark/test_instability.py::test_matching_ids_with_different_text_are_not_treated_as_the_same_obligation
    not asked: the test still passed when this defect was injected, and 4 other candidate test(s) failed under the same edit. The edit was not verified, so this is not evidence that the test fails to catch the defect.
  [passed_under_edit] reduce-model-questions/two-pass-revisit-logic-too-narrow x tests/benchmark/test_instability.py::test_measure_instability_records_the_conditions_that_produced_it
    not asked: the test still passed when this defect was injected, and 4 other candidate test(s) failed under the same edit. The edit was not verified, so this is not evidence that the test fails to catch the defect.
  [passed_under_edit] reduce-model-questions/two-pass-revisit-logic-too-narrow x tests/benchmark/test_instability.py::test_measure_instability_varies_the_seed_across_runs
    not asked: the test still passed when this defect was injected, and 4 other candidate test(s) failed under the same edit. The edit was not verified, so this is not evidence that the test fails to catch the defect.
  [passed_under_edit] reduce-model-questions/two-pass-revisit-logic-too-narrow x tests/benchmark/test_instability.py::test_measuring_variance_requires_at_least_two_runs
    not asked: the test still passed when this defect was injected, and 4 other candidate test(s) failed under the same edit. The edit was not verified, so this is not evidence that the test fails to catch the defect.
  [passed_under_edit] reduce-model-questions/two-pass-revisit-logic-too-narrow x tests/benchmark/test_instability.py::test_no_ci_workflow_invokes_the_instability_harness
    not asked: the test still passed when this defect was injected, and 4 other candidate test(s) failed under the same edit. The edit was not verified, so this is not evidence that the test fails to catch the defect.
  [passed_under_edit] reduce-model-questions/two-pass-revisit-logic-too-narrow x tests/benchmark/test_instability.py::test_obligations_align_by_content_even_when_their_ids_differ
    not asked: the test still passed when this defect was injected, and 4 other candidate test(s) failed under the same edit. The edit was not verified, so this is not evidence that the test fails to catch the defect.
  [passed_under_edit] reduce-model-questions/two-pass-revisit-logic-too-narrow x tests/benchmark/test_instability.py::test_observations_do_not_leak_between_clients
    not asked: the test still passed when this defect was injected, and 4 other candidate test(s) failed under the same edit. The edit was not verified, so this is not evidence that the test fails to catch the defect.
  [passed_under_edit] reduce-model-questions/two-pass-revisit-logic-too-narrow x tests/benchmark/test_instability.py::test_omitted_parameters_fall_back_to_the_declared_defaults
    not asked: the test still passed when this defect was injected, and 4 other candidate test(s) failed under the same edit. The edit was not verified, so this is not evidence that the test fails to catch the defect.
  [passed_under_edit] reduce-model-questions/two-pass-revisit-logic-too-narrow x tests/benchmark/test_instability.py::test_perturbation_sensitivity_is_a_proportion_of_watched_judgements
    not asked: the test still passed when this defect was injected, and 4 other candidate test(s) failed under the same edit. The edit was not verified, so this is not evidence that the test fails to catch the defect.
  [passed_under_edit] reduce-model-questions/two-pass-revisit-logic-too-narrow x tests/benchmark/test_instability.py::test_perturbation_sensitivity_is_none_when_nothing_was_watched
    not asked: the test still passed when this defect was injected, and 4 other candidate test(s) failed under the same edit. The edit was not verified, so this is not evidence that the test fails to catch the defect.
  [passed_under_edit] reduce-model-questions/two-pass-revisit-logic-too-narrow x tests/benchmark/test_instability.py::test_presence_rows_show_an_obligation_missing_from_some_runs
    not asked: the test still passed when this defect was injected, and 4 other candidate test(s) failed under the same edit. The edit was not verified, so this is not evidence that the test fails to catch the defect.
  [passed_under_edit] reduce-model-questions/two-pass-revisit-logic-too-narrow x tests/benchmark/test_instability.py::test_run_once_drives_the_real_pipeline_and_snapshots_its_output
    not asked: the test still passed when this defect was injected, and 4 other candidate test(s) failed under the same edit. The edit was not verified, so this is not evidence that the test fails to catch the defect.
  [passed_under_edit] reduce-model-questions/two-pass-revisit-logic-too-narrow x tests/benchmark/test_instability.py::test_runs_are_recorded_live_and_never_replayed
    not asked: the test still passed when this defect was injected, and 4 other candidate test(s) failed under the same edit. The edit was not verified, so this is not evidence that the test fails to catch the defect.
  [passed_under_edit] reduce-model-questions/two-pass-revisit-logic-too-narrow x tests/benchmark/test_instability.py::test_seeds_are_derived_so_a_measurement_is_repeatable_from_its_provenance
    not asked: the test still passed when this defect was injected, and 4 other candidate test(s) failed under the same edit. The edit was not verified, so this is not evidence that the test fails to catch the defect.
  [passed_under_edit] reduce-model-questions/two-pass-revisit-logic-too-narrow x tests/benchmark/test_instability.py::test_the_default_run_count_produces_three_runs_per_model
    not asked: the test still passed when this defect was injected, and 4 other candidate test(s) failed under the same edit. The edit was not verified, so this is not evidence that the test fails to catch the defect.
  [passed_under_edit] reduce-model-questions/two-pass-revisit-logic-too-narrow x tests/benchmark/test_instability.py::test_the_default_run_is_one_model_and_three_runs
    not asked: the test still passed when this defect was injected, and 4 other candidate test(s) failed under the same edit. The edit was not verified, so this is not evidence that the test fails to catch the defect.
  [passed_under_edit] reduce-model-questions/two-pass-revisit-logic-too-narrow x tests/benchmark/test_instability.py::test_the_harness_reports_variance_without_reducing_it
    not asked: the test still passed when this defect was injected, and 4 other candidate test(s) failed under the same edit. The edit was not verified, so this is not evidence that the test fails to catch the defect.
  [passed_under_edit] reduce-model-questions/two-pass-revisit-logic-too-narrow x tests/benchmark/test_instability.py::test_the_harness_uses_the_benchmark_variance_path_and_not_a_second_one
    not asked: the test still passed when this defect was injected, and 4 other candidate test(s) failed under the same edit. The edit was not verified, so this is not evidence that the test fails to catch the defect.
  [passed_under_edit] reduce-model-questions/two-pass-revisit-logic-too-narrow x tests/benchmark/test_instability.py::test_the_observing_client_does_not_change_what_the_pipeline_produces
    not asked: the test still passed when this defect was injected, and 4 other candidate test(s) failed under the same edit. The edit was not verified, so this is not evidence that the test fails to catch the defect.
  [passed_under_edit] reduce-model-questions/two-pass-revisit-logic-too-narrow x tests/benchmark/test_instability.py::test_the_perturbation_adds_a_test_that_asserts_nothing_about_the_change
    not asked: the test still passed when this defect was injected, and 4 other candidate test(s) failed under the same edit. The edit was not verified, so this is not evidence that the test fails to catch the defect.
  [passed_under_edit] reduce-model-questions/two-pass-revisit-logic-too-narrow x tests/benchmark/test_instability.py::test_the_perturbation_never_writes_into_the_repository_under_review
    not asked: the test still passed when this defect was injected, and 4 other candidate test(s) failed under the same edit. The edit was not verified, so this is not evidence that the test fails to catch the defect.
  [passed_under_edit] reduce-model-questions/two-pass-revisit-logic-too-narrow x tests/benchmark/test_instability.py::test_the_report_carries_no_pass_fail_or_threshold_field
    not asked: the test still passed when this defect was injected, and 4 other candidate test(s) failed under the same edit. The edit was not verified, so this is not evidence that the test fails to catch the defect.
  [passed_under_edit] reduce-model-questions/two-pass-revisit-logic-too-narrow x tests/benchmark/test_instability.py::test_the_three_movement_sources_are_reported_as_distinct_figures
    not asked: the test still passed when this defect was injected, and 4 other candidate test(s) failed under the same edit. The edit was not verified, so this is not evidence that the test fails to catch the defect.
  [passed_under_edit] reduce-model-questions/two-pass-revisit-logic-too-narrow x tests/benchmark/test_instability.py::test_with_no_counterpart_set_at_all_everything_is_content
    not asked: the test still passed when this defect was injected, and 4 other candidate test(s) failed under the same edit. The edit was not verified, so this is not evidence that the test fails to catch the defect.
  [passed_under_edit] reduce-model-questions/two-pass-revisit-logic-too-narrow x tests/benchmark/test_rating_regression.py::test_the_case_set_can_catch_a_judge_erring_either_way
    not asked: the test still passed when this defect was injected, and 4 other candidate test(s) failed under the same edit. The edit was not verified, so this is not evidence that the test fails to catch the defect.
  [passed_under_edit] reduce-model-questions/two-pass-revisit-logic-too-narrow x tests/defects/test_pair_mapping.py::test_a_continued_run_carries_verdicts_through_the_ledger
    not asked: the test still passed when this defect was injected, and 4 other candidate test(s) failed under the same edit. The edit was not verified, so this is not evidence that the test fails to catch the defect.
  [passed_under_edit] reduce-model-questions/two-pass-revisit-logic-too-narrow x tests/defects/test_pair_mapping.py::test_a_failing_answer_with_no_reason_is_not_kept_as_a_verdict
    not asked: the test still passed when this defect was injected, and 4 other candidate test(s) failed under the same edit. The edit was not verified, so this is not evidence that the test fails to catch the defect.
  [passed_under_edit] reduce-model-questions/two-pass-revisit-logic-too-narrow x tests/defects/test_pair_mapping.py::test_a_pair_the_judge_never_answers_is_recorded_not_read_as_surviving
    not asked: the test still passed when this defect was injected, and 4 other candidate test(s) failed under the same edit. The edit was not verified, so this is not evidence that the test fails to catch the defect.
  [passed_under_edit] reduce-model-questions/two-pass-revisit-logic-too-narrow x tests/defects/test_pair_mapping.py::test_a_ragged_pair_set_is_still_split_into_rectangles
    not asked: the test still passed when this defect was injected, and 4 other candidate test(s) failed under the same edit. The edit was not verified, so this is not evidence that the test fails to catch the defect.
  [passed_under_edit] reduce-model-questions/two-pass-revisit-logic-too-narrow x tests/defects/test_pair_mapping.py::test_a_surviving_answer_carrying_a_reason_is_not_kept_as_a_verdict
    not asked: the test still passed when this defect was injected, and 4 other candidate test(s) failed under the same edit. The edit was not verified, so this is not evidence that the test fails to catch the defect.
  [passed_under_edit] reduce-model-questions/two-pass-revisit-logic-too-narrow x tests/defects/test_pair_mapping.py::test_a_surviving_answer_carrying_an_empty_reason_is_still_a_verdict
    not asked: the test still passed when this defect was injected, and 4 other candidate test(s) failed under the same edit. The edit was not verified, so this is not evidence that the test fails to catch the defect.
  [passed_under_edit] reduce-model-questions/two-pass-revisit-logic-too-narrow x tests/defects/test_pair_mapping.py::test_a_surviving_pair_is_stored_without_a_reason
    not asked: the test still passed when this defect was injected, and 4 other candidate test(s) failed under the same edit. The edit was not verified, so this is not evidence that the test fails to catch the defect.
  [passed_under_edit] reduce-model-questions/two-pass-revisit-logic-too-narrow x tests/defects/test_pair_mapping.py::test_a_verdict_is_produced_again_when_its_defect_changed
    not asked: the test still passed when this defect was injected, and 4 other candidate test(s) failed under the same edit. The edit was not verified, so this is not evidence that the test fails to catch the defect.
  [passed_under_edit] reduce-model-questions/two-pass-revisit-logic-too-narrow x tests/defects/test_pair_mapping.py::test_a_verdict_is_produced_again_when_the_tests_source_changed
    not asked: the test still passed when this defect was injected, and 4 other candidate test(s) failed under the same edit. The edit was not verified, so this is not evidence that the test fails to catch the defect.
  [passed_under_edit] reduce-model-questions/two-pass-revisit-logic-too-narrow x tests/defects/test_pair_mapping.py::test_a_verdict_is_reused_when_its_defect_and_its_test_are_both_unchanged
    not asked: the test still passed when this defect was injected, and 4 other candidate test(s) failed under the same edit. The edit was not verified, so this is not evidence that the test fails to catch the defect.
  [passed_under_edit] reduce-model-questions/two-pass-revisit-logic-too-narrow x tests/defects/test_pair_mapping.py::test_adding_one_test_judges_only_that_tests_pairs
    not asked: the test still passed when this defect was injected, and 4 other candidate test(s) failed under the same edit. The edit was not verified, so this is not evidence that the test fails to catch the defect.
  [passed_under_edit] reduce-model-questions/two-pass-revisit-logic-too-narrow x tests/defects/test_pair_mapping.py::test_changing_how_many_tests_share_a_call_invalidates_the_transcripts
    not asked: the test still passed when this defect was injected, and 4 other candidate test(s) failed under the same edit. The edit was not verified, so this is not evidence that the test fails to catch the defect.
  [passed_under_edit] reduce-model-questions/two-pass-revisit-logic-too-narrow x tests/defects/test_pair_mapping.py::test_defect_text_ignores_the_defect_id
    not asked: the test still passed when this defect was injected, and 4 other candidate test(s) failed under the same edit. The edit was not verified, so this is not evidence that the test fails to catch the defect.
  [passed_under_edit] reduce-model-questions/two-pass-revisit-logic-too-narrow x tests/defects/test_pair_mapping.py::test_every_offered_pair_comes_back_with_a_verdict
    not asked: the test still passed when this defect was injected, and 4 other candidate test(s) failed under the same edit. The edit was not verified, so this is not evidence that the test fails to catch the defect.
  [passed_under_edit] reduce-model-questions/two-pass-revisit-logic-too-narrow x tests/defects/test_pair_mapping.py::test_every_request_is_a_full_rectangle
    not asked: the test still passed when this defect was injected, and 4 other candidate test(s) failed under the same edit. The edit was not verified, so this is not evidence that the test fails to catch the defect.
  [passed_under_edit] reduce-model-questions/two-pass-revisit-logic-too-narrow x tests/defects/test_pair_mapping.py::test_no_request_carries_more_judgements_than_the_limit
    not asked: the test still passed when this defect was injected, and 4 other candidate test(s) failed under the same edit. The edit was not verified, so this is not evidence that the test fails to catch the defect.
  [passed_under_edit] reduce-model-questions/two-pass-revisit-logic-too-narrow x tests/defects/test_pair_mapping.py::test_one_misshapen_answer_does_not_discard_the_rest_of_its_batch
    not asked: the test still passed when this defect was injected, and 4 other candidate test(s) failed under the same edit. The edit was not verified, so this is not evidence that the test fails to catch the defect.
  [passed_under_edit] reduce-model-questions/two-pass-revisit-logic-too-narrow x tests/defects/test_pair_mapping.py::test_routing_off_asks_about_everything
    not asked: the test still passed when this defect was injected, and 4 other candidate test(s) failed under the same edit. The edit was not verified, so this is not evidence that the test fails to catch the defect.
  [passed_under_edit] reduce-model-questions/two-pass-revisit-logic-too-narrow x tests/defects/test_pair_mapping.py::test_the_answer_about_a_pair_carries_a_reason_only_where_the_test_would_fail
    not asked: the test still passed when this defect was injected, and 4 other candidate test(s) failed under the same edit. The edit was not verified, so this is not evidence that the test fails to catch the defect.
  [passed_under_edit] reduce-model-questions/two-pass-revisit-logic-too-narrow x tests/defects/test_pair_mapping.py::test_the_defect_list_sits_in_the_shared_prefix_of_every_call
    not asked: the test still passed when this defect was injected, and 4 other candidate test(s) failed under the same edit. The edit was not verified, so this is not evidence that the test fails to catch the defect.
  [passed_under_edit] reduce-model-questions/two-pass-revisit-logic-too-narrow x tests/defects/test_pair_mapping.py::test_the_digest_is_per_test_not_per_file
    not asked: the test still passed when this defect was injected, and 4 other candidate test(s) failed under the same edit. The edit was not verified, so this is not evidence that the test fails to catch the defect.
  [passed_under_edit] reduce-model-questions/two-pass-revisit-logic-too-narrow x tests/defects/test_pair_mapping.py::test_the_prefilter_keeps_its_own_cause
    not asked: the test still passed when this defect was injected, and 4 other candidate test(s) failed under the same edit. The edit was not verified, so this is not evidence that the test fails to catch the defect.
  [passed_under_edit] reduce-model-questions/two-pass-revisit-logic-too-narrow x tests/defects/test_pair_mapping.py::test_the_question_put_about_a_pair_is_the_failure_question
    not asked: the test still passed when this defect was injected, and 4 other candidate test(s) failed under the same edit. The edit was not verified, so this is not evidence that the test fails to catch the defect.
  [passed_under_edit] reduce-model-questions/two-pass-revisit-logic-too-narrow x tests/defects/test_pair_mapping.py::test_the_second_pass_happens_before_the_result_is_returned
    not asked: the test still passed when this defect was injected, and 4 other candidate test(s) failed under the same edit. The edit was not verified, so this is not evidence that the test fails to catch the defect.
  [passed_under_edit] reduce-model-questions/two-pass-revisit-logic-too-narrow x tests/defects/test_pair_mapping.py::test_the_stage_is_byte_identical_when_its_calls_finish_out_of_order
    not asked: the test still passed when this defect was injected, and 4 other candidate test(s) failed under the same edit. The edit was not verified, so this is not evidence that the test fails to catch the defect.
  [passed_under_edit] reduce-model-questions/two-pass-revisit-logic-too-narrow x tests/defects/test_pair_mapping.py::test_which_pairs_share_a_request_does_not_change_what_carries
    not asked: the test still passed when this defect was injected, and 4 other candidate test(s) failed under the same edit. The edit was not verified, so this is not evidence that the test fails to catch the defect.
  [passed_under_edit] reduce-model-questions/two-pass-revisit-logic-too-narrow x tests/defects/test_reachability.py::test_excludes_and_records_the_one_provable_shape
    not asked: the test still passed when this defect was injected, and 4 other candidate test(s) failed under the same edit. The edit was not verified, so this is not evidence that the test fails to catch the defect.
  [passed_under_edit] reduce-model-questions/two-pass-revisit-logic-too-narrow x tests/defects/test_reachability.py::test_judges_a_test_that_names_something_the_defects_file_defines
    not asked: the test still passed when this defect was injected, and 4 other candidate test(s) failed under the same edit. The edit was not verified, so this is not evidence that the test fails to catch the defect.
  [passed_under_edit] reduce-model-questions/two-pass-revisit-logic-too-narrow x tests/defects/test_reachability.py::test_judges_a_test_that_reaches_the_defect_through_a_helper_module
    not asked: the test still passed when this defect was injected, and 4 other candidate test(s) failed under the same edit. The edit was not verified, so this is not evidence that the test fails to catch the defect.
  [passed_under_edit] reduce-model-questions/two-pass-revisit-logic-too-narrow x tests/defects/test_reachability.py::test_judges_a_test_that_takes_a_fixture
    not asked: the test still passed when this defect was injected, and 4 other candidate test(s) failed under the same edit. The edit was not verified, so this is not evidence that the test fails to catch the defect.
  [passed_under_edit] reduce-model-questions/two-pass-revisit-logic-too-narrow x tests/defects/test_reachability.py::test_judges_when_the_defect_implicates_no_file
    not asked: the test still passed when this defect was injected, and 4 other candidate test(s) failed under the same edit. The edit was not verified, so this is not evidence that the test fails to catch the defect.
  [passed_under_edit] reduce-model-questions/two-pass-revisit-logic-too-narrow x tests/defects/test_reachability.py::test_judges_when_the_module_imports_dynamically
    not asked: the test still passed when this defect was injected, and 4 other candidate test(s) failed under the same edit. The edit was not verified, so this is not evidence that the test fails to catch the defect.
  [passed_under_edit] reduce-model-questions/two-pass-revisit-logic-too-narrow x tests/defects/test_reachability.py::test_judges_when_the_module_imports_relatively
    not asked: the test still passed when this defect was injected, and 4 other candidate test(s) failed under the same edit. The edit was not verified, so this is not evidence that the test fails to catch the defect.
  [passed_under_edit] reduce-model-questions/two-pass-revisit-logic-too-narrow x tests/defects/test_support.py::test_a_criterion_whose_only_evidence_is_unjudged_is_indeterminate_not_nominal
    not asked: the test still passed when this defect was injected, and 4 other candidate test(s) failed under the same edit. The edit was not verified, so this is not evidence that the test fails to catch the defect.
  [passed_under_edit] reduce-model-questions/two-pass-revisit-logic-too-narrow x tests/defects/test_support.py::test_a_criterion_whose_pairs_were_offered_and_unanswered_is_indeterminate
    not asked: the test still passed when this defect was injected, and 4 other candidate test(s) failed under the same edit. The edit was not verified, so this is not evidence that the test fails to catch the defect.
  [passed_under_edit] reduce-model-questions/two-pass-revisit-logic-too-narrow x tests/defects/test_support.py::test_a_fully_judged_criterion_takes_the_class_its_kill_count_implies
    not asked: the test still passed when this defect was injected, and 4 other candidate test(s) failed under the same edit. The edit was not verified, so this is not evidence that the test fails to catch the defect.
  [passed_under_edit] reduce-model-questions/two-pass-revisit-logic-too-narrow x tests/defects/test_support.py::test_a_prefilter_exclusion_counts_as_a_surviving_pair_not_an_unknown_one
    not asked: the test still passed when this defect was injected, and 4 other candidate test(s) failed under the same edit. The edit was not verified, so this is not evidence that the test fails to catch the defect.
  [passed_under_edit] reduce-model-questions/two-pass-revisit-logic-too-narrow x tests/defects/test_support.py::test_an_unjudged_defect_never_reads_as_a_surviving_one
    not asked: the test still passed when this defect was injected, and 4 other candidate test(s) failed under the same edit. The edit was not verified, so this is not evidence that the test fails to catch the defect.
  [passed_under_edit] reduce-model-questions/two-pass-revisit-logic-too-narrow x tests/defects/test_support.py::test_an_unjudged_defect_stops_a_criterion_reaching_strongly_supported
    not asked: the test still passed when this defect was injected, and 4 other candidate test(s) failed under the same edit. The edit was not verified, so this is not evidence that the test fails to catch the defect.
  [passed_under_edit] reduce-model-questions/two-pass-revisit-logic-too-narrow x tests/defects/test_support.py::test_test_links_carry_only_the_tests_judged_to_fail_on_a_defect
    not asked: the test still passed when this defect was injected, and 4 other candidate test(s) failed under the same edit. The edit was not verified, so this is not evidence that the test fails to catch the defect.
  [passed_under_edit] reduce-model-questions/two-pass-revisit-logic-too-narrow x tests/defects/test_support.py::test_the_derivation_makes_no_model_call_and_repeats_exactly
    not asked: the test still passed when this defect was injected, and 4 other candidate test(s) failed under the same edit. The edit was not verified, so this is not evidence that the test fails to catch the defect.
  [passed_under_edit] reduce-model-questions/two-pass-revisit-logic-too-narrow x tests/fixtures/archetypes/08-unrequested-change-separable/head/test_report.py::test_low_stock_report_filters_by_threshold
    not asked: the test still passed when this defect was injected, and 4 other candidate test(s) failed under the same edit. The edit was not verified, so this is not evidence that the test fails to catch the defect.
  [passed_under_edit] reduce-model-questions/two-pass-revisit-logic-too-narrow x tests/requirement/test_carry_forward.py::test_the_review_pipeline_carries_forward_and_hands_back_what_it_derived
    not asked: the test still passed when this defect was injected, and 4 other candidate test(s) failed under the same edit. The edit was not verified, so this is not evidence that the test fails to catch the defect.
  [passed_under_edit] reduce-model-questions/two-pass-revisit-logic-too-narrow x tests/requirement/test_carry_forward.py::test_the_review_pipeline_leaves_no_ledger_behind_when_given_no_sink
    not asked: the test still passed when this defect was injected, and 4 other candidate test(s) failed under the same edit. The edit was not verified, so this is not evidence that the test fails to catch the defect.
  [passed_under_edit] reduce-model-questions/two-pass-revisit-logic-too-narrow x tests/test_cli_execution.py::TestTheSettingsArrive::test_the_pipeline_is_given_settings_to_decide_with
    not asked: the test still passed when this defect was injected, and 4 other candidate test(s) failed under the same edit. The edit was not verified, so this is not evidence that the test fails to catch the defect.
  [passed_under_edit] reduce-model-questions/two-pass-revisit-logic-too-narrow x tests/test_execution_decision.py::TestTheDecisionIsAlwaysExplained::test_every_outcome_carries_a_reason
    not asked: the test still passed when this defect was injected, and 4 other candidate test(s) failed under the same edit. The edit was not verified, so this is not evidence that the test fails to catch the defect.
  [passed_under_edit] reduce-model-questions/two-pass-revisit-logic-too-narrow x tests/test_execution_decision.py::TestWhenItDeclines::test_no_defect_can_be_edited
    not asked: the test still passed when this defect was injected, and 4 other candidate test(s) failed under the same edit. The edit was not verified, so this is not evidence that the test fails to catch the defect.
  [passed_under_edit] reduce-model-questions/two-pass-revisit-logic-too-narrow x tests/test_execution_decision.py::TestWhenItDeclines::test_no_settings_at_all_is_not_a_run
    not asked: the test still passed when this defect was injected, and 4 other candidate test(s) failed under the same edit. The edit was not verified, so this is not evidence that the test fails to catch the defect.
  [passed_under_edit] reduce-model-questions/two-pass-revisit-logic-too-narrow x tests/test_execution_decision.py::TestWhenItDeclines::test_nothing_would_consume_the_result
    not asked: the test still passed when this defect was injected, and 4 other candidate test(s) failed under the same edit. The edit was not verified, so this is not evidence that the test fails to catch the defect.
  [passed_under_edit] reduce-model-questions/two-pass-revisit-logic-too-narrow x tests/test_execution_decision.py::TestWhenItRuns::test_a_result_could_count_and_there_is_something_to_inject
    not asked: the test still passed when this defect was injected, and 4 other candidate test(s) failed under the same edit. The edit was not verified, so this is not evidence that the test fails to catch the defect.
  [passed_under_edit] reduce-model-questions/two-pass-revisit-logic-too-narrow x tests/test_execution_decision.py::TestWhenItRuns::test_routing_alone_is_enough
    not asked: the test still passed when this defect was injected, and 4 other candidate test(s) failed under the same edit. The edit was not verified, so this is not evidence that the test fails to catch the defect.
  [passed_under_edit] reduce-model-questions/two-pass-revisit-logic-too-narrow x tests/test_execution_decision.py::TestWhenItRuns::test_the_reason_does_not_promise_evidence_routing_cannot_give
    not asked: the test still passed when this defect was injected, and 4 other candidate test(s) failed under the same edit. The edit was not verified, so this is not evidence that the test fails to catch the defect.
  [passed_under_edit] reduce-model-questions/two-pass-revisit-logic-too-narrow x tests/test_execution_decision.py::TestWhenItRuns::test_the_reason_says_what_made_it_worth_doing
    not asked: the test still passed when this defect was injected, and 4 other candidate test(s) failed under the same edit. The edit was not verified, so this is not evidence that the test fails to catch the defect.
  [passed_under_edit] reduce-model-questions/two-pass-revisit-logic-too-narrow x tests/test_mandate_coverage.py::test_a_decline_is_not_re_judged_even_when_the_text_reads_like_a_requirement
    not asked: the test still passed when this defect was injected, and 4 other candidate test(s) failed under the same edit. The edit was not verified, so this is not evidence that the test fails to catch the defect.
  [passed_under_edit] reduce-model-questions/two-pass-revisit-logic-too-narrow x tests/test_mandate_coverage.py::test_a_requirement_whose_question_the_diff_resolved_counts_as_judged
    not asked: the test still passed when this defect was injected, and 4 other candidate test(s) failed under the same edit. The edit was not verified, so this is not evidence that the test fails to catch the defect.
  [passed_under_edit] reduce-model-questions/two-pass-revisit-logic-too-narrow x tests/test_mutation_archetype_acceptance.py::TestRoutingChangesNothingHereButTheCost::test_a_survivor_holds_nothing_back_even_with_a_passing_test
    not asked: the test still passed when this defect was injected, and 4 other candidate test(s) failed under the same edit. The edit was not verified, so this is not evidence that the test fails to catch the defect.
  [passed_under_edit] reduce-model-questions/two-pass-revisit-logic-too-narrow x tests/test_mutation_archetype_acceptance.py::TestRoutingChangesNothingHereButTheCost::test_routing_holds_nothing_back_on_this_fixture
    not asked: the test still passed when this defect was injected, and 4 other candidate test(s) failed under the same edit. The edit was not verified, so this is not evidence that the test fails to catch the defect.
  [passed_under_edit] reduce-model-questions/two-pass-revisit-logic-too-narrow x tests/test_mutation_archetype_acceptance.py::TestRoutingChangesNothingHereButTheCost::test_the_labelled_kill_is_untouched
    not asked: the test still passed when this defect was injected, and 4 other candidate test(s) failed under the same edit. The edit was not verified, so this is not evidence that the test fails to catch the defect.
  [passed_under_edit] reduce-model-questions/two-pass-revisit-logic-too-narrow x tests/test_mutation_archetype_acceptance.py::TestTheGroundTruthIsReproduced::test_every_attempt_was_observed_by_execution
    not asked: the test still passed when this defect was injected, and 4 other candidate test(s) failed under the same edit. The edit was not verified, so this is not evidence that the test fails to catch the defect.
  [passed_under_edit] reduce-model-questions/two-pass-revisit-logic-too-narrow x tests/test_mutation_archetype_acceptance.py::TestTheGroundTruthIsReproduced::test_every_labelled_defect_got_an_attempt
    not asked: the test still passed when this defect was injected, and 4 other candidate test(s) failed under the same edit. The edit was not verified, so this is not evidence that the test fails to catch the defect.
  [passed_under_edit] reduce-model-questions/two-pass-revisit-logic-too-narrow x tests/test_mutation_archetype_acceptance.py::TestTheGroundTruthIsReproduced::test_the_killing_tests_match_the_labels
    not asked: the test still passed when this defect was injected, and 4 other candidate test(s) failed under the same edit. The edit was not verified, so this is not evidence that the test fails to catch the defect.
  [passed_under_edit] reduce-model-questions/two-pass-revisit-logic-too-narrow x tests/test_mutation_archetype_acceptance.py::TestTheUpgradeThisMilestoneExistsFor::test_a_defect_the_test_cannot_catch_is_observed_to_survive
    not asked: the test still passed when this defect was injected, and 4 other candidate test(s) failed under the same edit. The edit was not verified, so this is not evidence that the test fails to catch the defect.
  [passed_under_edit] reduce-model-questions/two-pass-revisit-logic-too-narrow x tests/test_mutation_archetype_acceptance.py::TestTheUpgradeThisMilestoneExistsFor::test_the_defect_the_test_can_catch_is_observed_to_die
    not asked: the test still passed when this defect was injected, and 4 other candidate test(s) failed under the same edit. The edit was not verified, so this is not evidence that the test fails to catch the defect.
  [passed_under_edit] reduce-model-questions/two-pass-revisit-logic-too-narrow x tests/test_mutation_archetype_acceptance.py::TestTheUpgradeThisMilestoneExistsFor::test_the_injected_edit_is_recorded_for_each
    not asked: the test still passed when this defect was injected, and 4 other candidate test(s) failed under the same edit. The edit was not verified, so this is not evidence that the test fails to catch the defect.
  [passed_under_edit] reduce-model-questions/two-pass-revisit-logic-too-narrow x tests/test_mutation_archetype_acceptance.py::TestTheUpgradeThisMilestoneExistsFor::test_the_verdicts_reach_the_executed_tier_once_the_edits_are_verified
    not asked: the test still passed when this defect was injected, and 4 other candidate test(s) failed under the same edit. The edit was not verified, so this is not evidence that the test fails to catch the defect.
  [passed_under_edit] reduce-model-questions/two-pass-revisit-logic-too-narrow x tests/test_mutation_archetype_acceptance.py::TestTheUpgradeThisMilestoneExistsFor::test_without_verification_nothing_reaches_the_executed_tier
    not asked: the test still passed when this defect was injected, and 4 other candidate test(s) failed under the same edit. The edit was not verified, so this is not evidence that the test fails to catch the defect.
  [passed_under_edit] reduce-model-questions/two-pass-revisit-logic-too-narrow x tests/test_mutation_verdicts.py::TestAnUnverifiedEditCountsForNothing::test_an_unverified_kill_produces_no_verdict
    not asked: the test still passed when this defect was injected, and 4 other candidate test(s) failed under the same edit. The edit was not verified, so this is not evidence that the test fails to catch the defect.
  [passed_under_edit] reduce-model-questions/two-pass-revisit-logic-too-narrow x tests/test_mutation_verdicts.py::TestAnUnverifiedEditCountsForNothing::test_an_unverified_survival_produces_no_verdict
    not asked: the test still passed when this defect was injected, and 4 other candidate test(s) failed under the same edit. The edit was not verified, so this is not evidence that the test fails to catch the defect.
  [passed_under_edit] reduce-model-questions/two-pass-revisit-logic-too-narrow x tests/test_mutation_verdicts.py::TestAnUnverifiedEditCountsForNothing::test_its_defect_still_goes_to_the_static_judge
    not asked: the test still passed when this defect was injected, and 4 other candidate test(s) failed under the same edit. The edit was not verified, so this is not evidence that the test fails to catch the defect.
  [passed_under_edit] reduce-model-questions/two-pass-revisit-logic-too-narrow x tests/test_mutation_verdicts.py::TestAnUnverifiedEditCountsForNothing::test_the_criterion_it_belongs_to_stays_static
    not asked: the test still passed when this defect was injected, and 4 other candidate test(s) failed under the same edit. The edit was not verified, so this is not evidence that the test fails to catch the defect.
  [passed_under_edit] reduce-model-questions/two-pass-revisit-logic-too-narrow x tests/test_mutation_verdicts.py::TestTheRatingReadsBoth::test_a_defect_with_no_verdict_at_all_holds_it_at_static
    not asked: the test still passed when this defect was injected, and 4 other candidate test(s) failed under the same edit. The edit was not verified, so this is not evidence that the test fails to catch the defect.
  [passed_under_edit] reduce-model-questions/two-pass-revisit-logic-too-narrow x tests/test_mutation_verdicts.py::TestTheRatingReadsBoth::test_a_fully_executed_criterion_reaches_the_defect_killed_tier
    not asked: the test still passed when this defect was injected, and 4 other candidate test(s) failed under the same edit. The edit was not verified, so this is not evidence that the test fails to catch the defect.
  [passed_under_edit] reduce-model-questions/two-pass-revisit-logic-too-narrow x tests/test_mutation_verdicts.py::TestTheRatingReadsBoth::test_a_predicted_kill_does_not_borrow_an_executed_survival_tier
    not asked: the test still passed when this defect was injected, and 4 other candidate test(s) failed under the same edit. The edit was not verified, so this is not evidence that the test fails to catch the defect.
  [passed_under_edit] reduce-model-questions/two-pass-revisit-logic-too-narrow x tests/test_mutation_verdicts.py::TestTheRatingReadsBoth::test_a_review_with_no_execution_is_unchanged
    not asked: the test still passed when this defect was injected, and 4 other candidate test(s) failed under the same edit. The edit was not verified, so this is not evidence that the test fails to catch the defect.
  [passed_under_edit] reduce-model-questions/two-pass-revisit-logic-too-narrow x tests/test_mutation_verdicts.py::TestTheRatingReadsBoth::test_an_executed_kill_counts_toward_coverage
    not asked: the test still passed when this defect was injected, and 4 other candidate test(s) failed under the same edit. The edit was not verified, so this is not evidence that the test fails to catch the defect.
  [passed_under_edit] reduce-model-questions/two-pass-revisit-logic-too-narrow x tests/test_mutation_verdicts.py::TestTheRatingReadsBoth::test_an_executed_kill_is_not_dragged_down_by_a_predicted_verdict_on_the_same_defect
    not asked: the test still passed when this defect was injected, and 4 other candidate test(s) failed under the same edit. The edit was not verified, so this is not evidence that the test fails to catch the defect.
  [passed_under_edit] reduce-model-questions/two-pass-revisit-logic-too-narrow x tests/test_mutation_verdicts.py::TestTheRatingReadsBoth::test_an_executed_kill_outranks_a_predicted_kill_on_the_same_defect
    not asked: the test still passed when this defect was injected, and 4 other candidate test(s) failed under the same edit. The edit was not verified, so this is not evidence that the test fails to catch the defect.
  [passed_under_edit] reduce-model-questions/two-pass-revisit-logic-too-narrow x tests/test_mutation_verdicts.py::TestTheRatingReadsBoth::test_an_executed_survival_on_every_test_reaches_the_defect_killed_tier
    not asked: the test still passed when this defect was injected, and 4 other candidate test(s) failed under the same edit. The edit was not verified, so this is not evidence that the test fails to catch the defect.
  [passed_under_edit] reduce-model-questions/two-pass-revisit-logic-too-narrow x tests/test_mutation_verdicts.py::TestTheRatingReadsBoth::test_an_uncovered_defect_is_only_as_known_as_its_weakest_verdict
    not asked: the test still passed when this defect was injected, and 4 other candidate test(s) failed under the same edit. The edit was not verified, so this is not evidence that the test fails to catch the defect.
  [passed_under_edit] reduce-model-questions/two-pass-revisit-logic-too-narrow x tests/test_mutation_verdicts.py::TestTheRatingReadsBoth::test_one_predicted_defect_holds_the_criterion_at_static
    not asked: the test still passed when this defect was injected, and 4 other candidate test(s) failed under the same edit. The edit was not verified, so this is not evidence that the test fails to catch the defect.
  [passed_under_edit] reduce-model-questions/two-pass-revisit-logic-too-narrow x tests/test_mutation_verdicts.py::TestVerdictsFrom::test_a_kill_records_the_red_test_as_killing
    not asked: the test still passed when this defect was injected, and 4 other candidate test(s) failed under the same edit. The edit was not verified, so this is not evidence that the test fails to catch the defect.
  [passed_under_edit] reduce-model-questions/two-pass-revisit-logic-too-narrow x tests/test_mutation_verdicts.py::TestVerdictsFrom::test_a_survival_records_every_test_as_not_killing
    not asked: the test still passed when this defect was injected, and 4 other candidate test(s) failed under the same edit. The edit was not verified, so this is not evidence that the test fails to catch the defect.
  [passed_under_edit] reduce-model-questions/two-pass-revisit-logic-too-narrow x tests/test_mutation_verdicts.py::TestVerdictsFrom::test_an_unsettled_attempt_produces_no_verdict
    not asked: the test still passed when this defect was injected, and 4 other candidate test(s) failed under the same edit. The edit was not verified, so this is not evidence that the test fails to catch the defect.
  [passed_under_edit] reduce-model-questions/two-pass-revisit-logic-too-narrow x tests/test_mutation_verdicts.py::TestVerdictsFrom::test_every_test_the_mutant_ran_against_gets_a_verdict
    not asked: the test still passed when this defect was injected, and 4 other candidate test(s) failed under the same edit. The edit was not verified, so this is not evidence that the test fails to catch the defect.
  [passed_under_edit] reduce-model-questions/two-pass-revisit-logic-too-narrow x tests/test_mutation_verdicts.py::TestVerdictsFrom::test_executed_verdicts_carry_the_defect_killed_tier
    not asked: the test still passed when this defect was injected, and 4 other candidate test(s) failed under the same edit. The edit was not verified, so this is not evidence that the test fails to catch the defect.
  [passed_under_edit] reduce-model-questions/two-pass-revisit-logic-too-narrow x tests/test_mutation_verdicts.py::TestVerdictsFrom::test_no_carry_key_so_an_executed_verdict_is_never_carried_forward
    not asked: the test still passed when this defect was injected, and 4 other candidate test(s) failed under the same edit. The edit was not verified, so this is not evidence that the test fails to catch the defect.
  [passed_under_edit] reduce-model-questions/two-pass-revisit-logic-too-narrow x tests/test_mutation_verdicts.py::TestVerdictsFrom::test_the_defect_text_is_carried_so_a_later_run_can_identify_it
    not asked: the test still passed when this defect was injected, and 4 other candidate test(s) failed under the same edit. The edit was not verified, so this is not evidence that the test fails to catch the defect.
  [passed_under_edit] reduce-model-questions/two-pass-revisit-logic-too-narrow x tests/test_mutation_verdicts.py::TestVerdictsFrom::test_the_reason_says_the_answer_was_observed
    not asked: the test still passed when this defect was injected, and 4 other candidate test(s) failed under the same edit. The edit was not verified, so this is not evidence that the test fails to catch the defect.
  [passed_under_edit] reduce-model-questions/two-pass-revisit-logic-too-narrow x tests/test_pair_routing.py::TestADroppedPairIsNotASurvival::test_a_prefiltered_pair_still_does_not
    not asked: the test still passed when this defect was injected, and 4 other candidate test(s) failed under the same edit. The edit was not verified, so this is not evidence that the test fails to catch the defect.
  [passed_under_edit] reduce-model-questions/two-pass-revisit-logic-too-narrow x tests/test_pair_routing.py::TestADroppedPairIsNotASurvival::test_it_cannot_make_a_criterion_strongly_supported
    not asked: the test still passed when this defect was injected, and 4 other candidate test(s) failed under the same edit. The edit was not verified, so this is not evidence that the test fails to catch the defect.
  [passed_under_edit] reduce-model-questions/two-pass-revisit-logic-too-narrow x tests/test_pair_routing.py::TestADroppedPairIsNotASurvival::test_it_contributes_no_verdict_and_no_test_link
    not asked: the test still passed when this defect was injected, and 4 other candidate test(s) failed under the same edit. The edit was not verified, so this is not evidence that the test fails to catch the defect.
  [passed_under_edit] reduce-model-questions/two-pass-revisit-logic-too-narrow x tests/test_pair_routing.py::TestADroppedPairIsNotASurvival::test_it_raises_unknown_rather_than_reading_as_uncovered
    not asked: the test still passed when this defect was injected, and 4 other candidate test(s) failed under the same edit. The edit was not verified, so this is not evidence that the test fails to catch the defect.
  [passed_under_edit] reduce-model-questions/two-pass-revisit-logic-too-narrow x tests/test_pair_routing.py::TestWhichPairsTheRunAnswers::test_a_settled_attempt_skips_nothing
    not asked: the test still passed when this defect was injected, and 4 other candidate test(s) failed under the same edit. The edit was not verified, so this is not evidence that the test fails to catch the defect.
  [passed_under_edit] reduce-model-questions/two-pass-revisit-logic-too-narrow x tests/test_pair_routing.py::TestWhichPairsTheRunAnswers::test_a_survival_skips_nothing
    not asked: the test still passed when this defect was injected, and 4 other candidate test(s) failed under the same edit. The edit was not verified, so this is not evidence that the test fails to catch the defect.
  [passed_under_edit] reduce-model-questions/two-pass-revisit-logic-too-narrow x tests/test_pair_routing.py::TestWhichPairsTheRunAnswers::test_a_test_that_failed_under_the_edit_is_still_asked
    not asked: the test still passed when this defect was injected, and 4 other candidate test(s) failed under the same edit. The edit was not verified, so this is not evidence that the test fails to catch the defect.
  [passed_under_edit] reduce-model-questions/two-pass-revisit-logic-too-narrow x tests/test_pair_routing.py::TestWhichPairsTheRunAnswers::test_a_test_that_kept_passing_under_the_edit_is_not_asked
    not asked: the test still passed when this defect was injected, and 4 other candidate test(s) failed under the same edit. The edit was not verified, so this is not evidence that the test fails to catch the defect.
  [passed_under_edit] reduce-model-questions/two-pass-revisit-logic-too-narrow x tests/test_pair_routing.py::TestWhichPairsTheRunAnswers::test_the_reason_says_the_edit_was_not_verified
    not asked: the test still passed when this defect was injected, and 4 other candidate test(s) failed under the same edit. The edit was not verified, so this is not evidence that the test fails to catch the defect.
  [passed_under_edit] reduce-model-questions/two-pass-revisit-logic-too-narrow x tests/test_supplied_ids.py::test_a_clean_answer_records_nothing_and_keeps_its_negative_verdicts
    not asked: the test still passed when this defect was injected, and 4 other candidate test(s) failed under the same edit. The edit was not verified, so this is not evidence that the test fails to catch the defect.
  [passed_under_edit] reduce-model-questions/two-pass-revisit-logic-too-narrow x tests/test_supplied_ids.py::test_a_foreign_defect_id_is_recorded_not_silently_dropped
    not asked: the test still passed when this defect was injected, and 4 other candidate test(s) failed under the same edit. The edit was not verified, so this is not evidence that the test fails to catch the defect.
  [passed_under_edit] reduce-model-questions/two-pass-revisit-logic-too-narrow x tests/test_supplied_ids.py::test_the_schema_asked_for_differs_from_the_shape_parsed
    not asked: the test still passed when this defect was injected, and 4 other candidate test(s) failed under the same edit. The edit was not verified, so this is not evidence that the test fails to catch the defect.
  [passed_under_edit] reduce-model-questions/two-pass-revisit-logic-too-narrow x tests/test_unverified_mutation_is_inert.py::TestNothingDerivesFromIt::test_no_test_is_credited_to_the_criterion
    not asked: the test still passed when this defect was injected, and 4 other candidate test(s) failed under the same edit. The edit was not verified, so this is not evidence that the test fails to catch the defect.
  [passed_under_edit] reduce-model-questions/two-pass-revisit-logic-too-narrow x tests/test_unverified_mutation_is_inert.py::TestNothingDerivesFromIt::test_the_defect_still_reaches_the_static_judge
    not asked: the test still passed when this defect was injected, and 4 other candidate test(s) failed under the same edit. The edit was not verified, so this is not evidence that the test fails to catch the defect.
  [passed_under_edit] reduce-model-questions/two-pass-revisit-logic-too-narrow x tests/test_unverified_mutation_is_inert.py::TestNothingDerivesFromIt::test_the_evidence_class_is_unchanged
    not asked: the test still passed when this defect was injected, and 4 other candidate test(s) failed under the same edit. The edit was not verified, so this is not evidence that the test fails to catch the defect.
  [passed_under_edit] reduce-model-questions/two-pass-revisit-logic-too-narrow x tests/test_unverified_mutation_is_inert.py::TestNothingDerivesFromIt::test_the_rating_stays_at_the_static_tier
    not asked: the test still passed when this defect was injected, and 4 other candidate test(s) failed under the same edit. The edit was not verified, so this is not evidence that the test fails to catch the defect.
  [passed_under_edit] reduce-model-questions/two-pass-revisit-logic-too-narrow x tests/test_unverified_mutation_is_inert.py::test_a_verified_attempt_does_contribute_verdicts
    not asked: the test still passed when this defect was injected, and 4 other candidate test(s) failed under the same edit. The edit was not verified, so this is not evidence that the test fails to catch the defect.
  [passed_under_edit] reduce-model-questions/two-pass-revisit-logic-too-narrow x tests/test_unverified_mutation_is_inert.py::test_an_unverified_attempt_contributes_no_verdict
    not asked: the test still passed when this defect was injected, and 4 other candidate test(s) failed under the same edit. The edit was not verified, so this is not evidence that the test fails to catch the defect.
  [passed_under_edit] reduce-model-questions/two-pass-revisit-logic-too-narrow x tests/test_verdict.py::test_a_tests_only_obligation_is_still_judged_on_its_test_evidence
    not asked: the test still passed when this defect was injected, and 4 other candidate test(s) failed under the same edit. The edit was not verified, so this is not evidence that the test fails to catch the defect.
  [passed_under_edit] retain-failed-tests-in-model-input/failed-tests-not-revisited-after-no-kill x tests/benchmark/test_corpus.py::test_every_case_is_traceable_to_the_judgement_it_came_from
    not asked: the test still passed when this defect was injected, and 3 other candidate test(s) failed under the same edit. The edit was not verified, so this is not evidence that the test fails to catch the defect.
  [passed_under_edit] retain-failed-tests-in-model-input/failed-tests-not-revisited-after-no-kill x tests/benchmark/test_coverage.py::test_cli_and_benchmark_share_one_pipeline
    not asked: the test still passed when this defect was injected, and 3 other candidate test(s) failed under the same edit. The edit was not verified, so this is not evidence that the test fails to catch the defect.
  [passed_under_edit] retain-failed-tests-in-model-input/failed-tests-not-revisited-after-no-kill x tests/benchmark/test_instability.py::test_a_caller_supplied_model_set_is_actually_measured
    not asked: the test still passed when this defect was injected, and 3 other candidate test(s) failed under the same edit. The edit was not verified, so this is not evidence that the test fails to catch the defect.
  [passed_under_edit] retain-failed-tests-in-model-input/failed-tests-not-revisited-after-no-kill x tests/benchmark/test_instability.py::test_a_flipped_evidence_class_is_content_and_never_shape
    not asked: the test still passed when this defect was injected, and 3 other candidate test(s) failed under the same edit. The edit was not verified, so this is not evidence that the test fails to catch the defect.
  [passed_under_edit] retain-failed-tests-in-model-input/failed-tests-not-revisited-after-no-kill x tests/benchmark/test_instability.py::test_a_flipped_pair_verdict_is_reported_per_pair
    not asked: the test still passed when this defect was injected, and 3 other candidate test(s) failed under the same edit. The edit was not verified, so this is not evidence that the test fails to catch the defect.
  [passed_under_edit] retain-failed-tests-in-model-input/failed-tests-not-revisited-after-no-kill x tests/benchmark/test_instability.py::test_a_lost_obligation_is_reported_as_a_content_difference
    not asked: the test still passed when this defect was injected, and 3 other candidate test(s) failed under the same edit. The edit was not verified, so this is not evidence that the test fails to catch the defect.
  [passed_under_edit] retain-failed-tests-in-model-input/failed-tests-not-revisited-after-no-kill x tests/benchmark/test_instability.py::test_a_model_that_cannot_make_up_its_mind_does_not_count_as_agreeing
    not asked: the test still passed when this defect was injected, and 3 other candidate test(s) failed under the same edit. The edit was not verified, so this is not evidence that the test fails to catch the defect.
  [passed_under_edit] retain-failed-tests-in-model-input/failed-tests-not-revisited-after-no-kill x tests/benchmark/test_instability.py::test_a_perturbation_run_is_included_when_one_is_supplied
    not asked: the test still passed when this defect was injected, and 3 other candidate test(s) failed under the same edit. The edit was not verified, so this is not evidence that the test fails to catch the defect.
  [passed_under_edit] retain-failed-tests-in-model-input/failed-tests-not-revisited-after-no-kill x tests/benchmark/test_instability.py::test_a_repartitioned_obligation_is_reported_as_a_shape_difference
    not asked: the test still passed when this defect was injected, and 3 other candidate test(s) failed under the same edit. The edit was not verified, so this is not evidence that the test fails to catch the defect.
  [passed_under_edit] retain-failed-tests-in-model-input/failed-tests-not-revisited-after-no-kill x tests/benchmark/test_instability.py::test_an_oscillating_open_question_is_a_content_difference
    not asked: the test still passed when this defect was injected, and 3 other candidate test(s) failed under the same edit. The edit was not verified, so this is not evidence that the test fails to catch the defect.
  [passed_under_edit] retain-failed-tests-in-model-input/failed-tests-not-revisited-after-no-kill x tests/benchmark/test_instability.py::test_an_unanswered_subject_counts_as_content_not_shape
    not asked: the test still passed when this defect was injected, and 3 other candidate test(s) failed under the same edit. The edit was not verified, so this is not evidence that the test fails to catch the defect.
  [passed_under_edit] retain-failed-tests-in-model-input/failed-tests-not-revisited-after-no-kill x tests/benchmark/test_instability.py::test_an_unmatched_statement_covered_by_nothing_is_a_content_difference
    not asked: the test still passed when this defect was injected, and 3 other candidate test(s) failed under the same edit. The edit was not verified, so this is not evidence that the test fails to catch the defect.
  [passed_under_edit] retain-failed-tests-in-model-input/failed-tests-not-revisited-after-no-kill x tests/benchmark/test_instability.py::test_an_unmatched_statement_covered_by_the_other_set_is_a_shape_difference
    not asked: the test still passed when this defect was injected, and 3 other candidate test(s) failed under the same edit. The edit was not verified, so this is not evidence that the test fails to catch the defect.
  [passed_under_edit] retain-failed-tests-in-model-input/failed-tests-not-revisited-after-no-kill x tests/benchmark/test_instability.py::test_content_and_shape_are_reported_as_separate_figures
    not asked: the test still passed when this defect was injected, and 3 other candidate test(s) failed under the same edit. The edit was not verified, so this is not evidence that the test fails to catch the defect.
  [passed_under_edit] retain-failed-tests-in-model-input/failed-tests-not-revisited-after-no-kill x tests/benchmark/test_instability.py::test_content_and_shape_counts_diverge_when_both_kinds_occur
    not asked: the test still passed when this defect was injected, and 3 other candidate test(s) failed under the same edit. The edit was not verified, so this is not evidence that the test fails to catch the defect.
  [passed_under_edit] retain-failed-tests-in-model-input/failed-tests-not-revisited-after-no-kill x tests/benchmark/test_instability.py::test_cross_model_agreement_covers_every_judgement_axis
    not asked: the test still passed when this defect was injected, and 3 other candidate test(s) failed under the same edit. The edit was not verified, so this is not evidence that the test fails to catch the defect.
  [passed_under_edit] retain-failed-tests-in-model-input/failed-tests-not-revisited-after-no-kill x tests/benchmark/test_instability.py::test_cross_model_agreement_is_none_with_a_single_model
    not asked: the test still passed when this defect was injected, and 3 other candidate test(s) failed under the same edit. The edit was not verified, so this is not evidence that the test fails to catch the defect.
  [passed_under_edit] retain-failed-tests-in-model-input/failed-tests-not-revisited-after-no-kill x tests/benchmark/test_instability.py::test_cross_model_agreement_is_reported_alongside_within_model_variance
    not asked: the test still passed when this defect was injected, and 3 other candidate test(s) failed under the same edit. The edit was not verified, so this is not evidence that the test fails to catch the defect.
  [passed_under_edit] retain-failed-tests-in-model-input/failed-tests-not-revisited-after-no-kill x tests/benchmark/test_instability.py::test_decomposition_variation_is_surfaced_and_not_only_evidence_variation
    not asked: the test still passed when this defect was injected, and 3 other candidate test(s) failed under the same edit. The edit was not verified, so this is not evidence that the test fails to catch the defect.
  [passed_under_edit] retain-failed-tests-in-model-input/failed-tests-not-revisited-after-no-kill x tests/benchmark/test_instability.py::test_evidence_class_distribution_counts_every_draw
    not asked: the test still passed when this defect was injected, and 3 other candidate test(s) failed under the same edit. The edit was not verified, so this is not evidence that the test fails to catch the defect.
  [passed_under_edit] retain-failed-tests-in-model-input/failed-tests-not-revisited-after-no-kill x tests/benchmark/test_instability.py::test_matching_ids_with_different_text_are_not_treated_as_the_same_obligation
    not asked: the test still passed when this defect was injected, and 3 other candidate test(s) failed under the same edit. The edit was not verified, so this is not evidence that the test fails to catch the defect.
  [passed_under_edit] retain-failed-tests-in-model-input/failed-tests-not-revisited-after-no-kill x tests/benchmark/test_instability.py::test_measure_instability_records_the_conditions_that_produced_it
    not asked: the test still passed when this defect was injected, and 3 other candidate test(s) failed under the same edit. The edit was not verified, so this is not evidence that the test fails to catch the defect.
  [passed_under_edit] retain-failed-tests-in-model-input/failed-tests-not-revisited-after-no-kill x tests/benchmark/test_instability.py::test_measure_instability_varies_the_seed_across_runs
    not asked: the test still passed when this defect was injected, and 3 other candidate test(s) failed under the same edit. The edit was not verified, so this is not evidence that the test fails to catch the defect.
  [passed_under_edit] retain-failed-tests-in-model-input/failed-tests-not-revisited-after-no-kill x tests/benchmark/test_instability.py::test_measuring_variance_requires_at_least_two_runs
    not asked: the test still passed when this defect was injected, and 3 other candidate test(s) failed under the same edit. The edit was not verified, so this is not evidence that the test fails to catch the defect.
  [passed_under_edit] retain-failed-tests-in-model-input/failed-tests-not-revisited-after-no-kill x tests/benchmark/test_instability.py::test_no_ci_workflow_invokes_the_instability_harness
    not asked: the test still passed when this defect was injected, and 3 other candidate test(s) failed under the same edit. The edit was not verified, so this is not evidence that the test fails to catch the defect.
  [passed_under_edit] retain-failed-tests-in-model-input/failed-tests-not-revisited-after-no-kill x tests/benchmark/test_instability.py::test_obligations_align_by_content_even_when_their_ids_differ
    not asked: the test still passed when this defect was injected, and 3 other candidate test(s) failed under the same edit. The edit was not verified, so this is not evidence that the test fails to catch the defect.
  [passed_under_edit] retain-failed-tests-in-model-input/failed-tests-not-revisited-after-no-kill x tests/benchmark/test_instability.py::test_observations_do_not_leak_between_clients
    not asked: the test still passed when this defect was injected, and 3 other candidate test(s) failed under the same edit. The edit was not verified, so this is not evidence that the test fails to catch the defect.
  [passed_under_edit] retain-failed-tests-in-model-input/failed-tests-not-revisited-after-no-kill x tests/benchmark/test_instability.py::test_omitted_parameters_fall_back_to_the_declared_defaults
    not asked: the test still passed when this defect was injected, and 3 other candidate test(s) failed under the same edit. The edit was not verified, so this is not evidence that the test fails to catch the defect.
  [passed_under_edit] retain-failed-tests-in-model-input/failed-tests-not-revisited-after-no-kill x tests/benchmark/test_instability.py::test_perturbation_sensitivity_is_a_proportion_of_watched_judgements
    not asked: the test still passed when this defect was injected, and 3 other candidate test(s) failed under the same edit. The edit was not verified, so this is not evidence that the test fails to catch the defect.
  [passed_under_edit] retain-failed-tests-in-model-input/failed-tests-not-revisited-after-no-kill x tests/benchmark/test_instability.py::test_perturbation_sensitivity_is_none_when_nothing_was_watched
    not asked: the test still passed when this defect was injected, and 3 other candidate test(s) failed under the same edit. The edit was not verified, so this is not evidence that the test fails to catch the defect.
  [passed_under_edit] retain-failed-tests-in-model-input/failed-tests-not-revisited-after-no-kill x tests/benchmark/test_instability.py::test_presence_rows_show_an_obligation_missing_from_some_runs
    not asked: the test still passed when this defect was injected, and 3 other candidate test(s) failed under the same edit. The edit was not verified, so this is not evidence that the test fails to catch the defect.
  [passed_under_edit] retain-failed-tests-in-model-input/failed-tests-not-revisited-after-no-kill x tests/benchmark/test_instability.py::test_run_once_drives_the_real_pipeline_and_snapshots_its_output
    not asked: the test still passed when this defect was injected, and 3 other candidate test(s) failed under the same edit. The edit was not verified, so this is not evidence that the test fails to catch the defect.
  [passed_under_edit] retain-failed-tests-in-model-input/failed-tests-not-revisited-after-no-kill x tests/benchmark/test_instability.py::test_runs_are_recorded_live_and_never_replayed
    not asked: the test still passed when this defect was injected, and 3 other candidate test(s) failed under the same edit. The edit was not verified, so this is not evidence that the test fails to catch the defect.
  [passed_under_edit] retain-failed-tests-in-model-input/failed-tests-not-revisited-after-no-kill x tests/benchmark/test_instability.py::test_seeds_are_derived_so_a_measurement_is_repeatable_from_its_provenance
    not asked: the test still passed when this defect was injected, and 3 other candidate test(s) failed under the same edit. The edit was not verified, so this is not evidence that the test fails to catch the defect.
  [passed_under_edit] retain-failed-tests-in-model-input/failed-tests-not-revisited-after-no-kill x tests/benchmark/test_instability.py::test_the_default_run_count_produces_three_runs_per_model
    not asked: the test still passed when this defect was injected, and 3 other candidate test(s) failed under the same edit. The edit was not verified, so this is not evidence that the test fails to catch the defect.
  [passed_under_edit] retain-failed-tests-in-model-input/failed-tests-not-revisited-after-no-kill x tests/benchmark/test_instability.py::test_the_default_run_is_one_model_and_three_runs
    not asked: the test still passed when this defect was injected, and 3 other candidate test(s) failed under the same edit. The edit was not verified, so this is not evidence that the test fails to catch the defect.
  [passed_under_edit] retain-failed-tests-in-model-input/failed-tests-not-revisited-after-no-kill x tests/benchmark/test_instability.py::test_the_harness_reports_variance_without_reducing_it
    not asked: the test still passed when this defect was injected, and 3 other candidate test(s) failed under the same edit. The edit was not verified, so this is not evidence that the test fails to catch the defect.
  [passed_under_edit] retain-failed-tests-in-model-input/failed-tests-not-revisited-after-no-kill x tests/benchmark/test_instability.py::test_the_harness_uses_the_benchmark_variance_path_and_not_a_second_one
    not asked: the test still passed when this defect was injected, and 3 other candidate test(s) failed under the same edit. The edit was not verified, so this is not evidence that the test fails to catch the defect.
  [passed_under_edit] retain-failed-tests-in-model-input/failed-tests-not-revisited-after-no-kill x tests/benchmark/test_instability.py::test_the_observing_client_does_not_change_what_the_pipeline_produces
    not asked: the test still passed when this defect was injected, and 3 other candidate test(s) failed under the same edit. The edit was not verified, so this is not evidence that the test fails to catch the defect.
  [passed_under_edit] retain-failed-tests-in-model-input/failed-tests-not-revisited-after-no-kill x tests/benchmark/test_instability.py::test_the_perturbation_adds_a_test_that_asserts_nothing_about_the_change
    not asked: the test still passed when this defect was injected, and 3 other candidate test(s) failed under the same edit. The edit was not verified, so this is not evidence that the test fails to catch the defect.
  [passed_under_edit] retain-failed-tests-in-model-input/failed-tests-not-revisited-after-no-kill x tests/benchmark/test_instability.py::test_the_perturbation_never_writes_into_the_repository_under_review
    not asked: the test still passed when this defect was injected, and 3 other candidate test(s) failed under the same edit. The edit was not verified, so this is not evidence that the test fails to catch the defect.
  [passed_under_edit] retain-failed-tests-in-model-input/failed-tests-not-revisited-after-no-kill x tests/benchmark/test_instability.py::test_the_report_carries_no_pass_fail_or_threshold_field
    not asked: the test still passed when this defect was injected, and 3 other candidate test(s) failed under the same edit. The edit was not verified, so this is not evidence that the test fails to catch the defect.
  [passed_under_edit] retain-failed-tests-in-model-input/failed-tests-not-revisited-after-no-kill x tests/benchmark/test_instability.py::test_the_three_movement_sources_are_reported_as_distinct_figures
    not asked: the test still passed when this defect was injected, and 3 other candidate test(s) failed under the same edit. The edit was not verified, so this is not evidence that the test fails to catch the defect.
  [passed_under_edit] retain-failed-tests-in-model-input/failed-tests-not-revisited-after-no-kill x tests/benchmark/test_instability.py::test_with_no_counterpart_set_at_all_everything_is_content
    not asked: the test still passed when this defect was injected, and 3 other candidate test(s) failed under the same edit. The edit was not verified, so this is not evidence that the test fails to catch the defect.
  [passed_under_edit] retain-failed-tests-in-model-input/failed-tests-not-revisited-after-no-kill x tests/benchmark/test_rating_regression.py::test_the_case_set_can_catch_a_judge_erring_either_way
    not asked: the test still passed when this defect was injected, and 3 other candidate test(s) failed under the same edit. The edit was not verified, so this is not evidence that the test fails to catch the defect.
  [passed_under_edit] retain-failed-tests-in-model-input/failed-tests-not-revisited-after-no-kill x tests/defects/test_pair_mapping.py::test_a_continued_run_carries_verdicts_through_the_ledger
    not asked: the test still passed when this defect was injected, and 3 other candidate test(s) failed under the same edit. The edit was not verified, so this is not evidence that the test fails to catch the defect.
  [passed_under_edit] retain-failed-tests-in-model-input/failed-tests-not-revisited-after-no-kill x tests/defects/test_pair_mapping.py::test_a_defect_whose_asked_pairs_yield_no_kill_has_its_skipped_pairs_judged
    not asked: the test still passed when this defect was injected, and 3 other candidate test(s) failed under the same edit. The edit was not verified, so this is not evidence that the test fails to catch the defect.
  [passed_under_edit] retain-failed-tests-in-model-input/failed-tests-not-revisited-after-no-kill x tests/defects/test_pair_mapping.py::test_a_failing_answer_with_no_reason_is_not_kept_as_a_verdict
    not asked: the test still passed when this defect was injected, and 3 other candidate test(s) failed under the same edit. The edit was not verified, so this is not evidence that the test fails to catch the defect.
  [passed_under_edit] retain-failed-tests-in-model-input/failed-tests-not-revisited-after-no-kill x tests/defects/test_pair_mapping.py::test_a_pair_the_judge_never_answers_is_recorded_not_read_as_surviving
    not asked: the test still passed when this defect was injected, and 3 other candidate test(s) failed under the same edit. The edit was not verified, so this is not evidence that the test fails to catch the defect.
  [passed_under_edit] retain-failed-tests-in-model-input/failed-tests-not-revisited-after-no-kill x tests/defects/test_pair_mapping.py::test_a_ragged_pair_set_is_still_split_into_rectangles
    not asked: the test still passed when this defect was injected, and 3 other candidate test(s) failed under the same edit. The edit was not verified, so this is not evidence that the test fails to catch the defect.
  [passed_under_edit] retain-failed-tests-in-model-input/failed-tests-not-revisited-after-no-kill x tests/defects/test_pair_mapping.py::test_a_surviving_answer_carrying_a_reason_is_not_kept_as_a_verdict
    not asked: the test still passed when this defect was injected, and 3 other candidate test(s) failed under the same edit. The edit was not verified, so this is not evidence that the test fails to catch the defect.
  [passed_under_edit] retain-failed-tests-in-model-input/failed-tests-not-revisited-after-no-kill x tests/defects/test_pair_mapping.py::test_a_surviving_answer_carrying_an_empty_reason_is_still_a_verdict
    not asked: the test still passed when this defect was injected, and 3 other candidate test(s) failed under the same edit. The edit was not verified, so this is not evidence that the test fails to catch the defect.
  [passed_under_edit] retain-failed-tests-in-model-input/failed-tests-not-revisited-after-no-kill x tests/defects/test_pair_mapping.py::test_a_surviving_pair_is_stored_without_a_reason
    not asked: the test still passed when this defect was injected, and 3 other candidate test(s) failed under the same edit. The edit was not verified, so this is not evidence that the test fails to catch the defect.
  [passed_under_edit] retain-failed-tests-in-model-input/failed-tests-not-revisited-after-no-kill x tests/defects/test_pair_mapping.py::test_a_verdict_is_produced_again_when_its_defect_changed
    not asked: the test still passed when this defect was injected, and 3 other candidate test(s) failed under the same edit. The edit was not verified, so this is not evidence that the test fails to catch the defect.
  [passed_under_edit] retain-failed-tests-in-model-input/failed-tests-not-revisited-after-no-kill x tests/defects/test_pair_mapping.py::test_a_verdict_is_produced_again_when_the_tests_source_changed
    not asked: the test still passed when this defect was injected, and 3 other candidate test(s) failed under the same edit. The edit was not verified, so this is not evidence that the test fails to catch the defect.
  [passed_under_edit] retain-failed-tests-in-model-input/failed-tests-not-revisited-after-no-kill x tests/defects/test_pair_mapping.py::test_a_verdict_is_reused_when_its_defect_and_its_test_are_both_unchanged
    not asked: the test still passed when this defect was injected, and 3 other candidate test(s) failed under the same edit. The edit was not verified, so this is not evidence that the test fails to catch the defect.
  [passed_under_edit] retain-failed-tests-in-model-input/failed-tests-not-revisited-after-no-kill x tests/defects/test_pair_mapping.py::test_adding_one_test_judges_only_that_tests_pairs
    not asked: the test still passed when this defect was injected, and 3 other candidate test(s) failed under the same edit. The edit was not verified, so this is not evidence that the test fails to catch the defect.
  [passed_under_edit] retain-failed-tests-in-model-input/failed-tests-not-revisited-after-no-kill x tests/defects/test_pair_mapping.py::test_changing_how_many_tests_share_a_call_invalidates_the_transcripts
    not asked: the test still passed when this defect was injected, and 3 other candidate test(s) failed under the same edit. The edit was not verified, so this is not evidence that the test fails to catch the defect.
  [passed_under_edit] retain-failed-tests-in-model-input/failed-tests-not-revisited-after-no-kill x tests/defects/test_pair_mapping.py::test_defect_text_ignores_the_defect_id
    not asked: the test still passed when this defect was injected, and 3 other candidate test(s) failed under the same edit. The edit was not verified, so this is not evidence that the test fails to catch the defect.
  [passed_under_edit] retain-failed-tests-in-model-input/failed-tests-not-revisited-after-no-kill x tests/defects/test_pair_mapping.py::test_every_offered_pair_comes_back_with_a_verdict
    not asked: the test still passed when this defect was injected, and 3 other candidate test(s) failed under the same edit. The edit was not verified, so this is not evidence that the test fails to catch the defect.
  [passed_under_edit] retain-failed-tests-in-model-input/failed-tests-not-revisited-after-no-kill x tests/defects/test_pair_mapping.py::test_every_request_is_a_full_rectangle
    not asked: the test still passed when this defect was injected, and 3 other candidate test(s) failed under the same edit. The edit was not verified, so this is not evidence that the test fails to catch the defect.
  [passed_under_edit] retain-failed-tests-in-model-input/failed-tests-not-revisited-after-no-kill x tests/defects/test_pair_mapping.py::test_no_request_carries_more_judgements_than_the_limit
    not asked: the test still passed when this defect was injected, and 3 other candidate test(s) failed under the same edit. The edit was not verified, so this is not evidence that the test fails to catch the defect.
  [passed_under_edit] retain-failed-tests-in-model-input/failed-tests-not-revisited-after-no-kill x tests/defects/test_pair_mapping.py::test_one_misshapen_answer_does_not_discard_the_rest_of_its_batch
    not asked: the test still passed when this defect was injected, and 3 other candidate test(s) failed under the same edit. The edit was not verified, so this is not evidence that the test fails to catch the defect.
  [passed_under_edit] retain-failed-tests-in-model-input/failed-tests-not-revisited-after-no-kill x tests/defects/test_pair_mapping.py::test_routing_off_asks_about_everything
    not asked: the test still passed when this defect was injected, and 3 other candidate test(s) failed under the same edit. The edit was not verified, so this is not evidence that the test fails to catch the defect.
  [passed_under_edit] retain-failed-tests-in-model-input/failed-tests-not-revisited-after-no-kill x tests/defects/test_pair_mapping.py::test_the_answer_about_a_pair_carries_a_reason_only_where_the_test_would_fail
    not asked: the test still passed when this defect was injected, and 3 other candidate test(s) failed under the same edit. The edit was not verified, so this is not evidence that the test fails to catch the defect.
  [passed_under_edit] retain-failed-tests-in-model-input/failed-tests-not-revisited-after-no-kill x tests/defects/test_pair_mapping.py::test_the_defect_list_sits_in_the_shared_prefix_of_every_call
    not asked: the test still passed when this defect was injected, and 3 other candidate test(s) failed under the same edit. The edit was not verified, so this is not evidence that the test fails to catch the defect.
  [passed_under_edit] retain-failed-tests-in-model-input/failed-tests-not-revisited-after-no-kill x tests/defects/test_pair_mapping.py::test_the_digest_is_per_test_not_per_file
    not asked: the test still passed when this defect was injected, and 3 other candidate test(s) failed under the same edit. The edit was not verified, so this is not evidence that the test fails to catch the defect.
  [passed_under_edit] retain-failed-tests-in-model-input/failed-tests-not-revisited-after-no-kill x tests/defects/test_pair_mapping.py::test_the_prefilter_keeps_its_own_cause
    not asked: the test still passed when this defect was injected, and 3 other candidate test(s) failed under the same edit. The edit was not verified, so this is not evidence that the test fails to catch the defect.
  [passed_under_edit] retain-failed-tests-in-model-input/failed-tests-not-revisited-after-no-kill x tests/defects/test_pair_mapping.py::test_the_question_put_about_a_pair_is_the_failure_question
    not asked: the test still passed when this defect was injected, and 3 other candidate test(s) failed under the same edit. The edit was not verified, so this is not evidence that the test fails to catch the defect.
  [passed_under_edit] retain-failed-tests-in-model-input/failed-tests-not-revisited-after-no-kill x tests/defects/test_pair_mapping.py::test_the_second_pass_happens_before_the_result_is_returned
    not asked: the test still passed when this defect was injected, and 3 other candidate test(s) failed under the same edit. The edit was not verified, so this is not evidence that the test fails to catch the defect.
  [passed_under_edit] retain-failed-tests-in-model-input/failed-tests-not-revisited-after-no-kill x tests/defects/test_pair_mapping.py::test_the_stage_is_byte_identical_when_its_calls_finish_out_of_order
    not asked: the test still passed when this defect was injected, and 3 other candidate test(s) failed under the same edit. The edit was not verified, so this is not evidence that the test fails to catch the defect.
  [passed_under_edit] retain-failed-tests-in-model-input/failed-tests-not-revisited-after-no-kill x tests/defects/test_pair_mapping.py::test_which_pairs_share_a_request_does_not_change_what_carries
    not asked: the test still passed when this defect was injected, and 3 other candidate test(s) failed under the same edit. The edit was not verified, so this is not evidence that the test fails to catch the defect.
  [passed_under_edit] retain-failed-tests-in-model-input/failed-tests-not-revisited-after-no-kill x tests/defects/test_reachability.py::test_excludes_and_records_the_one_provable_shape
    not asked: the test still passed when this defect was injected, and 3 other candidate test(s) failed under the same edit. The edit was not verified, so this is not evidence that the test fails to catch the defect.
  [passed_under_edit] retain-failed-tests-in-model-input/failed-tests-not-revisited-after-no-kill x tests/defects/test_reachability.py::test_judges_a_test_that_names_something_the_defects_file_defines
    not asked: the test still passed when this defect was injected, and 3 other candidate test(s) failed under the same edit. The edit was not verified, so this is not evidence that the test fails to catch the defect.
  [passed_under_edit] retain-failed-tests-in-model-input/failed-tests-not-revisited-after-no-kill x tests/defects/test_reachability.py::test_judges_a_test_that_reaches_the_defect_through_a_helper_module
    not asked: the test still passed when this defect was injected, and 3 other candidate test(s) failed under the same edit. The edit was not verified, so this is not evidence that the test fails to catch the defect.
  [passed_under_edit] retain-failed-tests-in-model-input/failed-tests-not-revisited-after-no-kill x tests/defects/test_reachability.py::test_judges_a_test_that_takes_a_fixture
    not asked: the test still passed when this defect was injected, and 3 other candidate test(s) failed under the same edit. The edit was not verified, so this is not evidence that the test fails to catch the defect.
  [passed_under_edit] retain-failed-tests-in-model-input/failed-tests-not-revisited-after-no-kill x tests/defects/test_reachability.py::test_judges_when_the_defect_implicates_no_file
    not asked: the test still passed when this defect was injected, and 3 other candidate test(s) failed under the same edit. The edit was not verified, so this is not evidence that the test fails to catch the defect.
  [passed_under_edit] retain-failed-tests-in-model-input/failed-tests-not-revisited-after-no-kill x tests/defects/test_reachability.py::test_judges_when_the_module_imports_dynamically
    not asked: the test still passed when this defect was injected, and 3 other candidate test(s) failed under the same edit. The edit was not verified, so this is not evidence that the test fails to catch the defect.
  [passed_under_edit] retain-failed-tests-in-model-input/failed-tests-not-revisited-after-no-kill x tests/defects/test_reachability.py::test_judges_when_the_module_imports_relatively
    not asked: the test still passed when this defect was injected, and 3 other candidate test(s) failed under the same edit. The edit was not verified, so this is not evidence that the test fails to catch the defect.
  [passed_under_edit] retain-failed-tests-in-model-input/failed-tests-not-revisited-after-no-kill x tests/defects/test_support.py::test_a_criterion_whose_only_evidence_is_unjudged_is_indeterminate_not_nominal
    not asked: the test still passed when this defect was injected, and 3 other candidate test(s) failed under the same edit. The edit was not verified, so this is not evidence that the test fails to catch the defect.
  [passed_under_edit] retain-failed-tests-in-model-input/failed-tests-not-revisited-after-no-kill x tests/defects/test_support.py::test_a_criterion_whose_pairs_were_offered_and_unanswered_is_indeterminate
    not asked: the test still passed when this defect was injected, and 3 other candidate test(s) failed under the same edit. The edit was not verified, so this is not evidence that the test fails to catch the defect.
  [passed_under_edit] retain-failed-tests-in-model-input/failed-tests-not-revisited-after-no-kill x tests/defects/test_support.py::test_a_fully_judged_criterion_takes_the_class_its_kill_count_implies
    not asked: the test still passed when this defect was injected, and 3 other candidate test(s) failed under the same edit. The edit was not verified, so this is not evidence that the test fails to catch the defect.
  [passed_under_edit] retain-failed-tests-in-model-input/failed-tests-not-revisited-after-no-kill x tests/defects/test_support.py::test_a_prefilter_exclusion_counts_as_a_surviving_pair_not_an_unknown_one
    not asked: the test still passed when this defect was injected, and 3 other candidate test(s) failed under the same edit. The edit was not verified, so this is not evidence that the test fails to catch the defect.
  [passed_under_edit] retain-failed-tests-in-model-input/failed-tests-not-revisited-after-no-kill x tests/defects/test_support.py::test_an_unjudged_defect_never_reads_as_a_surviving_one
    not asked: the test still passed when this defect was injected, and 3 other candidate test(s) failed under the same edit. The edit was not verified, so this is not evidence that the test fails to catch the defect.
  [passed_under_edit] retain-failed-tests-in-model-input/failed-tests-not-revisited-after-no-kill x tests/defects/test_support.py::test_an_unjudged_defect_stops_a_criterion_reaching_strongly_supported
    not asked: the test still passed when this defect was injected, and 3 other candidate test(s) failed under the same edit. The edit was not verified, so this is not evidence that the test fails to catch the defect.
  [passed_under_edit] retain-failed-tests-in-model-input/failed-tests-not-revisited-after-no-kill x tests/defects/test_support.py::test_test_links_carry_only_the_tests_judged_to_fail_on_a_defect
    not asked: the test still passed when this defect was injected, and 3 other candidate test(s) failed under the same edit. The edit was not verified, so this is not evidence that the test fails to catch the defect.
  [passed_under_edit] retain-failed-tests-in-model-input/failed-tests-not-revisited-after-no-kill x tests/defects/test_support.py::test_the_derivation_makes_no_model_call_and_repeats_exactly
    not asked: the test still passed when this defect was injected, and 3 other candidate test(s) failed under the same edit. The edit was not verified, so this is not evidence that the test fails to catch the defect.
  [passed_under_edit] retain-failed-tests-in-model-input/failed-tests-not-revisited-after-no-kill x tests/fixtures/archetypes/08-unrequested-change-separable/head/test_report.py::test_low_stock_report_filters_by_threshold
    not asked: the test still passed when this defect was injected, and 3 other candidate test(s) failed under the same edit. The edit was not verified, so this is not evidence that the test fails to catch the defect.
  [passed_under_edit] retain-failed-tests-in-model-input/failed-tests-not-revisited-after-no-kill x tests/requirement/test_carry_forward.py::test_the_review_pipeline_carries_forward_and_hands_back_what_it_derived
    not asked: the test still passed when this defect was injected, and 3 other candidate test(s) failed under the same edit. The edit was not verified, so this is not evidence that the test fails to catch the defect.
  [passed_under_edit] retain-failed-tests-in-model-input/failed-tests-not-revisited-after-no-kill x tests/requirement/test_carry_forward.py::test_the_review_pipeline_leaves_no_ledger_behind_when_given_no_sink
    not asked: the test still passed when this defect was injected, and 3 other candidate test(s) failed under the same edit. The edit was not verified, so this is not evidence that the test fails to catch the defect.
  [passed_under_edit] retain-failed-tests-in-model-input/failed-tests-not-revisited-after-no-kill x tests/test_cli_execution.py::TestTheSettingsArrive::test_the_pipeline_is_given_settings_to_decide_with
    not asked: the test still passed when this defect was injected, and 3 other candidate test(s) failed under the same edit. The edit was not verified, so this is not evidence that the test fails to catch the defect.
  [passed_under_edit] retain-failed-tests-in-model-input/failed-tests-not-revisited-after-no-kill x tests/test_execution_decision.py::TestTheDecisionIsAlwaysExplained::test_every_outcome_carries_a_reason
    not asked: the test still passed when this defect was injected, and 3 other candidate test(s) failed under the same edit. The edit was not verified, so this is not evidence that the test fails to catch the defect.
  [passed_under_edit] retain-failed-tests-in-model-input/failed-tests-not-revisited-after-no-kill x tests/test_execution_decision.py::TestWhenItDeclines::test_no_defect_can_be_edited
    not asked: the test still passed when this defect was injected, and 3 other candidate test(s) failed under the same edit. The edit was not verified, so this is not evidence that the test fails to catch the defect.
  [passed_under_edit] retain-failed-tests-in-model-input/failed-tests-not-revisited-after-no-kill x tests/test_execution_decision.py::TestWhenItDeclines::test_no_settings_at_all_is_not_a_run
    not asked: the test still passed when this defect was injected, and 3 other candidate test(s) failed under the same edit. The edit was not verified, so this is not evidence that the test fails to catch the defect.
  [passed_under_edit] retain-failed-tests-in-model-input/failed-tests-not-revisited-after-no-kill x tests/test_execution_decision.py::TestWhenItDeclines::test_nothing_would_consume_the_result
    not asked: the test still passed when this defect was injected, and 3 other candidate test(s) failed under the same edit. The edit was not verified, so this is not evidence that the test fails to catch the defect.
  [passed_under_edit] retain-failed-tests-in-model-input/failed-tests-not-revisited-after-no-kill x tests/test_execution_decision.py::TestWhenItRuns::test_a_result_could_count_and_there_is_something_to_inject
    not asked: the test still passed when this defect was injected, and 3 other candidate test(s) failed under the same edit. The edit was not verified, so this is not evidence that the test fails to catch the defect.
  [passed_under_edit] retain-failed-tests-in-model-input/failed-tests-not-revisited-after-no-kill x tests/test_execution_decision.py::TestWhenItRuns::test_routing_alone_is_enough
    not asked: the test still passed when this defect was injected, and 3 other candidate test(s) failed under the same edit. The edit was not verified, so this is not evidence that the test fails to catch the defect.
  [passed_under_edit] retain-failed-tests-in-model-input/failed-tests-not-revisited-after-no-kill x tests/test_execution_decision.py::TestWhenItRuns::test_the_reason_does_not_promise_evidence_routing_cannot_give
    not asked: the test still passed when this defect was injected, and 3 other candidate test(s) failed under the same edit. The edit was not verified, so this is not evidence that the test fails to catch the defect.
  [passed_under_edit] retain-failed-tests-in-model-input/failed-tests-not-revisited-after-no-kill x tests/test_execution_decision.py::TestWhenItRuns::test_the_reason_says_what_made_it_worth_doing
    not asked: the test still passed when this defect was injected, and 3 other candidate test(s) failed under the same edit. The edit was not verified, so this is not evidence that the test fails to catch the defect.
  [passed_under_edit] retain-failed-tests-in-model-input/failed-tests-not-revisited-after-no-kill x tests/test_mandate_coverage.py::test_a_decline_is_not_re_judged_even_when_the_text_reads_like_a_requirement
    not asked: the test still passed when this defect was injected, and 3 other candidate test(s) failed under the same edit. The edit was not verified, so this is not evidence that the test fails to catch the defect.
  [passed_under_edit] retain-failed-tests-in-model-input/failed-tests-not-revisited-after-no-kill x tests/test_mandate_coverage.py::test_a_requirement_whose_question_the_diff_resolved_counts_as_judged
    not asked: the test still passed when this defect was injected, and 3 other candidate test(s) failed under the same edit. The edit was not verified, so this is not evidence that the test fails to catch the defect.
  [passed_under_edit] retain-failed-tests-in-model-input/failed-tests-not-revisited-after-no-kill x tests/test_mutation_archetype_acceptance.py::TestRoutingChangesNothingHereButTheCost::test_a_survivor_holds_nothing_back_even_with_a_passing_test
    not asked: the test still passed when this defect was injected, and 3 other candidate test(s) failed under the same edit. The edit was not verified, so this is not evidence that the test fails to catch the defect.
  [passed_under_edit] retain-failed-tests-in-model-input/failed-tests-not-revisited-after-no-kill x tests/test_mutation_archetype_acceptance.py::TestRoutingChangesNothingHereButTheCost::test_routing_holds_nothing_back_on_this_fixture
    not asked: the test still passed when this defect was injected, and 3 other candidate test(s) failed under the same edit. The edit was not verified, so this is not evidence that the test fails to catch the defect.
  [passed_under_edit] retain-failed-tests-in-model-input/failed-tests-not-revisited-after-no-kill x tests/test_mutation_archetype_acceptance.py::TestRoutingChangesNothingHereButTheCost::test_the_labelled_kill_is_untouched
    not asked: the test still passed when this defect was injected, and 3 other candidate test(s) failed under the same edit. The edit was not verified, so this is not evidence that the test fails to catch the defect.
  [passed_under_edit] retain-failed-tests-in-model-input/failed-tests-not-revisited-after-no-kill x tests/test_mutation_archetype_acceptance.py::TestTheGroundTruthIsReproduced::test_every_attempt_was_observed_by_execution
    not asked: the test still passed when this defect was injected, and 3 other candidate test(s) failed under the same edit. The edit was not verified, so this is not evidence that the test fails to catch the defect.
  [passed_under_edit] retain-failed-tests-in-model-input/failed-tests-not-revisited-after-no-kill x tests/test_mutation_archetype_acceptance.py::TestTheGroundTruthIsReproduced::test_every_labelled_defect_got_an_attempt
    not asked: the test still passed when this defect was injected, and 3 other candidate test(s) failed under the same edit. The edit was not verified, so this is not evidence that the test fails to catch the defect.
  [passed_under_edit] retain-failed-tests-in-model-input/failed-tests-not-revisited-after-no-kill x tests/test_mutation_archetype_acceptance.py::TestTheGroundTruthIsReproduced::test_the_killing_tests_match_the_labels
    not asked: the test still passed when this defect was injected, and 3 other candidate test(s) failed under the same edit. The edit was not verified, so this is not evidence that the test fails to catch the defect.
  [passed_under_edit] retain-failed-tests-in-model-input/failed-tests-not-revisited-after-no-kill x tests/test_mutation_archetype_acceptance.py::TestTheUpgradeThisMilestoneExistsFor::test_a_defect_the_test_cannot_catch_is_observed_to_survive
    not asked: the test still passed when this defect was injected, and 3 other candidate test(s) failed under the same edit. The edit was not verified, so this is not evidence that the test fails to catch the defect.
  [passed_under_edit] retain-failed-tests-in-model-input/failed-tests-not-revisited-after-no-kill x tests/test_mutation_archetype_acceptance.py::TestTheUpgradeThisMilestoneExistsFor::test_the_defect_the_test_can_catch_is_observed_to_die
    not asked: the test still passed when this defect was injected, and 3 other candidate test(s) failed under the same edit. The edit was not verified, so this is not evidence that the test fails to catch the defect.
  [passed_under_edit] retain-failed-tests-in-model-input/failed-tests-not-revisited-after-no-kill x tests/test_mutation_archetype_acceptance.py::TestTheUpgradeThisMilestoneExistsFor::test_the_injected_edit_is_recorded_for_each
    not asked: the test still passed when this defect was injected, and 3 other candidate test(s) failed under the same edit. The edit was not verified, so this is not evidence that the test fails to catch the defect.
  [passed_under_edit] retain-failed-tests-in-model-input/failed-tests-not-revisited-after-no-kill x tests/test_mutation_archetype_acceptance.py::TestTheUpgradeThisMilestoneExistsFor::test_the_verdicts_reach_the_executed_tier_once_the_edits_are_verified
    not asked: the test still passed when this defect was injected, and 3 other candidate test(s) failed under the same edit. The edit was not verified, so this is not evidence that the test fails to catch the defect.
  [passed_under_edit] retain-failed-tests-in-model-input/failed-tests-not-revisited-after-no-kill x tests/test_mutation_archetype_acceptance.py::TestTheUpgradeThisMilestoneExistsFor::test_without_verification_nothing_reaches_the_executed_tier
    not asked: the test still passed when this defect was injected, and 3 other candidate test(s) failed under the same edit. The edit was not verified, so this is not evidence that the test fails to catch the defect.
  [passed_under_edit] retain-failed-tests-in-model-input/failed-tests-not-revisited-after-no-kill x tests/test_mutation_verdicts.py::TestAnUnverifiedEditCountsForNothing::test_an_unverified_kill_produces_no_verdict
    not asked: the test still passed when this defect was injected, and 3 other candidate test(s) failed under the same edit. The edit was not verified, so this is not evidence that the test fails to catch the defect.
  [passed_under_edit] retain-failed-tests-in-model-input/failed-tests-not-revisited-after-no-kill x tests/test_mutation_verdicts.py::TestAnUnverifiedEditCountsForNothing::test_an_unverified_survival_produces_no_verdict
    not asked: the test still passed when this defect was injected, and 3 other candidate test(s) failed under the same edit. The edit was not verified, so this is not evidence that the test fails to catch the defect.
  [passed_under_edit] retain-failed-tests-in-model-input/failed-tests-not-revisited-after-no-kill x tests/test_mutation_verdicts.py::TestAnUnverifiedEditCountsForNothing::test_its_defect_still_goes_to_the_static_judge
    not asked: the test still passed when this defect was injected, and 3 other candidate test(s) failed under the same edit. The edit was not verified, so this is not evidence that the test fails to catch the defect.
  [passed_under_edit] retain-failed-tests-in-model-input/failed-tests-not-revisited-after-no-kill x tests/test_mutation_verdicts.py::TestAnUnverifiedEditCountsForNothing::test_the_criterion_it_belongs_to_stays_static
    not asked: the test still passed when this defect was injected, and 3 other candidate test(s) failed under the same edit. The edit was not verified, so this is not evidence that the test fails to catch the defect.
  [passed_under_edit] retain-failed-tests-in-model-input/failed-tests-not-revisited-after-no-kill x tests/test_mutation_verdicts.py::TestTheRatingReadsBoth::test_a_defect_with_no_verdict_at_all_holds_it_at_static
    not asked: the test still passed when this defect was injected, and 3 other candidate test(s) failed under the same edit. The edit was not verified, so this is not evidence that the test fails to catch the defect.
  [passed_under_edit] retain-failed-tests-in-model-input/failed-tests-not-revisited-after-no-kill x tests/test_mutation_verdicts.py::TestTheRatingReadsBoth::test_a_fully_executed_criterion_reaches_the_defect_killed_tier
    not asked: the test still passed when this defect was injected, and 3 other candidate test(s) failed under the same edit. The edit was not verified, so this is not evidence that the test fails to catch the defect.
  [passed_under_edit] retain-failed-tests-in-model-input/failed-tests-not-revisited-after-no-kill x tests/test_mutation_verdicts.py::TestTheRatingReadsBoth::test_a_predicted_kill_does_not_borrow_an_executed_survival_tier
    not asked: the test still passed when this defect was injected, and 3 other candidate test(s) failed under the same edit. The edit was not verified, so this is not evidence that the test fails to catch the defect.
  [passed_under_edit] retain-failed-tests-in-model-input/failed-tests-not-revisited-after-no-kill x tests/test_mutation_verdicts.py::TestTheRatingReadsBoth::test_a_review_with_no_execution_is_unchanged
    not asked: the test still passed when this defect was injected, and 3 other candidate test(s) failed under the same edit. The edit was not verified, so this is not evidence that the test fails to catch the defect.
  [passed_under_edit] retain-failed-tests-in-model-input/failed-tests-not-revisited-after-no-kill x tests/test_mutation_verdicts.py::TestTheRatingReadsBoth::test_an_executed_kill_counts_toward_coverage
    not asked: the test still passed when this defect was injected, and 3 other candidate test(s) failed under the same edit. The edit was not verified, so this is not evidence that the test fails to catch the defect.
  [passed_under_edit] retain-failed-tests-in-model-input/failed-tests-not-revisited-after-no-kill x tests/test_mutation_verdicts.py::TestTheRatingReadsBoth::test_an_executed_kill_is_not_dragged_down_by_a_predicted_verdict_on_the_same_defect
    not asked: the test still passed when this defect was injected, and 3 other candidate test(s) failed under the same edit. The edit was not verified, so this is not evidence that the test fails to catch the defect.
  [passed_under_edit] retain-failed-tests-in-model-input/failed-tests-not-revisited-after-no-kill x tests/test_mutation_verdicts.py::TestTheRatingReadsBoth::test_an_executed_kill_outranks_a_predicted_kill_on_the_same_defect
    not asked: the test still passed when this defect was injected, and 3 other candidate test(s) failed under the same edit. The edit was not verified, so this is not evidence that the test fails to catch the defect.
  [passed_under_edit] retain-failed-tests-in-model-input/failed-tests-not-revisited-after-no-kill x tests/test_mutation_verdicts.py::TestTheRatingReadsBoth::test_an_executed_survival_on_every_test_reaches_the_defect_killed_tier
    not asked: the test still passed when this defect was injected, and 3 other candidate test(s) failed under the same edit. The edit was not verified, so this is not evidence that the test fails to catch the defect.
  [passed_under_edit] retain-failed-tests-in-model-input/failed-tests-not-revisited-after-no-kill x tests/test_mutation_verdicts.py::TestTheRatingReadsBoth::test_an_uncovered_defect_is_only_as_known_as_its_weakest_verdict
    not asked: the test still passed when this defect was injected, and 3 other candidate test(s) failed under the same edit. The edit was not verified, so this is not evidence that the test fails to catch the defect.
  [passed_under_edit] retain-failed-tests-in-model-input/failed-tests-not-revisited-after-no-kill x tests/test_mutation_verdicts.py::TestTheRatingReadsBoth::test_one_predicted_defect_holds_the_criterion_at_static
    not asked: the test still passed when this defect was injected, and 3 other candidate test(s) failed under the same edit. The edit was not verified, so this is not evidence that the test fails to catch the defect.
  [passed_under_edit] retain-failed-tests-in-model-input/failed-tests-not-revisited-after-no-kill x tests/test_mutation_verdicts.py::TestVerdictsFrom::test_a_kill_records_the_red_test_as_killing
    not asked: the test still passed when this defect was injected, and 3 other candidate test(s) failed under the same edit. The edit was not verified, so this is not evidence that the test fails to catch the defect.
  [passed_under_edit] retain-failed-tests-in-model-input/failed-tests-not-revisited-after-no-kill x tests/test_mutation_verdicts.py::TestVerdictsFrom::test_a_survival_records_every_test_as_not_killing
    not asked: the test still passed when this defect was injected, and 3 other candidate test(s) failed under the same edit. The edit was not verified, so this is not evidence that the test fails to catch the defect.
  [passed_under_edit] retain-failed-tests-in-model-input/failed-tests-not-revisited-after-no-kill x tests/test_mutation_verdicts.py::TestVerdictsFrom::test_an_unsettled_attempt_produces_no_verdict
    not asked: the test still passed when this defect was injected, and 3 other candidate test(s) failed under the same edit. The edit was not verified, so this is not evidence that the test fails to catch the defect.
  [passed_under_edit] retain-failed-tests-in-model-input/failed-tests-not-revisited-after-no-kill x tests/test_mutation_verdicts.py::TestVerdictsFrom::test_every_test_the_mutant_ran_against_gets_a_verdict
    not asked: the test still passed when this defect was injected, and 3 other candidate test(s) failed under the same edit. The edit was not verified, so this is not evidence that the test fails to catch the defect.
  [passed_under_edit] retain-failed-tests-in-model-input/failed-tests-not-revisited-after-no-kill x tests/test_mutation_verdicts.py::TestVerdictsFrom::test_executed_verdicts_carry_the_defect_killed_tier
    not asked: the test still passed when this defect was injected, and 3 other candidate test(s) failed under the same edit. The edit was not verified, so this is not evidence that the test fails to catch the defect.
  [passed_under_edit] retain-failed-tests-in-model-input/failed-tests-not-revisited-after-no-kill x tests/test_mutation_verdicts.py::TestVerdictsFrom::test_no_carry_key_so_an_executed_verdict_is_never_carried_forward
    not asked: the test still passed when this defect was injected, and 3 other candidate test(s) failed under the same edit. The edit was not verified, so this is not evidence that the test fails to catch the defect.
  [passed_under_edit] retain-failed-tests-in-model-input/failed-tests-not-revisited-after-no-kill x tests/test_mutation_verdicts.py::TestVerdictsFrom::test_the_defect_text_is_carried_so_a_later_run_can_identify_it
    not asked: the test still passed when this defect was injected, and 3 other candidate test(s) failed under the same edit. The edit was not verified, so this is not evidence that the test fails to catch the defect.
  [passed_under_edit] retain-failed-tests-in-model-input/failed-tests-not-revisited-after-no-kill x tests/test_mutation_verdicts.py::TestVerdictsFrom::test_the_reason_says_the_answer_was_observed
    not asked: the test still passed when this defect was injected, and 3 other candidate test(s) failed under the same edit. The edit was not verified, so this is not evidence that the test fails to catch the defect.
  [passed_under_edit] retain-failed-tests-in-model-input/failed-tests-not-revisited-after-no-kill x tests/test_pair_routing.py::TestADroppedPairIsNotASurvival::test_a_prefiltered_pair_still_does_not
    not asked: the test still passed when this defect was injected, and 3 other candidate test(s) failed under the same edit. The edit was not verified, so this is not evidence that the test fails to catch the defect.
  [passed_under_edit] retain-failed-tests-in-model-input/failed-tests-not-revisited-after-no-kill x tests/test_pair_routing.py::TestADroppedPairIsNotASurvival::test_it_cannot_make_a_criterion_strongly_supported
    not asked: the test still passed when this defect was injected, and 3 other candidate test(s) failed under the same edit. The edit was not verified, so this is not evidence that the test fails to catch the defect.
  [passed_under_edit] retain-failed-tests-in-model-input/failed-tests-not-revisited-after-no-kill x tests/test_pair_routing.py::TestADroppedPairIsNotASurvival::test_it_contributes_no_verdict_and_no_test_link
    not asked: the test still passed when this defect was injected, and 3 other candidate test(s) failed under the same edit. The edit was not verified, so this is not evidence that the test fails to catch the defect.
  [passed_under_edit] retain-failed-tests-in-model-input/failed-tests-not-revisited-after-no-kill x tests/test_pair_routing.py::TestADroppedPairIsNotASurvival::test_it_raises_unknown_rather_than_reading_as_uncovered
    not asked: the test still passed when this defect was injected, and 3 other candidate test(s) failed under the same edit. The edit was not verified, so this is not evidence that the test fails to catch the defect.
  [passed_under_edit] retain-failed-tests-in-model-input/failed-tests-not-revisited-after-no-kill x tests/test_pair_routing.py::TestWhichPairsTheRunAnswers::test_a_settled_attempt_skips_nothing
    not asked: the test still passed when this defect was injected, and 3 other candidate test(s) failed under the same edit. The edit was not verified, so this is not evidence that the test fails to catch the defect.
  [passed_under_edit] retain-failed-tests-in-model-input/failed-tests-not-revisited-after-no-kill x tests/test_pair_routing.py::TestWhichPairsTheRunAnswers::test_a_survival_skips_nothing
    not asked: the test still passed when this defect was injected, and 3 other candidate test(s) failed under the same edit. The edit was not verified, so this is not evidence that the test fails to catch the defect.
  [passed_under_edit] retain-failed-tests-in-model-input/failed-tests-not-revisited-after-no-kill x tests/test_pair_routing.py::TestWhichPairsTheRunAnswers::test_a_test_that_failed_under_the_edit_is_still_asked
    not asked: the test still passed when this defect was injected, and 3 other candidate test(s) failed under the same edit. The edit was not verified, so this is not evidence that the test fails to catch the defect.
  [passed_under_edit] retain-failed-tests-in-model-input/failed-tests-not-revisited-after-no-kill x tests/test_pair_routing.py::TestWhichPairsTheRunAnswers::test_a_test_that_kept_passing_under_the_edit_is_not_asked
    not asked: the test still passed when this defect was injected, and 3 other candidate test(s) failed under the same edit. The edit was not verified, so this is not evidence that the test fails to catch the defect.
  [passed_under_edit] retain-failed-tests-in-model-input/failed-tests-not-revisited-after-no-kill x tests/test_pair_routing.py::TestWhichPairsTheRunAnswers::test_the_reason_says_the_edit_was_not_verified
    not asked: the test still passed when this defect was injected, and 3 other candidate test(s) failed under the same edit. The edit was not verified, so this is not evidence that the test fails to catch the defect.
  [passed_under_edit] retain-failed-tests-in-model-input/failed-tests-not-revisited-after-no-kill x tests/test_supplied_ids.py::test_a_clean_answer_records_nothing_and_keeps_its_negative_verdicts
    not asked: the test still passed when this defect was injected, and 3 other candidate test(s) failed under the same edit. The edit was not verified, so this is not evidence that the test fails to catch the defect.
  [passed_under_edit] retain-failed-tests-in-model-input/failed-tests-not-revisited-after-no-kill x tests/test_supplied_ids.py::test_a_foreign_defect_id_is_recorded_not_silently_dropped
    not asked: the test still passed when this defect was injected, and 3 other candidate test(s) failed under the same edit. The edit was not verified, so this is not evidence that the test fails to catch the defect.
  [passed_under_edit] retain-failed-tests-in-model-input/failed-tests-not-revisited-after-no-kill x tests/test_supplied_ids.py::test_the_schema_asked_for_differs_from_the_shape_parsed
    not asked: the test still passed when this defect was injected, and 3 other candidate test(s) failed under the same edit. The edit was not verified, so this is not evidence that the test fails to catch the defect.
  [passed_under_edit] retain-failed-tests-in-model-input/failed-tests-not-revisited-after-no-kill x tests/test_unverified_mutation_is_inert.py::TestNothingDerivesFromIt::test_no_test_is_credited_to_the_criterion
    not asked: the test still passed when this defect was injected, and 3 other candidate test(s) failed under the same edit. The edit was not verified, so this is not evidence that the test fails to catch the defect.
  [passed_under_edit] retain-failed-tests-in-model-input/failed-tests-not-revisited-after-no-kill x tests/test_unverified_mutation_is_inert.py::TestNothingDerivesFromIt::test_the_defect_still_reaches_the_static_judge
    not asked: the test still passed when this defect was injected, and 3 other candidate test(s) failed under the same edit. The edit was not verified, so this is not evidence that the test fails to catch the defect.
  [passed_under_edit] retain-failed-tests-in-model-input/failed-tests-not-revisited-after-no-kill x tests/test_unverified_mutation_is_inert.py::TestNothingDerivesFromIt::test_the_evidence_class_is_unchanged
    not asked: the test still passed when this defect was injected, and 3 other candidate test(s) failed under the same edit. The edit was not verified, so this is not evidence that the test fails to catch the defect.
  [passed_under_edit] retain-failed-tests-in-model-input/failed-tests-not-revisited-after-no-kill x tests/test_unverified_mutation_is_inert.py::TestNothingDerivesFromIt::test_the_rating_stays_at_the_static_tier
    not asked: the test still passed when this defect was injected, and 3 other candidate test(s) failed under the same edit. The edit was not verified, so this is not evidence that the test fails to catch the defect.
  [passed_under_edit] retain-failed-tests-in-model-input/failed-tests-not-revisited-after-no-kill x tests/test_unverified_mutation_is_inert.py::test_a_verified_attempt_does_contribute_verdicts
    not asked: the test still passed when this defect was injected, and 3 other candidate test(s) failed under the same edit. The edit was not verified, so this is not evidence that the test fails to catch the defect.
  [passed_under_edit] retain-failed-tests-in-model-input/failed-tests-not-revisited-after-no-kill x tests/test_unverified_mutation_is_inert.py::test_an_unverified_attempt_contributes_no_verdict
    not asked: the test still passed when this defect was injected, and 3 other candidate test(s) failed under the same edit. The edit was not verified, so this is not evidence that the test fails to catch the defect.
  [passed_under_edit] retain-failed-tests-in-model-input/failed-tests-not-revisited-after-no-kill x tests/test_verdict.py::test_a_tests_only_obligation_is_still_judged_on_its_test_evidence
    not asked: the test still passed when this defect was injected, and 3 other candidate test(s) failed under the same edit. The edit was not verified, so this is not evidence that the test fails to catch the defect.
  [passed_under_edit] run-guided-pair-selection/passed-under-edit-counted-as-unknown x tests/benchmark/test_corpus.py::test_every_case_is_traceable_to_the_judgement_it_came_from
    not asked: the test still passed when this defect was injected, and 2 other candidate test(s) failed under the same edit. The edit was not verified, so this is not evidence that the test fails to catch the defect.
  [passed_under_edit] run-guided-pair-selection/passed-under-edit-counted-as-unknown x tests/benchmark/test_coverage.py::test_cli_and_benchmark_share_one_pipeline
    not asked: the test still passed when this defect was injected, and 2 other candidate test(s) failed under the same edit. The edit was not verified, so this is not evidence that the test fails to catch the defect.
  [passed_under_edit] run-guided-pair-selection/passed-under-edit-counted-as-unknown x tests/benchmark/test_instability.py::test_a_caller_supplied_model_set_is_actually_measured
    not asked: the test still passed when this defect was injected, and 2 other candidate test(s) failed under the same edit. The edit was not verified, so this is not evidence that the test fails to catch the defect.
  [passed_under_edit] run-guided-pair-selection/passed-under-edit-counted-as-unknown x tests/benchmark/test_instability.py::test_a_flipped_evidence_class_is_content_and_never_shape
    not asked: the test still passed when this defect was injected, and 2 other candidate test(s) failed under the same edit. The edit was not verified, so this is not evidence that the test fails to catch the defect.
  [passed_under_edit] run-guided-pair-selection/passed-under-edit-counted-as-unknown x tests/benchmark/test_instability.py::test_a_flipped_pair_verdict_is_reported_per_pair
    not asked: the test still passed when this defect was injected, and 2 other candidate test(s) failed under the same edit. The edit was not verified, so this is not evidence that the test fails to catch the defect.
  [passed_under_edit] run-guided-pair-selection/passed-under-edit-counted-as-unknown x tests/benchmark/test_instability.py::test_a_lost_obligation_is_reported_as_a_content_difference
    not asked: the test still passed when this defect was injected, and 2 other candidate test(s) failed under the same edit. The edit was not verified, so this is not evidence that the test fails to catch the defect.
  [passed_under_edit] run-guided-pair-selection/passed-under-edit-counted-as-unknown x tests/benchmark/test_instability.py::test_a_model_that_cannot_make_up_its_mind_does_not_count_as_agreeing
    not asked: the test still passed when this defect was injected, and 2 other candidate test(s) failed under the same edit. The edit was not verified, so this is not evidence that the test fails to catch the defect.
  [passed_under_edit] run-guided-pair-selection/passed-under-edit-counted-as-unknown x tests/benchmark/test_instability.py::test_a_perturbation_run_is_included_when_one_is_supplied
    not asked: the test still passed when this defect was injected, and 2 other candidate test(s) failed under the same edit. The edit was not verified, so this is not evidence that the test fails to catch the defect.
  [passed_under_edit] run-guided-pair-selection/passed-under-edit-counted-as-unknown x tests/benchmark/test_instability.py::test_a_repartitioned_obligation_is_reported_as_a_shape_difference
    not asked: the test still passed when this defect was injected, and 2 other candidate test(s) failed under the same edit. The edit was not verified, so this is not evidence that the test fails to catch the defect.
  [passed_under_edit] run-guided-pair-selection/passed-under-edit-counted-as-unknown x tests/benchmark/test_instability.py::test_an_oscillating_open_question_is_a_content_difference
    not asked: the test still passed when this defect was injected, and 2 other candidate test(s) failed under the same edit. The edit was not verified, so this is not evidence that the test fails to catch the defect.
  [passed_under_edit] run-guided-pair-selection/passed-under-edit-counted-as-unknown x tests/benchmark/test_instability.py::test_an_unanswered_subject_counts_as_content_not_shape
    not asked: the test still passed when this defect was injected, and 2 other candidate test(s) failed under the same edit. The edit was not verified, so this is not evidence that the test fails to catch the defect.
  [passed_under_edit] run-guided-pair-selection/passed-under-edit-counted-as-unknown x tests/benchmark/test_instability.py::test_an_unmatched_statement_covered_by_nothing_is_a_content_difference
    not asked: the test still passed when this defect was injected, and 2 other candidate test(s) failed under the same edit. The edit was not verified, so this is not evidence that the test fails to catch the defect.
  [passed_under_edit] run-guided-pair-selection/passed-under-edit-counted-as-unknown x tests/benchmark/test_instability.py::test_an_unmatched_statement_covered_by_the_other_set_is_a_shape_difference
    not asked: the test still passed when this defect was injected, and 2 other candidate test(s) failed under the same edit. The edit was not verified, so this is not evidence that the test fails to catch the defect.
  [passed_under_edit] run-guided-pair-selection/passed-under-edit-counted-as-unknown x tests/benchmark/test_instability.py::test_content_and_shape_are_reported_as_separate_figures
    not asked: the test still passed when this defect was injected, and 2 other candidate test(s) failed under the same edit. The edit was not verified, so this is not evidence that the test fails to catch the defect.
  [passed_under_edit] run-guided-pair-selection/passed-under-edit-counted-as-unknown x tests/benchmark/test_instability.py::test_content_and_shape_counts_diverge_when_both_kinds_occur
    not asked: the test still passed when this defect was injected, and 2 other candidate test(s) failed under the same edit. The edit was not verified, so this is not evidence that the test fails to catch the defect.
  [passed_under_edit] run-guided-pair-selection/passed-under-edit-counted-as-unknown x tests/benchmark/test_instability.py::test_cross_model_agreement_covers_every_judgement_axis
    not asked: the test still passed when this defect was injected, and 2 other candidate test(s) failed under the same edit. The edit was not verified, so this is not evidence that the test fails to catch the defect.
  [passed_under_edit] run-guided-pair-selection/passed-under-edit-counted-as-unknown x tests/benchmark/test_instability.py::test_cross_model_agreement_is_none_with_a_single_model
    not asked: the test still passed when this defect was injected, and 2 other candidate test(s) failed under the same edit. The edit was not verified, so this is not evidence that the test fails to catch the defect.
  [passed_under_edit] run-guided-pair-selection/passed-under-edit-counted-as-unknown x tests/benchmark/test_instability.py::test_cross_model_agreement_is_reported_alongside_within_model_variance
    not asked: the test still passed when this defect was injected, and 2 other candidate test(s) failed under the same edit. The edit was not verified, so this is not evidence that the test fails to catch the defect.
  [passed_under_edit] run-guided-pair-selection/passed-under-edit-counted-as-unknown x tests/benchmark/test_instability.py::test_decomposition_variation_is_surfaced_and_not_only_evidence_variation
    not asked: the test still passed when this defect was injected, and 2 other candidate test(s) failed under the same edit. The edit was not verified, so this is not evidence that the test fails to catch the defect.
  [passed_under_edit] run-guided-pair-selection/passed-under-edit-counted-as-unknown x tests/benchmark/test_instability.py::test_evidence_class_distribution_counts_every_draw
    not asked: the test still passed when this defect was injected, and 2 other candidate test(s) failed under the same edit. The edit was not verified, so this is not evidence that the test fails to catch the defect.
  [passed_under_edit] run-guided-pair-selection/passed-under-edit-counted-as-unknown x tests/benchmark/test_instability.py::test_matching_ids_with_different_text_are_not_treated_as_the_same_obligation
    not asked: the test still passed when this defect was injected, and 2 other candidate test(s) failed under the same edit. The edit was not verified, so this is not evidence that the test fails to catch the defect.
  [passed_under_edit] run-guided-pair-selection/passed-under-edit-counted-as-unknown x tests/benchmark/test_instability.py::test_measure_instability_records_the_conditions_that_produced_it
    not asked: the test still passed when this defect was injected, and 2 other candidate test(s) failed under the same edit. The edit was not verified, so this is not evidence that the test fails to catch the defect.
  [passed_under_edit] run-guided-pair-selection/passed-under-edit-counted-as-unknown x tests/benchmark/test_instability.py::test_measure_instability_varies_the_seed_across_runs
    not asked: the test still passed when this defect was injected, and 2 other candidate test(s) failed under the same edit. The edit was not verified, so this is not evidence that the test fails to catch the defect.
  [passed_under_edit] run-guided-pair-selection/passed-under-edit-counted-as-unknown x tests/benchmark/test_instability.py::test_measuring_variance_requires_at_least_two_runs
    not asked: the test still passed when this defect was injected, and 2 other candidate test(s) failed under the same edit. The edit was not verified, so this is not evidence that the test fails to catch the defect.
  [passed_under_edit] run-guided-pair-selection/passed-under-edit-counted-as-unknown x tests/benchmark/test_instability.py::test_no_ci_workflow_invokes_the_instability_harness
    not asked: the test still passed when this defect was injected, and 2 other candidate test(s) failed under the same edit. The edit was not verified, so this is not evidence that the test fails to catch the defect.
  [passed_under_edit] run-guided-pair-selection/passed-under-edit-counted-as-unknown x tests/benchmark/test_instability.py::test_obligations_align_by_content_even_when_their_ids_differ
    not asked: the test still passed when this defect was injected, and 2 other candidate test(s) failed under the same edit. The edit was not verified, so this is not evidence that the test fails to catch the defect.
  [passed_under_edit] run-guided-pair-selection/passed-under-edit-counted-as-unknown x tests/benchmark/test_instability.py::test_observations_do_not_leak_between_clients
    not asked: the test still passed when this defect was injected, and 2 other candidate test(s) failed under the same edit. The edit was not verified, so this is not evidence that the test fails to catch the defect.
  [passed_under_edit] run-guided-pair-selection/passed-under-edit-counted-as-unknown x tests/benchmark/test_instability.py::test_omitted_parameters_fall_back_to_the_declared_defaults
    not asked: the test still passed when this defect was injected, and 2 other candidate test(s) failed under the same edit. The edit was not verified, so this is not evidence that the test fails to catch the defect.
  [passed_under_edit] run-guided-pair-selection/passed-under-edit-counted-as-unknown x tests/benchmark/test_instability.py::test_perturbation_sensitivity_is_a_proportion_of_watched_judgements
    not asked: the test still passed when this defect was injected, and 2 other candidate test(s) failed under the same edit. The edit was not verified, so this is not evidence that the test fails to catch the defect.
  [passed_under_edit] run-guided-pair-selection/passed-under-edit-counted-as-unknown x tests/benchmark/test_instability.py::test_perturbation_sensitivity_is_none_when_nothing_was_watched
    not asked: the test still passed when this defect was injected, and 2 other candidate test(s) failed under the same edit. The edit was not verified, so this is not evidence that the test fails to catch the defect.
  [passed_under_edit] run-guided-pair-selection/passed-under-edit-counted-as-unknown x tests/benchmark/test_instability.py::test_presence_rows_show_an_obligation_missing_from_some_runs
    not asked: the test still passed when this defect was injected, and 2 other candidate test(s) failed under the same edit. The edit was not verified, so this is not evidence that the test fails to catch the defect.
  [passed_under_edit] run-guided-pair-selection/passed-under-edit-counted-as-unknown x tests/benchmark/test_instability.py::test_run_once_drives_the_real_pipeline_and_snapshots_its_output
    not asked: the test still passed when this defect was injected, and 2 other candidate test(s) failed under the same edit. The edit was not verified, so this is not evidence that the test fails to catch the defect.
  [passed_under_edit] run-guided-pair-selection/passed-under-edit-counted-as-unknown x tests/benchmark/test_instability.py::test_runs_are_recorded_live_and_never_replayed
    not asked: the test still passed when this defect was injected, and 2 other candidate test(s) failed under the same edit. The edit was not verified, so this is not evidence that the test fails to catch the defect.
  [passed_under_edit] run-guided-pair-selection/passed-under-edit-counted-as-unknown x tests/benchmark/test_instability.py::test_seeds_are_derived_so_a_measurement_is_repeatable_from_its_provenance
    not asked: the test still passed when this defect was injected, and 2 other candidate test(s) failed under the same edit. The edit was not verified, so this is not evidence that the test fails to catch the defect.
  [passed_under_edit] run-guided-pair-selection/passed-under-edit-counted-as-unknown x tests/benchmark/test_instability.py::test_the_default_run_count_produces_three_runs_per_model
    not asked: the test still passed when this defect was injected, and 2 other candidate test(s) failed under the same edit. The edit was not verified, so this is not evidence that the test fails to catch the defect.
  [passed_under_edit] run-guided-pair-selection/passed-under-edit-counted-as-unknown x tests/benchmark/test_instability.py::test_the_default_run_is_one_model_and_three_runs
    not asked: the test still passed when this defect was injected, and 2 other candidate test(s) failed under the same edit. The edit was not verified, so this is not evidence that the test fails to catch the defect.
  [passed_under_edit] run-guided-pair-selection/passed-under-edit-counted-as-unknown x tests/benchmark/test_instability.py::test_the_harness_reports_variance_without_reducing_it
    not asked: the test still passed when this defect was injected, and 2 other candidate test(s) failed under the same edit. The edit was not verified, so this is not evidence that the test fails to catch the defect.
  [passed_under_edit] run-guided-pair-selection/passed-under-edit-counted-as-unknown x tests/benchmark/test_instability.py::test_the_harness_uses_the_benchmark_variance_path_and_not_a_second_one
    not asked: the test still passed when this defect was injected, and 2 other candidate test(s) failed under the same edit. The edit was not verified, so this is not evidence that the test fails to catch the defect.
  [passed_under_edit] run-guided-pair-selection/passed-under-edit-counted-as-unknown x tests/benchmark/test_instability.py::test_the_observing_client_does_not_change_what_the_pipeline_produces
    not asked: the test still passed when this defect was injected, and 2 other candidate test(s) failed under the same edit. The edit was not verified, so this is not evidence that the test fails to catch the defect.
  [passed_under_edit] run-guided-pair-selection/passed-under-edit-counted-as-unknown x tests/benchmark/test_instability.py::test_the_perturbation_adds_a_test_that_asserts_nothing_about_the_change
    not asked: the test still passed when this defect was injected, and 2 other candidate test(s) failed under the same edit. The edit was not verified, so this is not evidence that the test fails to catch the defect.
  [passed_under_edit] run-guided-pair-selection/passed-under-edit-counted-as-unknown x tests/benchmark/test_instability.py::test_the_perturbation_never_writes_into_the_repository_under_review
    not asked: the test still passed when this defect was injected, and 2 other candidate test(s) failed under the same edit. The edit was not verified, so this is not evidence that the test fails to catch the defect.
  [passed_under_edit] run-guided-pair-selection/passed-under-edit-counted-as-unknown x tests/benchmark/test_instability.py::test_the_report_carries_no_pass_fail_or_threshold_field
    not asked: the test still passed when this defect was injected, and 2 other candidate test(s) failed under the same edit. The edit was not verified, so this is not evidence that the test fails to catch the defect.
  [passed_under_edit] run-guided-pair-selection/passed-under-edit-counted-as-unknown x tests/benchmark/test_instability.py::test_the_three_movement_sources_are_reported_as_distinct_figures
    not asked: the test still passed when this defect was injected, and 2 other candidate test(s) failed under the same edit. The edit was not verified, so this is not evidence that the test fails to catch the defect.
  [passed_under_edit] run-guided-pair-selection/passed-under-edit-counted-as-unknown x tests/benchmark/test_instability.py::test_with_no_counterpart_set_at_all_everything_is_content
    not asked: the test still passed when this defect was injected, and 2 other candidate test(s) failed under the same edit. The edit was not verified, so this is not evidence that the test fails to catch the defect.
  [passed_under_edit] run-guided-pair-selection/passed-under-edit-counted-as-unknown x tests/benchmark/test_rating_regression.py::test_the_case_set_can_catch_a_judge_erring_either_way
    not asked: the test still passed when this defect was injected, and 2 other candidate test(s) failed under the same edit. The edit was not verified, so this is not evidence that the test fails to catch the defect.
  [passed_under_edit] run-guided-pair-selection/passed-under-edit-counted-as-unknown x tests/defects/test_pair_mapping.py::test_a_continued_run_carries_verdicts_through_the_ledger
    not asked: the test still passed when this defect was injected, and 2 other candidate test(s) failed under the same edit. The edit was not verified, so this is not evidence that the test fails to catch the defect.
  [passed_under_edit] run-guided-pair-selection/passed-under-edit-counted-as-unknown x tests/defects/test_pair_mapping.py::test_a_defect_whose_asked_pairs_yield_no_kill_has_its_skipped_pairs_judged
    not asked: the test still passed when this defect was injected, and 2 other candidate test(s) failed under the same edit. The edit was not verified, so this is not evidence that the test fails to catch the defect.
  [passed_under_edit] run-guided-pair-selection/passed-under-edit-counted-as-unknown x tests/defects/test_pair_mapping.py::test_a_failing_answer_with_no_reason_is_not_kept_as_a_verdict
    not asked: the test still passed when this defect was injected, and 2 other candidate test(s) failed under the same edit. The edit was not verified, so this is not evidence that the test fails to catch the defect.
  [passed_under_edit] run-guided-pair-selection/passed-under-edit-counted-as-unknown x tests/defects/test_pair_mapping.py::test_a_kill_on_an_asked_pair_keeps_the_saving
    not asked: the test still passed when this defect was injected, and 2 other candidate test(s) failed under the same edit. The edit was not verified, so this is not evidence that the test fails to catch the defect.
  [passed_under_edit] run-guided-pair-selection/passed-under-edit-counted-as-unknown x tests/defects/test_pair_mapping.py::test_a_pair_the_judge_never_answers_is_recorded_not_read_as_surviving
    not asked: the test still passed when this defect was injected, and 2 other candidate test(s) failed under the same edit. The edit was not verified, so this is not evidence that the test fails to catch the defect.
  [passed_under_edit] run-guided-pair-selection/passed-under-edit-counted-as-unknown x tests/defects/test_pair_mapping.py::test_a_ragged_pair_set_is_still_split_into_rectangles
    not asked: the test still passed when this defect was injected, and 2 other candidate test(s) failed under the same edit. The edit was not verified, so this is not evidence that the test fails to catch the defect.
  [passed_under_edit] run-guided-pair-selection/passed-under-edit-counted-as-unknown x tests/defects/test_pair_mapping.py::test_a_skipped_pair_comes_back_unjudged_with_its_reason
    not asked: the test still passed when this defect was injected, and 2 other candidate test(s) failed under the same edit. The edit was not verified, so this is not evidence that the test fails to catch the defect.
  [passed_under_edit] run-guided-pair-selection/passed-under-edit-counted-as-unknown x tests/defects/test_pair_mapping.py::test_a_skipped_pair_is_never_offered_to_the_model
    not asked: the test still passed when this defect was injected, and 2 other candidate test(s) failed under the same edit. The edit was not verified, so this is not evidence that the test fails to catch the defect.
  [passed_under_edit] run-guided-pair-selection/passed-under-edit-counted-as-unknown x tests/defects/test_pair_mapping.py::test_a_surviving_answer_carrying_a_reason_is_not_kept_as_a_verdict
    not asked: the test still passed when this defect was injected, and 2 other candidate test(s) failed under the same edit. The edit was not verified, so this is not evidence that the test fails to catch the defect.
  [passed_under_edit] run-guided-pair-selection/passed-under-edit-counted-as-unknown x tests/defects/test_pair_mapping.py::test_a_surviving_answer_carrying_an_empty_reason_is_still_a_verdict
    not asked: the test still passed when this defect was injected, and 2 other candidate test(s) failed under the same edit. The edit was not verified, so this is not evidence that the test fails to catch the defect.
  [passed_under_edit] run-guided-pair-selection/passed-under-edit-counted-as-unknown x tests/defects/test_pair_mapping.py::test_a_surviving_pair_is_stored_without_a_reason
    not asked: the test still passed when this defect was injected, and 2 other candidate test(s) failed under the same edit. The edit was not verified, so this is not evidence that the test fails to catch the defect.
  [passed_under_edit] run-guided-pair-selection/passed-under-edit-counted-as-unknown x tests/defects/test_pair_mapping.py::test_a_verdict_is_produced_again_when_its_defect_changed
    not asked: the test still passed when this defect was injected, and 2 other candidate test(s) failed under the same edit. The edit was not verified, so this is not evidence that the test fails to catch the defect.
  [passed_under_edit] run-guided-pair-selection/passed-under-edit-counted-as-unknown x tests/defects/test_pair_mapping.py::test_a_verdict_is_produced_again_when_the_tests_source_changed
    not asked: the test still passed when this defect was injected, and 2 other candidate test(s) failed under the same edit. The edit was not verified, so this is not evidence that the test fails to catch the defect.
  [passed_under_edit] run-guided-pair-selection/passed-under-edit-counted-as-unknown x tests/defects/test_pair_mapping.py::test_a_verdict_is_reused_when_its_defect_and_its_test_are_both_unchanged
    not asked: the test still passed when this defect was injected, and 2 other candidate test(s) failed under the same edit. The edit was not verified, so this is not evidence that the test fails to catch the defect.
  [passed_under_edit] run-guided-pair-selection/passed-under-edit-counted-as-unknown x tests/defects/test_pair_mapping.py::test_adding_one_test_judges_only_that_tests_pairs
    not asked: the test still passed when this defect was injected, and 2 other candidate test(s) failed under the same edit. The edit was not verified, so this is not evidence that the test fails to catch the defect.
  [passed_under_edit] run-guided-pair-selection/passed-under-edit-counted-as-unknown x tests/defects/test_pair_mapping.py::test_changing_how_many_tests_share_a_call_invalidates_the_transcripts
    not asked: the test still passed when this defect was injected, and 2 other candidate test(s) failed under the same edit. The edit was not verified, so this is not evidence that the test fails to catch the defect.
  [passed_under_edit] run-guided-pair-selection/passed-under-edit-counted-as-unknown x tests/defects/test_pair_mapping.py::test_defect_text_ignores_the_defect_id
    not asked: the test still passed when this defect was injected, and 2 other candidate test(s) failed under the same edit. The edit was not verified, so this is not evidence that the test fails to catch the defect.
  [passed_under_edit] run-guided-pair-selection/passed-under-edit-counted-as-unknown x tests/defects/test_pair_mapping.py::test_every_offered_pair_comes_back_with_a_verdict
    not asked: the test still passed when this defect was injected, and 2 other candidate test(s) failed under the same edit. The edit was not verified, so this is not evidence that the test fails to catch the defect.
  [passed_under_edit] run-guided-pair-selection/passed-under-edit-counted-as-unknown x tests/defects/test_pair_mapping.py::test_every_request_is_a_full_rectangle
    not asked: the test still passed when this defect was injected, and 2 other candidate test(s) failed under the same edit. The edit was not verified, so this is not evidence that the test fails to catch the defect.
  [passed_under_edit] run-guided-pair-selection/passed-under-edit-counted-as-unknown x tests/defects/test_pair_mapping.py::test_no_request_carries_more_judgements_than_the_limit
    not asked: the test still passed when this defect was injected, and 2 other candidate test(s) failed under the same edit. The edit was not verified, so this is not evidence that the test fails to catch the defect.
  [passed_under_edit] run-guided-pair-selection/passed-under-edit-counted-as-unknown x tests/defects/test_pair_mapping.py::test_one_misshapen_answer_does_not_discard_the_rest_of_its_batch
    not asked: the test still passed when this defect was injected, and 2 other candidate test(s) failed under the same edit. The edit was not verified, so this is not evidence that the test fails to catch the defect.
  [passed_under_edit] run-guided-pair-selection/passed-under-edit-counted-as-unknown x tests/defects/test_pair_mapping.py::test_routing_off_asks_about_everything
    not asked: the test still passed when this defect was injected, and 2 other candidate test(s) failed under the same edit. The edit was not verified, so this is not evidence that the test fails to catch the defect.
  [passed_under_edit] run-guided-pair-selection/passed-under-edit-counted-as-unknown x tests/defects/test_pair_mapping.py::test_the_answer_about_a_pair_carries_a_reason_only_where_the_test_would_fail
    not asked: the test still passed when this defect was injected, and 2 other candidate test(s) failed under the same edit. The edit was not verified, so this is not evidence that the test fails to catch the defect.
  [passed_under_edit] run-guided-pair-selection/passed-under-edit-counted-as-unknown x tests/defects/test_pair_mapping.py::test_the_defect_list_sits_in_the_shared_prefix_of_every_call
    not asked: the test still passed when this defect was injected, and 2 other candidate test(s) failed under the same edit. The edit was not verified, so this is not evidence that the test fails to catch the defect.
  [passed_under_edit] run-guided-pair-selection/passed-under-edit-counted-as-unknown x tests/defects/test_pair_mapping.py::test_the_digest_is_per_test_not_per_file
    not asked: the test still passed when this defect was injected, and 2 other candidate test(s) failed under the same edit. The edit was not verified, so this is not evidence that the test fails to catch the defect.
  [passed_under_edit] run-guided-pair-selection/passed-under-edit-counted-as-unknown x tests/defects/test_pair_mapping.py::test_the_prefilter_keeps_its_own_cause
    not asked: the test still passed when this defect was injected, and 2 other candidate test(s) failed under the same edit. The edit was not verified, so this is not evidence that the test fails to catch the defect.
  [passed_under_edit] run-guided-pair-selection/passed-under-edit-counted-as-unknown x tests/defects/test_pair_mapping.py::test_the_question_put_about_a_pair_is_the_failure_question
    not asked: the test still passed when this defect was injected, and 2 other candidate test(s) failed under the same edit. The edit was not verified, so this is not evidence that the test fails to catch the defect.
  [passed_under_edit] run-guided-pair-selection/passed-under-edit-counted-as-unknown x tests/defects/test_pair_mapping.py::test_the_second_pass_happens_before_the_result_is_returned
    not asked: the test still passed when this defect was injected, and 2 other candidate test(s) failed under the same edit. The edit was not verified, so this is not evidence that the test fails to catch the defect.
  [passed_under_edit] run-guided-pair-selection/passed-under-edit-counted-as-unknown x tests/defects/test_pair_mapping.py::test_the_stage_is_byte_identical_when_its_calls_finish_out_of_order
    not asked: the test still passed when this defect was injected, and 2 other candidate test(s) failed under the same edit. The edit was not verified, so this is not evidence that the test fails to catch the defect.
  [passed_under_edit] run-guided-pair-selection/passed-under-edit-counted-as-unknown x tests/defects/test_pair_mapping.py::test_which_pairs_share_a_request_does_not_change_what_carries
    not asked: the test still passed when this defect was injected, and 2 other candidate test(s) failed under the same edit. The edit was not verified, so this is not evidence that the test fails to catch the defect.
  [passed_under_edit] run-guided-pair-selection/passed-under-edit-counted-as-unknown x tests/defects/test_reachability.py::test_excludes_and_records_the_one_provable_shape
    not asked: the test still passed when this defect was injected, and 2 other candidate test(s) failed under the same edit. The edit was not verified, so this is not evidence that the test fails to catch the defect.
  [passed_under_edit] run-guided-pair-selection/passed-under-edit-counted-as-unknown x tests/defects/test_reachability.py::test_judges_a_test_that_names_something_the_defects_file_defines
    not asked: the test still passed when this defect was injected, and 2 other candidate test(s) failed under the same edit. The edit was not verified, so this is not evidence that the test fails to catch the defect.
  [passed_under_edit] run-guided-pair-selection/passed-under-edit-counted-as-unknown x tests/defects/test_reachability.py::test_judges_a_test_that_reaches_the_defect_through_a_helper_module
    not asked: the test still passed when this defect was injected, and 2 other candidate test(s) failed under the same edit. The edit was not verified, so this is not evidence that the test fails to catch the defect.
  [passed_under_edit] run-guided-pair-selection/passed-under-edit-counted-as-unknown x tests/defects/test_reachability.py::test_judges_a_test_that_takes_a_fixture
    not asked: the test still passed when this defect was injected, and 2 other candidate test(s) failed under the same edit. The edit was not verified, so this is not evidence that the test fails to catch the defect.
  [passed_under_edit] run-guided-pair-selection/passed-under-edit-counted-as-unknown x tests/defects/test_reachability.py::test_judges_when_the_defect_implicates_no_file
    not asked: the test still passed when this defect was injected, and 2 other candidate test(s) failed under the same edit. The edit was not verified, so this is not evidence that the test fails to catch the defect.
  [passed_under_edit] run-guided-pair-selection/passed-under-edit-counted-as-unknown x tests/defects/test_reachability.py::test_judges_when_the_module_imports_dynamically
    not asked: the test still passed when this defect was injected, and 2 other candidate test(s) failed under the same edit. The edit was not verified, so this is not evidence that the test fails to catch the defect.
  [passed_under_edit] run-guided-pair-selection/passed-under-edit-counted-as-unknown x tests/defects/test_reachability.py::test_judges_when_the_module_imports_relatively
    not asked: the test still passed when this defect was injected, and 2 other candidate test(s) failed under the same edit. The edit was not verified, so this is not evidence that the test fails to catch the defect.
  [passed_under_edit] run-guided-pair-selection/passed-under-edit-counted-as-unknown x tests/defects/test_support.py::test_a_criterion_whose_only_evidence_is_unjudged_is_indeterminate_not_nominal
    not asked: the test still passed when this defect was injected, and 2 other candidate test(s) failed under the same edit. The edit was not verified, so this is not evidence that the test fails to catch the defect.
  [passed_under_edit] run-guided-pair-selection/passed-under-edit-counted-as-unknown x tests/defects/test_support.py::test_a_criterion_whose_pairs_were_offered_and_unanswered_is_indeterminate
    not asked: the test still passed when this defect was injected, and 2 other candidate test(s) failed under the same edit. The edit was not verified, so this is not evidence that the test fails to catch the defect.
  [passed_under_edit] run-guided-pair-selection/passed-under-edit-counted-as-unknown x tests/defects/test_support.py::test_a_fully_judged_criterion_takes_the_class_its_kill_count_implies
    not asked: the test still passed when this defect was injected, and 2 other candidate test(s) failed under the same edit. The edit was not verified, so this is not evidence that the test fails to catch the defect.
  [passed_under_edit] run-guided-pair-selection/passed-under-edit-counted-as-unknown x tests/defects/test_support.py::test_a_prefilter_exclusion_counts_as_a_surviving_pair_not_an_unknown_one
    not asked: the test still passed when this defect was injected, and 2 other candidate test(s) failed under the same edit. The edit was not verified, so this is not evidence that the test fails to catch the defect.
  [passed_under_edit] run-guided-pair-selection/passed-under-edit-counted-as-unknown x tests/defects/test_support.py::test_an_unjudged_defect_never_reads_as_a_surviving_one
    not asked: the test still passed when this defect was injected, and 2 other candidate test(s) failed under the same edit. The edit was not verified, so this is not evidence that the test fails to catch the defect.
  [passed_under_edit] run-guided-pair-selection/passed-under-edit-counted-as-unknown x tests/defects/test_support.py::test_an_unjudged_defect_stops_a_criterion_reaching_strongly_supported
    not asked: the test still passed when this defect was injected, and 2 other candidate test(s) failed under the same edit. The edit was not verified, so this is not evidence that the test fails to catch the defect.
  [passed_under_edit] run-guided-pair-selection/passed-under-edit-counted-as-unknown x tests/defects/test_support.py::test_test_links_carry_only_the_tests_judged_to_fail_on_a_defect
    not asked: the test still passed when this defect was injected, and 2 other candidate test(s) failed under the same edit. The edit was not verified, so this is not evidence that the test fails to catch the defect.
  [passed_under_edit] run-guided-pair-selection/passed-under-edit-counted-as-unknown x tests/defects/test_support.py::test_the_derivation_makes_no_model_call_and_repeats_exactly
    not asked: the test still passed when this defect was injected, and 2 other candidate test(s) failed under the same edit. The edit was not verified, so this is not evidence that the test fails to catch the defect.
  [passed_under_edit] run-guided-pair-selection/passed-under-edit-counted-as-unknown x tests/fixtures/archetypes/08-unrequested-change-separable/head/test_report.py::test_low_stock_report_filters_by_threshold
    not asked: the test still passed when this defect was injected, and 2 other candidate test(s) failed under the same edit. The edit was not verified, so this is not evidence that the test fails to catch the defect.
  [passed_under_edit] run-guided-pair-selection/passed-under-edit-counted-as-unknown x tests/requirement/test_carry_forward.py::test_the_review_pipeline_carries_forward_and_hands_back_what_it_derived
    not asked: the test still passed when this defect was injected, and 2 other candidate test(s) failed under the same edit. The edit was not verified, so this is not evidence that the test fails to catch the defect.
  [passed_under_edit] run-guided-pair-selection/passed-under-edit-counted-as-unknown x tests/requirement/test_carry_forward.py::test_the_review_pipeline_leaves_no_ledger_behind_when_given_no_sink
    not asked: the test still passed when this defect was injected, and 2 other candidate test(s) failed under the same edit. The edit was not verified, so this is not evidence that the test fails to catch the defect.
  [passed_under_edit] run-guided-pair-selection/passed-under-edit-counted-as-unknown x tests/test_cli_execution.py::TestTheSettingsArrive::test_the_pipeline_is_given_settings_to_decide_with
    not asked: the test still passed when this defect was injected, and 2 other candidate test(s) failed under the same edit. The edit was not verified, so this is not evidence that the test fails to catch the defect.
  [passed_under_edit] run-guided-pair-selection/passed-under-edit-counted-as-unknown x tests/test_execution_decision.py::TestTheDecisionIsAlwaysExplained::test_every_outcome_carries_a_reason
    not asked: the test still passed when this defect was injected, and 2 other candidate test(s) failed under the same edit. The edit was not verified, so this is not evidence that the test fails to catch the defect.
  [passed_under_edit] run-guided-pair-selection/passed-under-edit-counted-as-unknown x tests/test_execution_decision.py::TestWhenItDeclines::test_no_defect_can_be_edited
    not asked: the test still passed when this defect was injected, and 2 other candidate test(s) failed under the same edit. The edit was not verified, so this is not evidence that the test fails to catch the defect.
  [passed_under_edit] run-guided-pair-selection/passed-under-edit-counted-as-unknown x tests/test_execution_decision.py::TestWhenItDeclines::test_no_settings_at_all_is_not_a_run
    not asked: the test still passed when this defect was injected, and 2 other candidate test(s) failed under the same edit. The edit was not verified, so this is not evidence that the test fails to catch the defect.
  [passed_under_edit] run-guided-pair-selection/passed-under-edit-counted-as-unknown x tests/test_execution_decision.py::TestWhenItDeclines::test_nothing_would_consume_the_result
    not asked: the test still passed when this defect was injected, and 2 other candidate test(s) failed under the same edit. The edit was not verified, so this is not evidence that the test fails to catch the defect.
  [passed_under_edit] run-guided-pair-selection/passed-under-edit-counted-as-unknown x tests/test_execution_decision.py::TestWhenItRuns::test_a_result_could_count_and_there_is_something_to_inject
    not asked: the test still passed when this defect was injected, and 2 other candidate test(s) failed under the same edit. The edit was not verified, so this is not evidence that the test fails to catch the defect.
  [passed_under_edit] run-guided-pair-selection/passed-under-edit-counted-as-unknown x tests/test_execution_decision.py::TestWhenItRuns::test_routing_alone_is_enough
    not asked: the test still passed when this defect was injected, and 2 other candidate test(s) failed under the same edit. The edit was not verified, so this is not evidence that the test fails to catch the defect.
  [passed_under_edit] run-guided-pair-selection/passed-under-edit-counted-as-unknown x tests/test_execution_decision.py::TestWhenItRuns::test_the_reason_does_not_promise_evidence_routing_cannot_give
    not asked: the test still passed when this defect was injected, and 2 other candidate test(s) failed under the same edit. The edit was not verified, so this is not evidence that the test fails to catch the defect.
  [passed_under_edit] run-guided-pair-selection/passed-under-edit-counted-as-unknown x tests/test_execution_decision.py::TestWhenItRuns::test_the_reason_says_what_made_it_worth_doing
    not asked: the test still passed when this defect was injected, and 2 other candidate test(s) failed under the same edit. The edit was not verified, so this is not evidence that the test fails to catch the defect.
  [passed_under_edit] run-guided-pair-selection/passed-under-edit-counted-as-unknown x tests/test_mandate_coverage.py::test_a_decline_is_not_re_judged_even_when_the_text_reads_like_a_requirement
    not asked: the test still passed when this defect was injected, and 2 other candidate test(s) failed under the same edit. The edit was not verified, so this is not evidence that the test fails to catch the defect.
  [passed_under_edit] run-guided-pair-selection/passed-under-edit-counted-as-unknown x tests/test_mandate_coverage.py::test_a_requirement_whose_question_the_diff_resolved_counts_as_judged
    not asked: the test still passed when this defect was injected, and 2 other candidate test(s) failed under the same edit. The edit was not verified, so this is not evidence that the test fails to catch the defect.
  [passed_under_edit] run-guided-pair-selection/passed-under-edit-counted-as-unknown x tests/test_mutation_archetype_acceptance.py::TestRoutingChangesNothingHereButTheCost::test_a_survivor_holds_nothing_back_even_with_a_passing_test
    not asked: the test still passed when this defect was injected, and 2 other candidate test(s) failed under the same edit. The edit was not verified, so this is not evidence that the test fails to catch the defect.
  [passed_under_edit] run-guided-pair-selection/passed-under-edit-counted-as-unknown x tests/test_mutation_archetype_acceptance.py::TestRoutingChangesNothingHereButTheCost::test_routing_holds_nothing_back_on_this_fixture
    not asked: the test still passed when this defect was injected, and 2 other candidate test(s) failed under the same edit. The edit was not verified, so this is not evidence that the test fails to catch the defect.
  [passed_under_edit] run-guided-pair-selection/passed-under-edit-counted-as-unknown x tests/test_mutation_archetype_acceptance.py::TestRoutingChangesNothingHereButTheCost::test_the_labelled_kill_is_untouched
    not asked: the test still passed when this defect was injected, and 2 other candidate test(s) failed under the same edit. The edit was not verified, so this is not evidence that the test fails to catch the defect.
  [passed_under_edit] run-guided-pair-selection/passed-under-edit-counted-as-unknown x tests/test_mutation_archetype_acceptance.py::TestTheGroundTruthIsReproduced::test_every_attempt_was_observed_by_execution
    not asked: the test still passed when this defect was injected, and 2 other candidate test(s) failed under the same edit. The edit was not verified, so this is not evidence that the test fails to catch the defect.
  [passed_under_edit] run-guided-pair-selection/passed-under-edit-counted-as-unknown x tests/test_mutation_archetype_acceptance.py::TestTheGroundTruthIsReproduced::test_every_labelled_defect_got_an_attempt
    not asked: the test still passed when this defect was injected, and 2 other candidate test(s) failed under the same edit. The edit was not verified, so this is not evidence that the test fails to catch the defect.
  [passed_under_edit] run-guided-pair-selection/passed-under-edit-counted-as-unknown x tests/test_mutation_archetype_acceptance.py::TestTheGroundTruthIsReproduced::test_the_killing_tests_match_the_labels
    not asked: the test still passed when this defect was injected, and 2 other candidate test(s) failed under the same edit. The edit was not verified, so this is not evidence that the test fails to catch the defect.
  [passed_under_edit] run-guided-pair-selection/passed-under-edit-counted-as-unknown x tests/test_mutation_archetype_acceptance.py::TestTheUpgradeThisMilestoneExistsFor::test_a_defect_the_test_cannot_catch_is_observed_to_survive
    not asked: the test still passed when this defect was injected, and 2 other candidate test(s) failed under the same edit. The edit was not verified, so this is not evidence that the test fails to catch the defect.
  [passed_under_edit] run-guided-pair-selection/passed-under-edit-counted-as-unknown x tests/test_mutation_archetype_acceptance.py::TestTheUpgradeThisMilestoneExistsFor::test_the_defect_the_test_can_catch_is_observed_to_die
    not asked: the test still passed when this defect was injected, and 2 other candidate test(s) failed under the same edit. The edit was not verified, so this is not evidence that the test fails to catch the defect.
  [passed_under_edit] run-guided-pair-selection/passed-under-edit-counted-as-unknown x tests/test_mutation_archetype_acceptance.py::TestTheUpgradeThisMilestoneExistsFor::test_the_injected_edit_is_recorded_for_each
    not asked: the test still passed when this defect was injected, and 2 other candidate test(s) failed under the same edit. The edit was not verified, so this is not evidence that the test fails to catch the defect.
  [passed_under_edit] run-guided-pair-selection/passed-under-edit-counted-as-unknown x tests/test_mutation_archetype_acceptance.py::TestTheUpgradeThisMilestoneExistsFor::test_the_verdicts_reach_the_executed_tier_once_the_edits_are_verified
    not asked: the test still passed when this defect was injected, and 2 other candidate test(s) failed under the same edit. The edit was not verified, so this is not evidence that the test fails to catch the defect.
  [passed_under_edit] run-guided-pair-selection/passed-under-edit-counted-as-unknown x tests/test_mutation_archetype_acceptance.py::TestTheUpgradeThisMilestoneExistsFor::test_without_verification_nothing_reaches_the_executed_tier
    not asked: the test still passed when this defect was injected, and 2 other candidate test(s) failed under the same edit. The edit was not verified, so this is not evidence that the test fails to catch the defect.
  [passed_under_edit] run-guided-pair-selection/passed-under-edit-counted-as-unknown x tests/test_mutation_verdicts.py::TestAnUnverifiedEditCountsForNothing::test_an_unverified_kill_produces_no_verdict
    not asked: the test still passed when this defect was injected, and 2 other candidate test(s) failed under the same edit. The edit was not verified, so this is not evidence that the test fails to catch the defect.
  [passed_under_edit] run-guided-pair-selection/passed-under-edit-counted-as-unknown x tests/test_mutation_verdicts.py::TestAnUnverifiedEditCountsForNothing::test_an_unverified_survival_produces_no_verdict
    not asked: the test still passed when this defect was injected, and 2 other candidate test(s) failed under the same edit. The edit was not verified, so this is not evidence that the test fails to catch the defect.
  [passed_under_edit] run-guided-pair-selection/passed-under-edit-counted-as-unknown x tests/test_mutation_verdicts.py::TestAnUnverifiedEditCountsForNothing::test_its_defect_still_goes_to_the_static_judge
    not asked: the test still passed when this defect was injected, and 2 other candidate test(s) failed under the same edit. The edit was not verified, so this is not evidence that the test fails to catch the defect.
  [passed_under_edit] run-guided-pair-selection/passed-under-edit-counted-as-unknown x tests/test_mutation_verdicts.py::TestAnUnverifiedEditCountsForNothing::test_the_criterion_it_belongs_to_stays_static
    not asked: the test still passed when this defect was injected, and 2 other candidate test(s) failed under the same edit. The edit was not verified, so this is not evidence that the test fails to catch the defect.
  [passed_under_edit] run-guided-pair-selection/passed-under-edit-counted-as-unknown x tests/test_mutation_verdicts.py::TestTheRatingReadsBoth::test_a_defect_with_no_verdict_at_all_holds_it_at_static
    not asked: the test still passed when this defect was injected, and 2 other candidate test(s) failed under the same edit. The edit was not verified, so this is not evidence that the test fails to catch the defect.
  [passed_under_edit] run-guided-pair-selection/passed-under-edit-counted-as-unknown x tests/test_mutation_verdicts.py::TestTheRatingReadsBoth::test_a_fully_executed_criterion_reaches_the_defect_killed_tier
    not asked: the test still passed when this defect was injected, and 2 other candidate test(s) failed under the same edit. The edit was not verified, so this is not evidence that the test fails to catch the defect.
  [passed_under_edit] run-guided-pair-selection/passed-under-edit-counted-as-unknown x tests/test_mutation_verdicts.py::TestTheRatingReadsBoth::test_a_predicted_kill_does_not_borrow_an_executed_survival_tier
    not asked: the test still passed when this defect was injected, and 2 other candidate test(s) failed under the same edit. The edit was not verified, so this is not evidence that the test fails to catch the defect.
  [passed_under_edit] run-guided-pair-selection/passed-under-edit-counted-as-unknown x tests/test_mutation_verdicts.py::TestTheRatingReadsBoth::test_a_review_with_no_execution_is_unchanged
    not asked: the test still passed when this defect was injected, and 2 other candidate test(s) failed under the same edit. The edit was not verified, so this is not evidence that the test fails to catch the defect.
  [passed_under_edit] run-guided-pair-selection/passed-under-edit-counted-as-unknown x tests/test_mutation_verdicts.py::TestTheRatingReadsBoth::test_an_executed_kill_counts_toward_coverage
    not asked: the test still passed when this defect was injected, and 2 other candidate test(s) failed under the same edit. The edit was not verified, so this is not evidence that the test fails to catch the defect.
  [passed_under_edit] run-guided-pair-selection/passed-under-edit-counted-as-unknown x tests/test_mutation_verdicts.py::TestTheRatingReadsBoth::test_an_executed_kill_is_not_dragged_down_by_a_predicted_verdict_on_the_same_defect
    not asked: the test still passed when this defect was injected, and 2 other candidate test(s) failed under the same edit. The edit was not verified, so this is not evidence that the test fails to catch the defect.
  [passed_under_edit] run-guided-pair-selection/passed-under-edit-counted-as-unknown x tests/test_mutation_verdicts.py::TestTheRatingReadsBoth::test_an_executed_kill_outranks_a_predicted_kill_on_the_same_defect
    not asked: the test still passed when this defect was injected, and 2 other candidate test(s) failed under the same edit. The edit was not verified, so this is not evidence that the test fails to catch the defect.
  [passed_under_edit] run-guided-pair-selection/passed-under-edit-counted-as-unknown x tests/test_mutation_verdicts.py::TestTheRatingReadsBoth::test_an_executed_survival_on_every_test_reaches_the_defect_killed_tier
    not asked: the test still passed when this defect was injected, and 2 other candidate test(s) failed under the same edit. The edit was not verified, so this is not evidence that the test fails to catch the defect.
  [passed_under_edit] run-guided-pair-selection/passed-under-edit-counted-as-unknown x tests/test_mutation_verdicts.py::TestTheRatingReadsBoth::test_an_uncovered_defect_is_only_as_known_as_its_weakest_verdict
    not asked: the test still passed when this defect was injected, and 2 other candidate test(s) failed under the same edit. The edit was not verified, so this is not evidence that the test fails to catch the defect.
  [passed_under_edit] run-guided-pair-selection/passed-under-edit-counted-as-unknown x tests/test_mutation_verdicts.py::TestTheRatingReadsBoth::test_one_predicted_defect_holds_the_criterion_at_static
    not asked: the test still passed when this defect was injected, and 2 other candidate test(s) failed under the same edit. The edit was not verified, so this is not evidence that the test fails to catch the defect.
  [passed_under_edit] run-guided-pair-selection/passed-under-edit-counted-as-unknown x tests/test_mutation_verdicts.py::TestVerdictsFrom::test_a_kill_records_the_red_test_as_killing
    not asked: the test still passed when this defect was injected, and 2 other candidate test(s) failed under the same edit. The edit was not verified, so this is not evidence that the test fails to catch the defect.
  [passed_under_edit] run-guided-pair-selection/passed-under-edit-counted-as-unknown x tests/test_mutation_verdicts.py::TestVerdictsFrom::test_a_survival_records_every_test_as_not_killing
    not asked: the test still passed when this defect was injected, and 2 other candidate test(s) failed under the same edit. The edit was not verified, so this is not evidence that the test fails to catch the defect.
  [passed_under_edit] run-guided-pair-selection/passed-under-edit-counted-as-unknown x tests/test_mutation_verdicts.py::TestVerdictsFrom::test_an_unsettled_attempt_produces_no_verdict
    not asked: the test still passed when this defect was injected, and 2 other candidate test(s) failed under the same edit. The edit was not verified, so this is not evidence that the test fails to catch the defect.
  [passed_under_edit] run-guided-pair-selection/passed-under-edit-counted-as-unknown x tests/test_mutation_verdicts.py::TestVerdictsFrom::test_every_test_the_mutant_ran_against_gets_a_verdict
    not asked: the test still passed when this defect was injected, and 2 other candidate test(s) failed under the same edit. The edit was not verified, so this is not evidence that the test fails to catch the defect.
  [passed_under_edit] run-guided-pair-selection/passed-under-edit-counted-as-unknown x tests/test_mutation_verdicts.py::TestVerdictsFrom::test_executed_verdicts_carry_the_defect_killed_tier
    not asked: the test still passed when this defect was injected, and 2 other candidate test(s) failed under the same edit. The edit was not verified, so this is not evidence that the test fails to catch the defect.
  [passed_under_edit] run-guided-pair-selection/passed-under-edit-counted-as-unknown x tests/test_mutation_verdicts.py::TestVerdictsFrom::test_no_carry_key_so_an_executed_verdict_is_never_carried_forward
    not asked: the test still passed when this defect was injected, and 2 other candidate test(s) failed under the same edit. The edit was not verified, so this is not evidence that the test fails to catch the defect.
  [passed_under_edit] run-guided-pair-selection/passed-under-edit-counted-as-unknown x tests/test_mutation_verdicts.py::TestVerdictsFrom::test_the_defect_text_is_carried_so_a_later_run_can_identify_it
    not asked: the test still passed when this defect was injected, and 2 other candidate test(s) failed under the same edit. The edit was not verified, so this is not evidence that the test fails to catch the defect.
  [passed_under_edit] run-guided-pair-selection/passed-under-edit-counted-as-unknown x tests/test_mutation_verdicts.py::TestVerdictsFrom::test_the_reason_says_the_answer_was_observed
    not asked: the test still passed when this defect was injected, and 2 other candidate test(s) failed under the same edit. The edit was not verified, so this is not evidence that the test fails to catch the defect.
  [passed_under_edit] run-guided-pair-selection/passed-under-edit-counted-as-unknown x tests/test_pair_routing.py::TestADroppedPairIsNotASurvival::test_a_prefiltered_pair_still_does_not
    not asked: the test still passed when this defect was injected, and 2 other candidate test(s) failed under the same edit. The edit was not verified, so this is not evidence that the test fails to catch the defect.
  [passed_under_edit] run-guided-pair-selection/passed-under-edit-counted-as-unknown x tests/test_pair_routing.py::TestADroppedPairIsNotASurvival::test_it_contributes_no_verdict_and_no_test_link
    not asked: the test still passed when this defect was injected, and 2 other candidate test(s) failed under the same edit. The edit was not verified, so this is not evidence that the test fails to catch the defect.
  [passed_under_edit] run-guided-pair-selection/passed-under-edit-counted-as-unknown x tests/test_pair_routing.py::TestWhichPairsTheRunAnswers::test_a_settled_attempt_skips_nothing
    not asked: the test still passed when this defect was injected, and 2 other candidate test(s) failed under the same edit. The edit was not verified, so this is not evidence that the test fails to catch the defect.
  [passed_under_edit] run-guided-pair-selection/passed-under-edit-counted-as-unknown x tests/test_pair_routing.py::TestWhichPairsTheRunAnswers::test_a_survival_skips_nothing
    not asked: the test still passed when this defect was injected, and 2 other candidate test(s) failed under the same edit. The edit was not verified, so this is not evidence that the test fails to catch the defect.
  [passed_under_edit] run-guided-pair-selection/passed-under-edit-counted-as-unknown x tests/test_pair_routing.py::TestWhichPairsTheRunAnswers::test_a_test_that_failed_under_the_edit_is_still_asked
    not asked: the test still passed when this defect was injected, and 2 other candidate test(s) failed under the same edit. The edit was not verified, so this is not evidence that the test fails to catch the defect.
  [passed_under_edit] run-guided-pair-selection/passed-under-edit-counted-as-unknown x tests/test_pair_routing.py::TestWhichPairsTheRunAnswers::test_a_test_that_kept_passing_under_the_edit_is_not_asked
    not asked: the test still passed when this defect was injected, and 2 other candidate test(s) failed under the same edit. The edit was not verified, so this is not evidence that the test fails to catch the defect.
  [passed_under_edit] run-guided-pair-selection/passed-under-edit-counted-as-unknown x tests/test_pair_routing.py::TestWhichPairsTheRunAnswers::test_the_reason_says_the_edit_was_not_verified
    not asked: the test still passed when this defect was injected, and 2 other candidate test(s) failed under the same edit. The edit was not verified, so this is not evidence that the test fails to catch the defect.
  [passed_under_edit] run-guided-pair-selection/passed-under-edit-counted-as-unknown x tests/test_supplied_ids.py::test_a_clean_answer_records_nothing_and_keeps_its_negative_verdicts
    not asked: the test still passed when this defect was injected, and 2 other candidate test(s) failed under the same edit. The edit was not verified, so this is not evidence that the test fails to catch the defect.
  [passed_under_edit] run-guided-pair-selection/passed-under-edit-counted-as-unknown x tests/test_supplied_ids.py::test_a_foreign_defect_id_is_recorded_not_silently_dropped
    not asked: the test still passed when this defect was injected, and 2 other candidate test(s) failed under the same edit. The edit was not verified, so this is not evidence that the test fails to catch the defect.
  [passed_under_edit] run-guided-pair-selection/passed-under-edit-counted-as-unknown x tests/test_supplied_ids.py::test_the_schema_asked_for_differs_from_the_shape_parsed
    not asked: the test still passed when this defect was injected, and 2 other candidate test(s) failed under the same edit. The edit was not verified, so this is not evidence that the test fails to catch the defect.
  [passed_under_edit] run-guided-pair-selection/passed-under-edit-counted-as-unknown x tests/test_unverified_mutation_is_inert.py::TestNothingDerivesFromIt::test_no_test_is_credited_to_the_criterion
    not asked: the test still passed when this defect was injected, and 2 other candidate test(s) failed under the same edit. The edit was not verified, so this is not evidence that the test fails to catch the defect.
  [passed_under_edit] run-guided-pair-selection/passed-under-edit-counted-as-unknown x tests/test_unverified_mutation_is_inert.py::TestNothingDerivesFromIt::test_the_defect_still_reaches_the_static_judge
    not asked: the test still passed when this defect was injected, and 2 other candidate test(s) failed under the same edit. The edit was not verified, so this is not evidence that the test fails to catch the defect.
  [passed_under_edit] run-guided-pair-selection/passed-under-edit-counted-as-unknown x tests/test_unverified_mutation_is_inert.py::TestNothingDerivesFromIt::test_the_evidence_class_is_unchanged
    not asked: the test still passed when this defect was injected, and 2 other candidate test(s) failed under the same edit. The edit was not verified, so this is not evidence that the test fails to catch the defect.
  [passed_under_edit] run-guided-pair-selection/passed-under-edit-counted-as-unknown x tests/test_unverified_mutation_is_inert.py::TestNothingDerivesFromIt::test_the_rating_stays_at_the_static_tier
    not asked: the test still passed when this defect was injected, and 2 other candidate test(s) failed under the same edit. The edit was not verified, so this is not evidence that the test fails to catch the defect.
  [passed_under_edit] run-guided-pair-selection/passed-under-edit-counted-as-unknown x tests/test_unverified_mutation_is_inert.py::test_a_verified_attempt_does_contribute_verdicts
    not asked: the test still passed when this defect was injected, and 2 other candidate test(s) failed under the same edit. The edit was not verified, so this is not evidence that the test fails to catch the defect.
  [passed_under_edit] run-guided-pair-selection/passed-under-edit-counted-as-unknown x tests/test_unverified_mutation_is_inert.py::test_an_unverified_attempt_contributes_no_verdict
    not asked: the test still passed when this defect was injected, and 2 other candidate test(s) failed under the same edit. The edit was not verified, so this is not evidence that the test fails to catch the defect.
  [passed_under_edit] run-guided-pair-selection/passed-under-edit-counted-as-unknown x tests/test_verdict.py::test_a_tests_only_obligation_is_still_judged_on_its_test_evidence
    not asked: the test still passed when this defect was injected, and 2 other candidate test(s) failed under the same edit. The edit was not verified, so this is not evidence that the test fails to catch the defect.

Running the project's tests:
  the project's tests were run: 68 enumerated defect(s) name an editable region and pair routing is on, so an observation can decide which pairs are worth a model call — it still cannot count as evidence, because edit verification is off

Defects injected, and which tests caught them:

  [not_mutable] dropped-pair-drop-reason-recorded/dropped-pair-reason-not-carried-into-unjudged-entry
    pairs: 0 settled by the run, 232 put to the model, 0 dropped as not worth asking
    the mutated src/acceptance/defects/pair_mapping.py does not parse: unmatched ')' (<unknown>, line 621)

  [survived, NOT COUNTED] dropped-pair-drop-reason-recorded/dropped-pair-reason-uses-wrong-cause
    injected at src/acceptance/report.py lines 386-387:
      -             f"    pairs: {settled} settled by the run, {asked} put to the model, "
      -             f"{dropped} dropped as not worth asking"
      +             f"    pairs: {settled} settled by the run, {asked} put to the model, "
      +             f"{dropped} passed under edit"
    no test caught it; 156 candidate test(s) ran and none failed
    edit NOT verified to make the defect true, so this result is not counted; tier: static, and the defect went to the static judge
    pairs: 0 settled by the run, 232 put to the model, 0 dropped as not worth asking

  [survived, NOT COUNTED] dropped-pair-drop-reason-recorded/dropped-pairs-not-rendered-in-review-output
    injected at src/acceptance/report.py lines 384-389:
      -     return [
      -         (
      -             f"    pairs: {settled} settled by the run, {asked} put to the model, "
      -             f"{dropped} dropped as not worth asking"
      -         )
      -     ]
      +     lines = [
      +         (
      +             f"    pairs: {settled} settled by the run, {asked} put to the model, "
      +             f"{dropped} dropped as not worth asking"
      +         )
      +     ]
      +     lines.extend(
      +         f"    dropped pair: {entry.reason}"
      +         for entry in review.unjudged_pairs
      +         if entry.defect_id == defect_id and entry.cause is UnjudgedCause.PASSED_UNDER_EDIT
      +     )
      +     return lines
    no test caught it; 156 candidate test(s) ran and none failed
    edit NOT verified to make the defect true, so this result is not counted; tier: static, and the defect went to the static judge
    pairs: 0 settled by the run, 232 put to the model, 0 dropped as not worth asking

  [not_mutable] dropped-pair-no-evidence-tier/dropped-pairs-marked-as-defect-killed
    pairs: 0 settled by the run, 232 put to the model, 0 dropped as not worth asking
    the replacement for src/acceptance/defects/pair_mapping.py lines 612..620 is identical to what it replaces, so nothing would be injected and every test would 'survive' a defect that was never introduced

  [killed, NOT COUNTED] dropped-pair-no-evidence-tier/passed-under-edit-treated-as-evidence
    injected at src/acceptance/defects/support.py lines 228-228:
      -         if entry.cause is not UnjudgedCause.PREFILTERED:
      +         if entry.cause is UnjudgedCause.PREFILTERED:
    caught by (8):
      tests/defects/test_support.py::test_a_criterion_whose_only_evidence_is_unjudged_is_indeterminate_not_nominal
      tests/defects/test_support.py::test_a_criterion_whose_pairs_were_offered_and_unanswered_is_indeterminate
      tests/defects/test_support.py::test_a_prefilter_exclusion_counts_as_a_surviving_pair_not_an_unknown_one
      tests/defects/test_support.py::test_an_unjudged_defect_never_reads_as_a_surviving_one
      tests/defects/test_support.py::test_an_unjudged_defect_stops_a_criterion_reaching_strongly_supported
      tests/test_pair_routing.py::TestADroppedPairIsNotASurvival::test_a_prefiltered_pair_still_does_not
      tests/test_pair_routing.py::TestADroppedPairIsNotASurvival::test_it_cannot_make_a_criterion_strongly_supported
      tests/test_pair_routing.py::TestADroppedPairIsNotASurvival::test_it_raises_unknown_rather_than_reading_as_uncovered
    edit NOT verified to make the defect true, so this result is not counted; tier: static, and the defect went to the static judge
    pairs: 0 settled by the run, 84 put to the model, 148 dropped as not worth asking

  [not_mutable] dropped-pair-no-evidence-tier/skipped-pairs-still-counted-as-findings
    pairs: 0 settled by the run, 232 put to the model, 0 dropped as not worth asking
    the replacement for src/acceptance/defects/pair_mapping.py lines 604..605 is identical to what it replaces, so nothing would be injected and every test would 'survive' a defect that was never introduced

  [survived, NOT COUNTED] dropped-pair-not-decided/dropped-pairs-described-as-passed-under-edit
    injected at src/acceptance/report.py lines 27-33:
      -     RequirementMap,
      -     Review,
      -     TestRecommendation,
      -     UnjudgedCause,
      -     UnobtainedRecommendation,
      - )
      - 
      +     RequirementMap,
      +     Review,
      +     TestRecommendation,
      +     UnjudgedCause,
      +     UnobtainedRecommendation,
      + )
    no test caught it; 156 candidate test(s) ran and none failed
    edit NOT verified to make the defect true, so this result is not counted; tier: static, and the defect went to the static judge
    pairs: 0 settled by the run, 232 put to the model, 0 dropped as not worth asking

  [survived, NOT COUNTED] dropped-pair-not-decided/dropped-pairs-not-marked-undecided-in-report
    injected at src/acceptance/report.py lines 27-33:
      -     RequirementMap,
      -     Review,
      -     TestRecommendation,
      -     UnjudgedCause,
      -     UnobtainedRecommendation,
      - )
      - 
      +     RequirementMap,
      +     Review,
      +     TestRecommendation,
      +     UnjudgedCause,
      +     UnobtainedRecommendation,
      + )
    no test caught it; 156 candidate test(s) ran and none failed
    edit NOT verified to make the defect true, so this result is not counted; tier: static, and the defect went to the static judge
    pairs: 0 settled by the run, 232 put to the model, 0 dropped as not worth asking

  [survived, NOT COUNTED] dropped-pair-not-demonstration-of-test-failure/dropped-pair-reason-presented-as-failure-evidence
    injected at src/acceptance/report.py lines 27-33:
      -     RequirementMap,
      -     Review,
      -     TestRecommendation,
      -     UnjudgedCause,
      -     UnobtainedRecommendation,
      - )
      - 
      +     RequirementMap,
      +     Review,
      +     TestRecommendation,
      +     UnjudgedCause,
      +     UnobtainedRecommendation,
      + )
    no test caught it; 156 candidate test(s) ran and none failed
    edit NOT verified to make the defect true, so this result is not counted; tier: static, and the defect went to the static judge
    pairs: 0 settled by the run, 232 put to the model, 0 dropped as not worth asking

  [killed, NOT COUNTED] dropped-pair-not-demonstration-of-test-failure/dropped-pairs-counted-as-unknown-support
    injected at src/acceptance/defects/support.py lines 228-228:
      -         if entry.cause is not UnjudgedCause.PREFILTERED:
      +         if entry.cause is not UnjudgedCause.PREFILTERED and entry.cause is not UnjudgedCause.PASSED_UNDER_EDIT:
    caught by (2):
      tests/test_pair_routing.py::TestADroppedPairIsNotASurvival::test_it_cannot_make_a_criterion_strongly_supported
      tests/test_pair_routing.py::TestADroppedPairIsNotASurvival::test_it_raises_unknown_rather_than_reading_as_uncovered
    edit NOT verified to make the defect true, so this result is not counted; tier: static, and the defect went to the static judge
    pairs: 0 settled by the run, 78 put to the model, 154 dropped as not worth asking

  [not_mutable] dropped-pairs-count/dropped-count-not-shown-for-defects-with-only-asked-pairs
    pairs: 0 settled by the run, 232 put to the model, 0 dropped as not worth asking
    the replacement for src/acceptance/report.py lines 382..383 is identical to what it replaces, so nothing would be injected and every test would 'survive' a defect that was never introduced

  [not_mutable] dropped-pairs-count/dropped-count-uses-asked-instead-of-dropped
    pairs: 0 settled by the run, 232 put to the model, 0 dropped as not worth asking
    the mutated src/acceptance/report.py does not parse: unexpected indent (<unknown>, line 390)

  [not_mutable] dropped-pairs-count/dropped-pairs-not-threaded-into-judge_pairs
    pairs: 0 settled by the run, 230 put to the model, 0 dropped as not worth asking
    the replacement for src/acceptance/pipeline.py lines 525..527 is identical to what it replaces, so nothing would be injected and every test would 'survive' a defect that was never introduced

  [not_mutable] dropping-pairs-can-be-turned-off/pair-routing-flag-not-threaded-into-review
    pairs: 0 settled by the run, 230 put to the model, 0 dropped as not worth asking
    the replacement for src/acceptance/pipeline.py lines 525..527 is identical to what it replaces, so nothing would be injected and every test would 'survive' a defect that was never introduced

  [killed, NOT COUNTED] dropping-pairs-can-be-turned-off/route-pairs-defaults-to-on
    injected at src/acceptance/mutation/settings.py lines 67-67:
      -     route_pairs: bool = True
      +     route_pairs: bool = False
    caught by (2):
      tests/test_execution_decision.py::TestWhenItRuns::test_routing_alone_is_enough
      tests/test_execution_decision.py::TestWhenItRuns::test_the_reason_does_not_promise_evidence_routing_cannot_give
    edit NOT verified to make the defect true, so this result is not counted; tier: static, and the defect went to the static judge
    pairs: 0 settled by the run, 78 put to the model, 154 dropped as not worth asking

  [not_mutable] dropping-pairs-can-be-turned-off/skipped-pairs-only-applied-after-kill
    pairs: 0 settled by the run, 230 put to the model, 0 dropped as not worth asking
    the replacement for src/acceptance/defects/pair_mapping.py lines 603..605 is identical to what it replaces, so nothing would be injected and every test would 'survive' a defect that was never introduced

  [not_mutable] every-pair-for-unbuildable-defect/skipped-pairs-filtered-after-prefilter-instead-of-before
    pairs: 0 settled by the run, 230 put to the model, 0 dropped as not worth asking
    the replacement for src/acceptance/defects/pair_mapping.py lines 577..578 is identical to what it replaces, so nothing would be injected and every test would 'survive' a defect that was never introduced

  [survived, NOT COUNTED] every-pair-for-unbuildable-defect/skipped-pairs-never-revisited-when-no-kill
    injected at src/acceptance/defects/pair_mapping.py lines 603-605:
      -     killed = {entry.defect_id for entry in verdicts if entry.kills}
      -     revisit = [pair for pair in held_back if pair.defect.id not in killed]
      -     dropped = [pair for pair in held_back if pair.defect.id in killed]
      +     killed = {entry.defect_id for entry in verdicts if entry.kills}
      +     revisit = [pair for pair in held_back if pair.defect.id not in killed or pair.defect.id not in {entry.defect_id for entry in verdicts}]
      +     dropped = [pair for pair in held_back if pair.defect.id in killed]
    no test caught it; 156 candidate test(s) ran and none failed
    edit NOT verified to make the defect true, so this result is not counted; tier: static, and the defect went to the static judge
    pairs: 0 settled by the run, 230 put to the model, 0 dropped as not worth asking

  [survived, NOT COUNTED] every-pair-put-to-model-when-no-candidate-test-failed/route-pairs-disabled-skips-model-routing
    injected at src/acceptance/pipeline.py lines 525-527:
      -         skipped=pairs_not_worth_asking(attempts)
      -         if (execution is not None and execution.route_pairs)
      -         else None,
      +         skipped=pairs_not_worth_asking(attempts),
    no test caught it; 156 candidate test(s) ran and none failed
    edit NOT verified to make the defect true, so this result is not counted; tier: static, and the defect went to the static judge
    pairs: 0 settled by the run, 230 put to the model, 0 dropped as not worth asking

  [not_mutable] every-pair-put-to-model-when-no-candidate-test-failed/skipped-pairs-never-revisited-when-no-kill
    pairs: 0 settled by the run, 230 put to the model, 0 dropped as not worth asking
    the replacement for src/acceptance/defects/pair_mapping.py lines 603..605 is identical to what it replaces, so nothing would be injected and every test would 'survive' a defect that was never introduced

  [killed, NOT COUNTED] exclude-passing-tests-under-edit/passed-tests-not-filtered-from-judge-input
    injected at src/acceptance/defects/pair_mapping.py lines 577-578:
      -     held_back = [pair for pair in judged if pair.key in skipped]
      -     judged = [pair for pair in judged if pair.key not in skipped]
      +     held_back = [pair for pair in judged if pair.key in skipped]
      +     judged = [pair for pair in judged if pair.key not in skipped and pair.defect.id not in {held.defect.id for held in held_back}]
    caught by (3):
      tests/defects/test_pair_mapping.py::test_a_kill_on_an_asked_pair_keeps_the_saving
      tests/defects/test_pair_mapping.py::test_a_skipped_pair_comes_back_unjudged_with_its_reason
      tests/defects/test_pair_mapping.py::test_a_skipped_pair_is_never_offered_to_the_model
    edit NOT verified to make the defect true, so this result is not counted; tier: static, and the defect went to the static judge
    pairs: 0 settled by the run, 79 put to the model, 153 dropped as not worth asking

  [not_mutable] exclude-passing-tests-under-edit/route-pairs-disabled-still-omits-passing-tests
    pairs: 0 settled by the run, 230 put to the model, 0 dropped as not worth asking
    the mutated src/acceptance/pipeline.py does not parse: unmatched ')' (<unknown>, line 64)

  [survived, NOT COUNTED] exclude-passing-tests-under-edit/skipped-pairs-not-applied-to-first-pass-input
    injected at src/acceptance/defects/pair_mapping.py lines 577-578:
      -     held_back = [pair for pair in judged if pair.key in skipped]
      -     judged = [pair for pair in judged if pair.key not in skipped]
      +     skipped = skipped or {}
      +     held_back = [pair for pair in judged if pair.key in skipped]
      +     judged = [pair for pair in judged if pair.key not in skipped]
    no test caught it; 156 candidate test(s) ran and none failed
    edit NOT verified to make the defect true, so this result is not counted; tier: static, and the defect went to the static judge
    pairs: 0 settled by the run, 230 put to the model, 0 dropped as not worth asking

  [not_mutable] exclude-test-selection-and-run-eligibility/pair-skipping-changes-candidate-selection
    injected at src/acceptance/defects/pair_mapping.py lines 576-578:
      -     skipped = skipped or {}
      -     held_back = [pair for pair in judged if pair.key in skipped]
      -     judged = [pair for pair in judged if pair.key not in skipped]
      +     skipped = skipped or {}
    pairs: 0 settled by the run, 230 put to the model, 0 dropped as not worth asking
    every one of the 44 tests that failed under the edit failed with NameError, which means the edited code no longer loads or names something that does not exist. Those failures say nothing about the named defect, so this is not counted as a kill and the defect goes to the static judge.

  [already_present] exclude-test-selection-and-run-eligibility/route-pairs-changes-run-eligibility
    pairs: 0 settled by the run, 232 put to the model, 0 dropped as not worth asking
    Lines 95-103 currently make run eligibility depend on route_pairs as well as verify_edits; removing the route_pairs condition restores the expected behavior that pair routing must not affect whether tests run. (the repair was refused: the mutated src/acceptance/mutation/settings.py does not parse: unmatched ')' (<unknown>, line 105))

  [killed, NOT COUNTED] inject-edit-for-each-plausible-defect/pair-routing-disabled-by-default
    injected at src/acceptance/mutation/settings.py lines 67-67:
      -     route_pairs: bool = True
      +     route_pairs: bool = False
    caught by (2):
      tests/test_execution_decision.py::TestWhenItRuns::test_routing_alone_is_enough
      tests/test_execution_decision.py::TestWhenItRuns::test_the_reason_does_not_promise_evidence_routing_cannot_give
    edit NOT verified to make the defect true, so this result is not counted; tier: static, and the defect went to the static judge
    pairs: 0 settled by the run, 231 put to the model, 0 dropped as not worth asking

  [not_mutable] inject-edit-for-each-plausible-defect/route-pairs-flag-not-threaded
    pairs: 0 settled by the run, 232 put to the model, 0 dropped as not worth asking
    the replacement for src/acceptance/defects/pair_mapping.py lines 548..548 is identical to what it replaces, so nothing would be injected and every test would 'survive' a defect that was never introduced

  [not_mutable] inject-edit-for-each-plausible-defect/skipped-map-built-from-attempts-instead-of-plausible-defects
    pairs: 0 settled by the run, 232 put to the model, 0 dropped as not worth asking
    the edit replaces 15 lines, over the 12-line bound; the smallest edit that makes the defect true is what was asked for

  [not_mutable] inject-edit-for-each-plausible-defect/skipped-pairs-not-revisited-after-no-kill
    pairs: 0 settled by the run, 232 put to the model, 0 dropped as not worth asking
    the replacement for src/acceptance/defects/pair_mapping.py lines 603..605 is identical to what it replaces, so nothing would be injected and every test would 'survive' a defect that was never introduced

  [not_mutable] injection-attempt-basis/attempt-basis-not-threaded-into-report
    pairs: 0 settled by the run, 232 put to the model, 0 dropped as not worth asking
    the mutated src/acceptance/report.py does not parse: unmatched ']' (<unknown>, line 390)

  [not_mutable] injection-attempt-basis/dropped-pairs-have-no-attempt-basis
    pairs: 0 settled by the run, 232 put to the model, 0 dropped as not worth asking
    the mutated src/acceptance/report.py does not parse: unmatched ']' (<unknown>, line 390)

  [survived, NOT COUNTED] model-sees-no-edit-or-test-result/pair-routing-fed-from-injection-run-results
    injected at src/acceptance/pipeline.py lines 64-69:
      - from acceptance.mutation.verdicts import (
      -     pairs_not_worth_asking,
      -     remaining_defect_sets,
      -     verdicts_from,
      - )
      - from acceptance.mutation.verification import verify_attempts
      + from acceptance.mutation.settings import ExecutionSettings, decide_execution
      + from acceptance.mutation.verdicts import (
      +     remaining_defect_sets,
      +     verdicts_from,
      + )
      + from acceptance.mutation.verification import verify_attempts
    no test caught it; 156 candidate test(s) ran and none failed
    edit NOT verified to make the defect true, so this result is not counted; tier: static, and the defect went to the static judge
    pairs: 0 settled by the run, 232 put to the model, 0 dropped as not worth asking

  [survived, NOT COUNTED] model-sees-no-edit-or-test-result/skipped-reason-leaks-edit-and-test-outcomes
    injected at src/acceptance/mutation/verdicts.py lines 73-78:
      -             skipped[(attempt.defect_id, test_id)] = (
      -                 "not asked: the test still passed when this defect was injected, "
      -                 f"and {len(killing)} other candidate test(s) failed under the same "
      -                 "edit. The edit was not verified, so this is not evidence that the "
      -                 "test fails to catch the defect."
      -             )
      +             skipped[(attempt.defect_id, test_id)] = (
      +                 "not asked: the test still passed when this defect was injected, "
      +                 "so this pair was skipped. The edit was not verified, so this is not "
      +                 "evidence that the test fails to catch the defect."
      +             )
    no test caught it; 156 candidate test(s) ran and none failed
    edit NOT verified to make the defect true, so this result is not counted; tier: static, and the defect went to the static judge
    pairs: 0 settled by the run, 232 put to the model, 0 dropped as not worth asking

  [killed, NOT COUNTED] no-edit-checking/route-pairs-adds-edit-checking
    injected at src/acceptance/defects/pair_mapping.py lines 603-605:
      -     killed = {entry.defect_id for entry in verdicts if entry.kills}
      -     revisit = [pair for pair in held_back if pair.defect.id not in killed]
      -     dropped = [pair for pair in held_back if pair.defect.id in killed]
      +     killed = {entry.defect_id for entry in verdicts if entry.kills}
      +     revisit = [pair for pair in held_back if pair.defect.id in killed]
      +     dropped = [pair for pair in held_back if pair.defect.id not in killed]
    caught by (5):
      tests/defects/test_pair_mapping.py::test_a_defect_whose_asked_pairs_yield_no_kill_has_its_skipped_pairs_judged
      tests/defects/test_pair_mapping.py::test_a_kill_on_an_asked_pair_keeps_the_saving
      tests/defects/test_pair_mapping.py::test_a_skipped_pair_comes_back_unjudged_with_its_reason
      tests/defects/test_pair_mapping.py::test_a_skipped_pair_is_never_offered_to_the_model
      tests/defects/test_pair_mapping.py::test_the_second_pass_happens_before_the_result_is_returned
    edit NOT verified to make the defect true, so this result is not counted; tier: static, and the defect went to the static judge
    pairs: 0 settled by the run, 81 put to the model, 151 dropped as not worth asking

  [not_mutable] no-edit-checking/two-pass-routing-derives-from-edit-outcome
    pairs: 0 settled by the run, 232 put to the model, 0 dropped as not worth asking
    the replacement for src/acceptance/defects/pair_mapping.py lines 601..610 is identical to what it replaces, so nothing would be injected and every test would 'survive' a defect that was never introduced

  [not_mutable] no-edit-construction-or-validation/judge-pairs-two-pass-skipping-logic
    pairs: 0 settled by the run, 232 put to the model, 0 dropped as not worth asking
    the replacement for src/acceptance/defects/pair_mapping.py lines 601..620 is identical to what it replaces, so nothing would be injected and every test would 'survive' a defect that was never introduced

  [not_mutable] no-edit-construction-or-validation/pair-routing-derived-from-mutation-attempts
    pairs: 0 settled by the run, 232 put to the model, 0 dropped as not worth asking
    the edit replaces 47 lines, over the 12-line bound; the smallest edit that makes the defect true is what was asked for

  [killed, NOT COUNTED] no-edit-construction-or-validation/route-pairs-default-enables-edit-construction
    injected at src/acceptance/mutation/settings.py lines 67-67:
      -     route_pairs: bool = True
      +     route_pairs: bool = False
    caught by (2):
      tests/test_execution_decision.py::TestWhenItRuns::test_routing_alone_is_enough
      tests/test_execution_decision.py::TestWhenItRuns::test_the_reason_does_not_promise_evidence_routing_cannot_give
    edit NOT verified to make the defect true, so this result is not counted; tier: static, and the defect went to the static judge
    pairs: 0 settled by the run, 78 put to the model, 154 dropped as not worth asking

  [not_mutable] no-whole-suite-run/whole-suite-still-triggered-by-route-pairs
    pairs: 0 settled by the run, 232 put to the model, 0 dropped as not worth asking
    the replacement for src/acceptance/pipeline.py lines 503..505 is identical to what it replaces, so nothing would be injected and every test would 'survive' a defect that was never introduced

  [survived, NOT COUNTED] pair-drop-counting/dropped-pairs-counted-only-for-killed-attempts
    injected at src/acceptance/mutation/verdicts.py lines 65-69:
      -         if attempt.settled or attempt.outcome is not MutationOutcomeKind.KILLED:
      -             continue
      -         killing = set(attempt.killing_tests)
      -         if not killing:
      -             continue
      +         if attempt.settled or attempt.outcome is not MutationOutcomeKind.KILLED:
      +             continue
      +         killing = set(attempt.killing_tests)
      +         for test_id in attempt.tests_run:
      +             if test_id in killing:
      +                 continue
      +             skipped[(attempt.defect_id, test_id)] = (
      +                 "not asked: the test still passed when this defect was injected, "
      +                 f"and {len(killing)} other candidate test(s) failed under the same "
      +                 "edit. The edit was not verified, so this is not evidence that the "
      +                 "test fails to catch the defect."
      +             )
    no test caught it; 156 candidate test(s) ran and none failed
    edit NOT verified to make the defect true, so this result is not counted; tier: static, and the defect went to the static judge
    pairs: 0 settled by the run, 232 put to the model, 0 dropped as not worth asking

  [survived, NOT COUNTED] pair-drop-counting/pair-drop-count-not-included-in-report
    injected at src/acceptance/report.py lines 27-33:
      -     RequirementMap,
      -     Review,
      -     TestRecommendation,
      -     UnjudgedCause,
      -     UnobtainedRecommendation,
      - )
      - 
      +     RequirementMap,
      +     Review,
      +     TestRecommendation,
      +     UnjudgedCause,
      +     UnobtainedRecommendation,
      + )
    no test caught it; 156 candidate test(s) ran and none failed
    edit NOT verified to make the defect true, so this result is not counted; tier: static, and the defect went to the static judge
    pairs: 0 settled by the run, 232 put to the model, 0 dropped as not worth asking

  [not_mutable] pair-drop-counting/route-pairs-disabled-skips-drop-counting
    pairs: 0 settled by the run, 232 put to the model, 0 dropped as not worth asking
    the mutated src/acceptance/mutation/settings.py does not parse: unmatched ')' (<unknown>, line 105)

  [survived, NOT COUNTED] preserve-current-review-run-mode/pair-routing-skips-current-judgement-path
    injected at src/acceptance/pipeline.py lines 525-527:
      -         skipped=pairs_not_worth_asking(attempts)
      -         if (execution is not None and execution.route_pairs)
      -         else None,
      +         skipped=None,
    no test caught it; 156 candidate test(s) ran and none failed
    edit NOT verified to make the defect true, so this result is not counted; tier: static, and the defect went to the static judge
    pairs: 0 settled by the run, 232 put to the model, 0 dropped as not worth asking

  [killed, NOT COUNTED] preserve-current-review-run-mode/route-pairs-default-changes-current-mode
    injected at src/acceptance/mutation/settings.py lines 67-67:
      -     route_pairs: bool = True
      +     route_pairs: bool = False
    caught by (2):
      tests/test_execution_decision.py::TestWhenItRuns::test_routing_alone_is_enough
      tests/test_execution_decision.py::TestWhenItRuns::test_the_reason_does_not_promise_evidence_routing_cannot_give
    edit NOT verified to make the defect true, so this result is not counted; tier: static, and the defect went to the static judge
    pairs: 0 settled by the run, 231 put to the model, 0 dropped as not worth asking

  [survived, NOT COUNTED] put-to-the-model-count/count-shows-asked-instead-of-put-to-model
    injected at src/acceptance/report.py lines 27-33:
      -     RequirementMap,
      -     Review,
      -     TestRecommendation,
      -     UnjudgedCause,
      -     UnobtainedRecommendation,
      - )
      - 
      +     RequirementMap,
      +     Review,
      +     TestRecommendation,
      +     UnjudgedCause,
      +     UnobtainedRecommendation,
      + )
    no test caught it; 156 candidate test(s) ran and none failed
    edit NOT verified to make the defect true, so this result is not counted; tier: static, and the defect went to the static judge
    pairs: 0 settled by the run, 232 put to the model, 0 dropped as not worth asking

  [not_mutable] put-to-the-model-count/dropped-pairs-not-counted-as-put-to-model
    pairs: 0 settled by the run, 232 put to the model, 0 dropped as not worth asking
    the replacement for src/acceptance/defects/pair_mapping.py lines 603..605 is identical to what it replaces, so nothing would be injected and every test would 'survive' a defect that was never introduced

  [not_mutable] red-test-does-not-identify-defect/skipped-pairs-counted-as-defect-evidence
    pairs: 0 settled by the run, 232 put to the model, 0 dropped as not worth asking
    the replacement for src/acceptance/defects/support.py lines 228..229 is identical to what it replaces, so nothing would be injected and every test would 'survive' a defect that was never introduced

  [not_mutable] red-test-does-not-identify-defect/treats-red-test-as-defect-proof
    pairs: 0 settled by the run, 232 put to the model, 0 dropped as not worth asking
    the replacement for src/acceptance/mutation/verdicts.py lines 44..48 is identical to what it replaces, so nothing would be injected and every test would 'survive' a defect that was never introduced

  [not_mutable] reduce-model-questions/route-pairs-disabled-by-default-or-not-propagated
    pairs: 0 settled by the run, 232 put to the model, 0 dropped as not worth asking
    the replacement for src/acceptance/pipeline.py lines 525..527 is identical to what it replaces, so nothing would be injected and every test would 'survive' a defect that was never introduced

  [killed, NOT COUNTED] reduce-model-questions/skipped-pairs-not-actually-removed-from-asked-set
    injected at src/acceptance/defects/pair_mapping.py lines 577-578:
      -     held_back = [pair for pair in judged if pair.key in skipped]
      -     judged = [pair for pair in judged if pair.key not in skipped]
      +     held_back = [pair for pair in judged if pair.key not in skipped]
      +     judged = [pair for pair in judged if pair.key in skipped]
    caught by (3):
      tests/defects/test_pair_mapping.py::test_a_kill_on_an_asked_pair_keeps_the_saving
      tests/defects/test_pair_mapping.py::test_a_skipped_pair_comes_back_unjudged_with_its_reason
      tests/defects/test_pair_mapping.py::test_a_skipped_pair_is_never_offered_to_the_model
    edit NOT verified to make the defect true, so this result is not counted; tier: static, and the defect went to the static judge
    pairs: 0 settled by the run, 79 put to the model, 153 dropped as not worth asking

  [not_mutable] reduce-model-questions/skipped-pairs-recorded-with-wrong-cause-or-shape
    pairs: 0 settled by the run, 232 put to the model, 0 dropped as not worth asking
    the replacement for src/acceptance/defects/pair_mapping.py lines 612..620 is identical to what it replaces, so nothing would be injected and every test would 'survive' a defect that was never introduced

  [killed, NOT COUNTED] reduce-model-questions/two-pass-revisit-logic-too-narrow
    injected at src/acceptance/defects/pair_mapping.py lines 603-605:
      -     killed = {entry.defect_id for entry in verdicts if entry.kills}
      -     revisit = [pair for pair in held_back if pair.defect.id not in killed]
      -     dropped = [pair for pair in held_back if pair.defect.id in killed]
      +     killed = {entry.defect_id for entry in verdicts if not entry.kills}
      +     revisit = [pair for pair in held_back if pair.defect.id not in killed]
      +     dropped = [pair for pair in held_back if pair.defect.id in killed]
    caught by (4):
      tests/defects/test_pair_mapping.py::test_a_defect_whose_asked_pairs_yield_no_kill_has_its_skipped_pairs_judged
      tests/defects/test_pair_mapping.py::test_a_kill_on_an_asked_pair_keeps_the_saving
      tests/defects/test_pair_mapping.py::test_a_skipped_pair_comes_back_unjudged_with_its_reason
      tests/defects/test_pair_mapping.py::test_a_skipped_pair_is_never_offered_to_the_model
    edit NOT verified to make the defect true, so this result is not counted; tier: static, and the defect went to the static judge
    pairs: 0 settled by the run, 80 put to the model, 152 dropped as not worth asking

  [not_mutable] report-says-how-many-pairs-run-decided/pair-count-includes-non-run-decisions
    pairs: 0 settled by the run, 232 put to the model, 0 dropped as not worth asking
    the mutated src/acceptance/report.py does not parse: unmatched ']' (<unknown>, line 387)

  [survived, NOT COUNTED] report-says-how-many-pairs-run-decided/pair-count-not-shown-for-mutation-block
    injected at src/acceptance/report.py lines 382-383:
      -     if not (settled or asked or dropped):
      -         return []
      +     if not (settled or asked or dropped):
      +         return ["    pairs: 0 settled by the run, 0 put to the model, 0 dropped as not worth asking"]
    no test caught it; 156 candidate test(s) ran and none failed
    edit NOT verified to make the defect true, so this result is not counted; tier: static, and the defect went to the static judge
    pairs: 0 settled by the run, 232 put to the model, 0 dropped as not worth asking

  [not_mutable] retain-failed-tests-in-model-input/failed-tests-filtered-out-by-skipped-map
    pairs: 0 settled by the run, 232 put to the model, 0 dropped as not worth asking
    the replacement for src/acceptance/defects/pair_mapping.py lines 577..578 is identical to what it replaces, so nothing would be injected and every test would 'survive' a defect that was never introduced

  [killed, NOT COUNTED] retain-failed-tests-in-model-input/failed-tests-not-revisited-after-no-kill
    injected at src/acceptance/defects/pair_mapping.py lines 603-605:
      -     killed = {entry.defect_id for entry in verdicts if entry.kills}
      -     revisit = [pair for pair in held_back if pair.defect.id not in killed]
      -     dropped = [pair for pair in held_back if pair.defect.id in killed]
      +     killed = {entry.defect_id for entry in verdicts if entry.kills}
      +     revisit = held_back
      +     dropped = []
    caught by (3):
      tests/defects/test_pair_mapping.py::test_a_kill_on_an_asked_pair_keeps_the_saving
      tests/defects/test_pair_mapping.py::test_a_skipped_pair_comes_back_unjudged_with_its_reason
      tests/defects/test_pair_mapping.py::test_a_skipped_pair_is_never_offered_to_the_model
    edit NOT verified to make the defect true, so this result is not counted; tier: static, and the defect went to the static judge
    pairs: 0 settled by the run, 79 put to the model, 153 dropped as not worth asking

  [survived, NOT COUNTED] run-candidate-tests-against-edit/pair-routing-disabled-bypasses-edit-tests
    injected at src/acceptance/pipeline.py lines 525-527:
      -         skipped=pairs_not_worth_asking(attempts)
      -         if (execution is not None and execution.route_pairs)
      -         else None,
      +         skipped=pairs_not_worth_asking(attempts),
    no test caught it; 156 candidate test(s) ran and none failed
    edit NOT verified to make the defect true, so this result is not counted; tier: static, and the defect went to the static judge
    pairs: 0 settled by the run, 232 put to the model, 0 dropped as not worth asking

  [not_mutable] run-candidate-tests-against-edit/route-pairs-gate-off
    pairs: 0 settled by the run, 232 put to the model, 0 dropped as not worth asking
    the mutated src/acceptance/mutation/settings.py does not parse: unmatched ')' (<unknown>, line 105)

  [not_mutable] run-candidate-tests-against-edit/skipped-pairs-not-asked-after-no-kill
    pairs: 0 settled by the run, 232 put to the model, 0 dropped as not worth asking
    the replacement for src/acceptance/defects/pair_mapping.py lines 607..610 is identical to what it replaces, so nothing would be injected and every test would 'survive' a defect that was never introduced

  [killed, NOT COUNTED] run-guided-pair-selection/passed-under-edit-counted-as-unknown
    injected at src/acceptance/defects/support.py lines 228-229:
      -         if entry.cause is not UnjudgedCause.PREFILTERED:
      -             unanswered_defects.add(entry.defect_id)
      +         if entry.cause is not UnjudgedCause.PREFILTERED and entry.cause is not UnjudgedCause.PASSED_UNDER_EDIT:
      +             unanswered_defects.add(entry.defect_id)
    caught by (2):
      tests/test_pair_routing.py::TestADroppedPairIsNotASurvival::test_it_cannot_make_a_criterion_strongly_supported
      tests/test_pair_routing.py::TestADroppedPairIsNotASurvival::test_it_raises_unknown_rather_than_reading_as_uncovered
    edit NOT verified to make the defect true, so this result is not counted; tier: static, and the defect went to the static judge
    pairs: 0 settled by the run, 78 put to the model, 154 dropped as not worth asking

  [not_mutable] run-guided-pair-selection/route-pairs-flag-not-threaded-into-pair-judging
    pairs: 0 settled by the run, 232 put to the model, 0 dropped as not worth asking
    the edit replaces 21 lines, over the 12-line bound; the smallest edit that makes the defect true is what was asked for

  [not_mutable] run-guided-pair-selection/skipped-pairs-filter-applied-before-prefilter
    pairs: 0 settled by the run, 232 put to the model, 0 dropped as not worth asking
    the replacement for src/acceptance/defects/pair_mapping.py lines 577..578 is identical to what it replaces, so nothing would be injected and every test would 'survive' a defect that was never introduced

  [not_mutable] run-guided-pair-selection/skipped-pairs-not-revisited-after-no-kill
    pairs: 0 settled by the run, 232 put to the model, 0 dropped as not worth asking
    the replacement for src/acceptance/defects/pair_mapping.py lines 603..605 is identical to what it replaces, so nothing would be injected and every test would 'survive' a defect that was never introduced

  [survived, NOT COUNTED] state-dropped-pair-as-dropped/dropped-pair-count-shown-without-explicit-status
    injected at src/acceptance/report.py lines 386-387:
      -             f"    pairs: {settled} settled by the run, {asked} put to the model, "
      -             f"{dropped} dropped as not worth asking"
      +             f"    pairs: {settled} settled by the run, {asked} put to the model, "
      +             f"{dropped} dropped and not answered"
    no test caught it; 156 candidate test(s) ran and none failed
    edit NOT verified to make the defect true, so this result is not counted; tier: static, and the defect went to the static judge
    pairs: 0 settled by the run, 232 put to the model, 0 dropped as not worth asking

  [survived, NOT COUNTED] state-dropped-pair-as-dropped/dropped-pairs-not-rendered-in-mutation-block
    injected at src/acceptance/report.py lines 386-387:
      -             f"    pairs: {settled} settled by the run, {asked} put to the model, "
      -             f"{dropped} dropped as not worth asking"
      +             f"    pairs: {settled} settled by the run, {asked} put to the model, "
      +             f"{dropped} dropped as not answered"
    no test caught it; 156 candidate test(s) ran and none failed
    edit NOT verified to make the defect true, so this result is not counted; tier: static, and the defect went to the static judge
    pairs: 0 settled by the run, 232 put to the model, 0 dropped as not worth asking

  [not_mutable] unchecked-edit-settles-nothing/passed-under-edit-counted-as-established-support
    pairs: 0 settled by the run, 232 put to the model, 0 dropped as not worth asking
    the replacement for src/acceptance/defects/support.py lines 228..229 is identical to what it replaces, so nothing would be injected and every test would 'survive' a defect that was never introduced

  [not_mutable] unchecked-edit-settles-nothing/passed-under-edit-treated-as-survival
    pairs: 0 settled by the run, 232 put to the model, 0 dropped as not worth asking
    the mutated src/acceptance/review_state.py does not parse: unterminated string literal (detected at line 313) (<unknown>, line 313)

  [not_mutable] unchecked-edit-settles-nothing/skipped-pairs-not-routed-into-judge
    pairs: 0 settled by the run, 232 put to the model, 0 dropped as not worth asking
    the edit replaces 21 lines, over the 12-line bound; the smallest edit that makes the defect true is what was asked for

Defects the delivered code already has, as asserted by the model (static tier; needs human review):
  exclude-test-selection-and-run-eligibility/route-pairs-changes-run-eligibility
    Lines 95-103 currently make run eligibility depend on route_pairs as well as verify_edits; removing the route_pairs condition restores the expected behavior that pair routing must not affect whether tests run. (the repair was refused: the mutated src/acceptance/mutation/settings.py does not parse: unmatched ')' (<unknown>, line 105))
    no test run supports or contradicts this claim
    repair at src/acceptance/mutation/settings.py lines 95-103:
      -     if not settings.verify_edits and not settings.route_pairs:
      -         return ExecutionDecision(
      -             run=False,
      -             reason=(
      -                 "the project's tests were not run: no result could have counted. Edit "
      -                 "verification is off, so every observation would have been recorded as not "
      -                 "counted, and pair routing is off too, so nothing else consumes the run. "
      -                 "See #335 for the check that would make injection earn its evidence."
      -             ),
      +     if not settings.verify_edits:
      +         return ExecutionDecision(
      +             run=False,
      +             reason=(
      +                 "the project's tests were not run: no result could have counted. Edit "
      +                 "verification is off, so every observation would have been recorded as not "
      +                 "counted, and nothing else consumes the run. See #335 for the check that would "
      +                 "make injection earn its evidence."
      +             ),
      +         )

Candidate tests set aside (no conclusion rests on these):
  [timed_out] tests/benchmark/test_rating_regression.py::test_the_two_degenerate_judges_disagree_about_the_ratings
    the test exceeded its own time budget
  [failed] tests/coverage/test_unrequested.py::test_change_the_model_judges_requested_is_not_emitted
    the test failed against the code as delivered
  [failed] tests/defects/test_pair_mapping.py::test_a_prefiltered_pair_is_named_in_the_report
    the test failed against the code as delivered
  [failed] tests/defects/test_pair_mapping.py::test_a_surviving_pair_earns_a_recommendation_and_a_killing_one_does_not
    the test failed against the code as delivered
  [failed] tests/defects/test_pair_mapping.py::test_a_surviving_pair_stops_the_criterion_reaching_strongly_supported
    the test failed against the code as delivered
  [failed] tests/defects/test_pair_mapping.py::test_the_pipeline_really_judges_pairs
    the test failed against the code as delivered
  [failed] tests/defects/test_pair_mapping.py::test_the_report_shows_every_rating_with_its_denominator
    the test failed against the code as delivered
  [failed] tests/defects/test_pair_mapping.py::test_the_verdicts_survive_a_round_trip_through_persisted_state
    the test failed against the code as delivered
  [failed] tests/defects/test_pair_mapping.py::test_two_runs_over_the_same_input_agree_byte_for_byte
    the test failed against the code as delivered
  [failed] tests/test_mandate_coverage_wiring.py::test_two_runs_over_identical_task_text_produce_byte_identical_review_state
    the test failed against the code as delivered
  [failed] tests/test_mutation_pipeline_wiring.py::TestARedCandidateTestIsSetAside::test_the_failing_test_is_named_and_the_others_carry_on
    the test failed against the code as delivered
  [failed] tests/test_mutation_pipeline_wiring.py::TestARedCandidateTestIsSetAside::test_the_report_says_which_was_set_aside
    the test failed against the code as delivered
  [failed] tests/test_mutation_pipeline_wiring.py::TestARedCandidateTestIsSetAside::test_the_review_returns_rather_than_stopping
    the test failed against the code as delivered
  [failed] tests/test_mutation_pipeline_wiring.py::TestAnAlreadyPresentDefect::test_a_claim_is_never_counted_as_a_kill
    the test failed against the code as delivered
  [failed] tests/test_mutation_pipeline_wiring.py::TestAnAlreadyPresentDefect::test_a_repair_a_test_fails_names_the_test_asserting_the_defect
    the test failed against the code as delivered
  [failed] tests/test_mutation_pipeline_wiring.py::TestAnAlreadyPresentDefect::test_a_repair_every_test_passes_means_no_test_pins_the_expected_behaviour
    the test failed against the code as delivered
  [failed] tests/test_mutation_pipeline_wiring.py::TestAnAlreadyPresentDefect::test_it_is_recorded_as_its_own_outcome
    the test failed against the code as delivered
  [failed] tests/test_mutation_pipeline_wiring.py::TestAnAlreadyPresentDefect::test_it_still_reaches_the_static_judge
    the test failed against the code as delivered
  [failed] tests/test_mutation_pipeline_wiring.py::TestAnAlreadyPresentDefect::test_no_model_call_decides_validity
    the test failed against the code as delivered
  [failed] tests/test_mutation_pipeline_wiring.py::TestAnAlreadyPresentDefect::test_the_block_is_absent_when_nothing_was_already_present
    the test failed against the code as delivered
  [failed] tests/test_mutation_pipeline_wiring.py::TestAnAlreadyPresentDefect::test_the_report_flags_it_as_a_model_asserted_claim_at_the_static_tier
    the test failed against the code as delivered
  [failed] tests/test_mutation_pipeline_wiring.py::TestAnAlreadyPresentDefect::test_without_a_repair_the_claim_is_not_run
    the test failed against the code as delivered
  [failed] tests/test_mutation_pipeline_wiring.py::TestAnUnverifiedEditIsNotEvidence::test_its_defect_still_goes_to_the_static_judge
    the test failed against the code as delivered
  [failed] tests/test_mutation_pipeline_wiring.py::TestAnUnverifiedEditIsNotEvidence::test_no_executed_verdict_is_stored
    the test failed against the code as delivered
  [failed] tests/test_mutation_pipeline_wiring.py::TestAnUnverifiedEditIsNotEvidence::test_the_attempt_is_not_settled
    the test failed against the code as delivered
  [failed] tests/test_mutation_pipeline_wiring.py::TestAnUnverifiedEditIsNotEvidence::test_the_criterion_stays_at_the_static_tier
    the test failed against the code as delivered
  [failed] tests/test_mutation_pipeline_wiring.py::TestAnUnverifiedEditIsNotEvidence::test_the_report_says_the_result_is_not_counted
    the test failed against the code as delivered
  [failed] tests/test_mutation_pipeline_wiring.py::TestExecutionOffChangesNothing::test_no_descriptor_call_is_made
    the test failed against the code as delivered
  [failed] tests/test_mutation_pipeline_wiring.py::TestExecutionOffChangesNothing::test_the_criterion_stays_at_the_static_tier
    the test failed against the code as delivered
  [failed] tests/test_mutation_pipeline_wiring.py::TestExecutionOffChangesNothing::test_the_report_carries_no_execution_headings
    the test failed against the code as delivered
  [failed] tests/test_mutation_pipeline_wiring.py::TestTheBreadthSettingsReachTheRunner::test_a_kill_too_broad_for_the_configured_threshold_is_not_a_kill
    the test failed against the code as delivered
  [failed] tests/test_mutation_pipeline_wiring.py::TestTheControlRunComesFirst::test_it_runs_once_rather_than_per_defect
    the test failed against the code as delivered
  [failed] tests/test_mutation_pipeline_wiring.py::TestTheControlRunComesFirst::test_the_baseline_runs_before_any_descriptor_is_asked_for
    the test failed against the code as delivered
  [failed] tests/test_mutation_pipeline_wiring.py::TestTheRunRoutesPairsThroughTheRealPipeline::test_a_defect_with_no_kill_among_its_judged_pairs_gets_them_back
    the test failed against the code as delivered
  [failed] tests/test_mutation_pipeline_wiring.py::TestTheRunRoutesPairsThroughTheRealPipeline::test_routing_off_puts_both_tests_to_the_model
    the test failed against the code as delivered
  [failed] tests/test_mutation_pipeline_wiring.py::TestTheRunRoutesPairsThroughTheRealPipeline::test_the_fixture_really_separates_the_two_tests
    the test failed against the code as delivered
  [failed] tests/test_mutation_pipeline_wiring.py::TestTheRunRoutesPairsThroughTheRealPipeline::test_the_held_back_pair_is_recorded_rather_than_dropped
    the test failed against the code as delivered
  [failed] tests/test_mutation_pipeline_wiring.py::TestTheRunRoutesPairsThroughTheRealPipeline::test_the_report_names_where_the_defects_pairs_went
    the test failed against the code as delivered
  [failed] tests/test_mutation_pipeline_wiring.py::TestTheRunRoutesPairsThroughTheRealPipeline::test_the_test_that_kept_passing_is_never_put_to_the_model
    the test failed against the code as delivered
  [failed] tests/test_mutation_pipeline_wiring.py::TestTheStaticJudgeSeesOnlyTheRemainder::test_a_defect_injection_could_not_settle_reaches_the_static_judge
    the test failed against the code as delivered
  [failed] tests/test_mutation_pipeline_wiring.py::TestTheStaticJudgeSeesOnlyTheRemainder::test_the_pair_stage_is_asked_when_execution_is_off
    the test failed against the code as delivered
  [failed] tests/test_mutation_pipeline_wiring.py::TestTheStaticJudgeSeesOnlyTheRemainder::test_the_unsettled_defect_is_recorded_with_its_reason
    the test failed against the code as delivered
  [failed] tests/test_mutation_pipeline_wiring.py::TestTheTierRuns::test_the_descriptor_request_carries_the_surrounding_code
    the test failed against the code as delivered
  [failed] tests/test_mutation_pipeline_wiring.py::TestTheTierRuns::test_the_descriptor_stage_is_called
    the test failed against the code as delivered
  [failed] tests/test_mutation_pipeline_wiring.py::TestTheTierRuns::test_the_enumerated_behaviours_reach_the_descriptor_request
    the test failed against the code as delivered
  [failed] tests/test_mutation_pipeline_wiring.py::TestTheTierRuns::test_the_survival_is_observed_and_recorded
    the test failed against the code as delivered
  [failed] tests/test_mutation_pipeline_wiring.py::TestVerification::test_a_refused_edit_stays_static_and_goes_to_the_static_judge
    the test failed against the code as delivered
  [failed] tests/test_mutation_pipeline_wiring.py::TestVerification::test_a_verified_edit_reaches_the_executed_tier
    the test failed against the code as delivered
  [failed] tests/test_mutation_pipeline_wiring.py::TestVerification::test_nothing_runs_at_all_when_no_consumer_wants_it
    the test failed against the code as delivered
  [failed] tests/test_mutation_pipeline_wiring.py::TestVerification::test_the_default_runs_but_verifies_nothing
    the test failed against the code as delivered
  [failed] tests/test_mutation_pipeline_wiring.py::TestVerification::test_the_verifier_is_not_shown_the_tests
    the test failed against the code as delivered
  [failed] tests/test_mutation_pipeline_wiring.py::TestVerification::test_the_verifier_is_shown_the_surrounding_code
    the test failed against the code as delivered
  [failed] tests/test_mutation_pipeline_wiring.py::TestWhatIsPersistedAndRendered::test_a_deletion_shows_the_lines_it_removed
    the test failed against the code as delivered
  [failed] tests/test_mutation_pipeline_wiring.py::TestWhatIsPersistedAndRendered::test_a_set_aside_test_is_stored_and_reported
    the test failed against the code as delivered
  [failed] tests/test_mutation_pipeline_wiring.py::TestWhatIsPersistedAndRendered::test_the_injected_text_is_stored_on_the_review
    the test failed against the code as delivered
  [failed] tests/test_mutation_pipeline_wiring.py::TestWhatIsPersistedAndRendered::test_the_report_says_no_test_caught_it
    the test failed against the code as delivered
  [failed] tests/test_mutation_pipeline_wiring.py::TestWhatIsPersistedAndRendered::test_the_report_shows_the_injected_text
    the test failed against the code as delivered
  [failed] tests/test_mutation_pipeline_wiring.py::TestWhatIsPersistedAndRendered::test_the_report_shows_what_the_edit_replaced
    the test failed against the code as delivered
  [failed] tests/test_mutation_pipeline_wiring.py::TestWhenTheTestsCannotBeRunAtAll::test_no_descriptor_is_bought_when_no_test_can_be_observed
    the test failed against the code as delivered
  [failed] tests/test_mutation_pipeline_wiring.py::TestWhenTheTestsCannotBeRunAtAll::test_the_defects_still_fall_back_to_the_static_judge
    the test failed against the code as delivered
  [failed] tests/test_rerun.py::test_a_rerun_still_reports_a_gap_in_code_the_new_work_never_touched
    the test failed against the code as delivered
  [failed] tests/test_rerun.py::test_a_stale_prior_verdict_is_replaced_rather_than_surviving
    the test failed against the code as delivered
  [failed] tests/test_stage_attribution.py::test_a_real_review_run_attributes_every_call_it_made
    the test failed against the code as delivered
  [failed] tests/test_stage_attribution.py::test_the_breakdown_never_reaches_review_state
    the test failed against the code as delivered
  [failed] tests/test_stage_attribution.py::test_the_breakdown_never_reaches_the_rendered_report
    the test failed against the code as delivered
  [failed] tests/test_stage_attribution.py::test_two_runs_whose_calls_cost_different_amounts_still_agree_byte_for_byte
    the test failed against the code as delivered
  [failed] tests/test_unverified_mutation_is_inert.py::TestThroughTheWholeReview::test_a_verified_result_carries_no_such_mark
    the test failed against the code as delivered
  [failed] tests/test_unverified_mutation_is_inert.py::TestThroughTheWholeReview::test_no_stored_verdict_claims_the_executed_tier
    the test failed against the code as delivered
  [failed] tests/test_unverified_mutation_is_inert.py::TestThroughTheWholeReview::test_the_criterion_is_rated_as_if_execution_had_not_run
    the test failed against the code as delivered
  [failed] tests/test_unverified_mutation_is_inert.py::TestThroughTheWholeReview::test_the_observation_was_really_made
    the test failed against the code as delivered
  [failed] tests/test_unverified_mutation_is_inert.py::TestThroughTheWholeReview::test_the_report_says_the_result_is_not_counted
    the test failed against the code as delivered
  [failed] tests/test_unverified_mutation_is_inert.py::TestThroughTheWholeReview::test_the_static_judge_is_told_nothing_about_the_edit
    the test failed against the code as delivered
  [failed] tests/benchmark/test_rating_regression.py::test_a_judge_that_always_issues_strongly_supported_fails_the_suite
    the test passes in the project but not in an unmodified copy of it, so a failure under an injected defect could not be attributed to the defect. In the copy it was: failed
  [failed] tests/benchmark/test_rating_regression.py::test_a_judge_that_never_issues_strongly_supported_fails_the_suite
    the test passes in the project but not in an unmodified copy of it, so a failure under an injected defect could not be attributed to the defect. In the copy it was: failed
  [failed] tests/benchmark/test_rating_regression.py::test_every_scored_rating_is_the_arithmetic_over_that_case_s_own_verdicts
    the test passes in the project but not in an unmodified copy of it, so a failure under an injected defect could not be attributed to the defect. In the copy it was: failed
  [failed] tests/benchmark/test_rating_regression.py::test_running_the_suite_does_not_alter_the_judgement_stage
    the test passes in the project but not in an unmodified copy of it, so a failure under an injected defect could not be attributed to the defect. In the copy it was: failed

Evidence limitations:
  1. Judgments are static inferences unless a higher tier is recorded; the full application was not independently executed.

Next: retrieve a criterion's full recommendation with
  acceptance recommendation --criterion <id>run d175a70ee540e9e0
  continuing e0c0ad243a8456ef
  continue this run with: --continue d175a70ee540e9e0
Model usage by stage:
  stage                         model                                         calls     prompt   output  cached  this run  recorded
  ----------------------------  ----------------------  ---------------------------  ---------  -------  ------  --------  --------
  obligation linking            voyage/voyage-3.5-lite      1 (0 live / 1 replayed)        925        0       —   $0.0000   $0.0000
  defect enumeration            openai/gpt-5.4-mini       27 (0 live / 27 replayed)    164,795   11,716    0.0%   $0.0000   $0.1763
  defect-to-test pair mapping   openai/gpt-5.4-mini     408 (401 live / 7 replayed)  1,180,401  456,031    0.6%   $2.8768   $2.9324
  coverage classification       openai/gpt-5.4-mini         1 (0 live / 1 replayed)     14,725    2,262    0.0%   $0.0000   $0.0212
  unrequested-change detection  openai/gpt-5.4-mini         1 (0 live / 1 replayed)     14,015      980    0.0%   $0.0000   $0.0149
  disposition judgment          openai/gpt-5.4-mini         1 (0 live / 1 replayed)      2,378       72    0.0%   $0.0000   $0.0021
  test recommendation           openai/gpt-5.4-mini         1 (1 live / 0 replayed)     13,657    1,591    0.0%   $0.0174   $0.0174
  mutation descriptor           openai/gpt-5.4-mini       68 (0 live / 68 replayed)    336,021    9,536    0.0%   $0.0000   $0.2949
  this run spent $2.8942 on 402 live call(s); the evidence cost $3.4593 to record (106 call(s) replayed at no cost to this run)

